Year,Month,Date,Day Part,Table Type,Net Sales,# Trans,Avg / Trans,# Guests,Avg / Guest,# Tables,Avg / Table,# Guest / Trans,# Guest / Table
2022,3,1,07:00 - 07:14,Cashier,8.2,2,4.1,2,4.1,2,4.1,1,1
,,,07:15 - 07:29,Cashier,36.32,6,6.05,6,6.05,6,6.05,1,1
,,,07:30 - 07:44,Cashier,9.53,2,4.76,2,4.76,2,4.76,1,1
,,,07:45 - 07:59,Cashier,26.53,2,13.27,2,13.27,2,13.27,1,1
,,,08:00 - 08:14,Cashier,43.55,6,7.26,6,7.26,6,7.26,1,1
,,,08:15 - 08:29,Cashier,44.82,6,7.47,6,7.47,6,7.47,1,1
,,,08:30 - 08:44,Cashier,27.34,4,6.83,4,6.83,4,6.83,1,1
,,,08:45 - 08:59,Cashier,30.63,5,6.13,5,6.13,5,6.13,1,1
,,,09:00 - 09:14,Cashier,34.45,5,6.89,5,6.89,5,6.89,1,1
,,,09:15 - 09:29,Cashier,80.65,9,8.96,9,8.96,9,8.96,1,1
,,,09:30 - 09:44,Cashier,17.88,3,5.96,3,5.96,3,5.96,1,1
,,,09:45 - 09:59,Cashier,62.08,9,6.9,9,6.9,9,6.9,1,1
,,,10:00 - 10:14,Cashier,82.95,9,9.22,9,9.22,9,9.22,1,1
,,,10:15 - 10:29,Cashier,46.33,6,7.72,6,7.72,6,7.72,1,1
,,,10:30 - 10:44,Cashier,35.38,5,7.08,5,7.08,5,7.08,1,1
,,,10:45 - 10:59,Cashier,70.21,8,8.78,8,8.78,8,8.78,1,1
,,,11:00 - 11:14,Cashier,113.12,10,11.31,10,11.31,10,11.31,1,1
,,,11:15 - 11:29,Cashier,49.07,5,9.81,5,9.81,5,9.81,1,1
,,,11:30 - 11:44,Cashier,67.92,7,9.7,7,9.7,7,9.7,1,1
,,,11:45 - 11:59,Cashier,99.33,12,8.28,12,8.28,12,8.28,1,1
,,,12:00 - 12:14,Cashier,72.09,10,7.21,10,7.21,10,7.21,1,1
,,,12:15 - 12:29,Cashier,49.61,6,8.27,6,8.27,6,8.27,1,1
,,,12:30 - 12:44,Cashier,47.86,8,5.98,8,5.98,8,5.98,1,1
,,,12:45 - 12:59,Cashier,42.17,7,6.02,7,6.02,7,6.02,1,1
,,,13:00 - 13:14,Cashier,39.05,5,7.81,5,7.81,5,7.81,1,1
,,,13:15 - 13:29,Cashier,9.94,2,4.97,2,4.97,2,4.97,1,1
,,,13:30 - 13:44,Cashier,17.69,3,5.9,3,5.9,3,5.9,1,1
,,,13:45 - 13:59,Cashier,45.82,5,9.16,5,9.16,5,9.16,1,1
,,,14:00 - 14:14,Cashier,37.25,7,5.32,7,5.32,7,5.32,1,1
,,,14:15 - 14:29,Cashier,7.6,2,3.8,2,3.8,2,3.8,1,1
,,,14:30 - 14:44,Cashier,10.89,3,3.63,3,3.63,3,3.63,1,1
,,,14:45 - 14:59,Cashier,10.99,1,10.99,1,10.99,1,10.99,1,1
,,,15:00 - 15:14,Cashier,19.44,4,4.86,4,4.86,4,4.86,1,1
,,,15:15 - 15:29,Cashier,50.03,5,10.01,5,10.01,5,10.01,1,1
,,,15:30 - 15:44,Cashier,3,1,3,1,3,1,3,1,1
,,,15:45 - 15:59,Cashier,19.48,3,6.49,3,6.49,3,6.49,1,1
,,,16:00 - 16:14,Cashier,6.2,2,3.1,2,3.1,2,3.1,1,1
,,,16:15 - 16:29,Cashier,10.1,2,5.05,2,5.05,2,5.05,1,1
,,,16:30 - 16:44,Cashier,16.85,3,5.62,3,5.62,3,5.62,1,1
,,,16:45 - 16:59,Cashier,2.45,1,2.45,1,2.45,1,2.45,1,1
,,,17:00 - 17:14,Cashier,24.4,2,12.2,2,12.2,2,12.2,1,1
,,,17:15 - 17:29,Cashier,9.7,1,9.7,1,9.7,1,9.7,1,1
,,1,---,---,1538.9,204,7.54,204,7.54,204,7.54,1,1
,,2,07:00 - 07:14,Cashier,10.05,2,5.03,2,5.03,2,5.03,1,1
,,,07:15 - 07:29,Cashier,47.68,5,9.54,5,9.54,5,9.54,1,1
,,,07:30 - 07:44,Cashier,68.9,8,8.61,8,8.61,8,8.61,1,1
,,,07:45 - 07:59,Cashier,20.05,2,10.03,2,10.03,2,10.03,1,1
,,,08:00 - 08:14,Cashier,32.53,4,8.13,4,8.13,4,8.13,1,1
,,,08:15 - 08:29,Cashier,17.64,3,5.88,3,5.88,3,5.88,1,1
,,,08:30 - 08:44,Cashier,19.04,3,6.35,3,6.35,3,6.35,1,1
,,,08:45 - 08:59,Cashier,51.1,9,5.68,9,5.68,9,5.68,1,1
,,,09:00 - 09:14,Cashier,62.5,7,8.93,7,8.93,7,8.93,1,1
,,,09:15 - 09:29,Cashier,24.55,6,4.09,6,4.09,6,4.09,1,1
,,,09:30 - 09:44,Cashier,27.44,4,6.86,4,6.86,4,6.86,1,1
,,,09:45 - 09:59,Cashier,21.89,3,7.3,3,7.3,3,7.3,1,1
,,,10:00 - 10:14,Cashier,33.81,7,4.83,7,4.83,7,4.83,1,1
,,,10:15 - 10:29,Cashier,79.05,10,7.91,10,7.91,10,7.91,1,1
,,,10:30 - 10:44,Cashier,61.26,11,5.57,11,5.57,11,5.57,1,1
,,,10:45 - 10:59,Cashier,57.04,6,9.51,6,9.51,6,9.51,1,1
,,,11:00 - 11:14,Cashier,59.4,8,7.42,8,7.42,8,7.42,1,1
,,,11:15 - 11:29,Cashier,46.28,5,9.26,5,9.26,5,9.26,1,1
,,,11:30 - 11:44,Cashier,75,6,12.5,6,12.5,6,12.5,1,1
,,,11:45 - 11:59,Cashier,55.68,5,11.14,5,11.14,5,11.14,1,1
,,,12:00 - 12:14,Cashier,81.41,8,10.18,8,10.18,8,10.18,1,1
,,,12:15 - 12:29,Cashier,12.2,1,12.2,1,12.2,1,12.2,1,1
,,,12:30 - 12:44,Cashier,71.79,8,8.97,8,8.97,8,8.97,1,1
,,,12:45 - 12:59,Cashier,44.68,8,5.58,8,5.58,8,5.58,1,1
,,,13:00 - 13:14,Cashier,17.45,2,8.72,2,8.72,2,8.72,1,1
,,,13:15 - 13:29,Cashier,52.54,8,6.57,8,6.57,8,6.57,1,1
,,,13:30 - 13:44,Cashier,61.77,7,8.82,7,8.82,7,8.82,1,1
,,,13:45 - 13:59,Cashier,4.95,1,4.95,1,4.95,1,4.95,1,1
,,,14:00 - 14:14,Cashier,30.92,3,10.31,3,10.31,3,10.31,1,1
,,,14:15 - 14:29,Cashier,5.4,1,5.4,1,5.4,1,5.4,1,1
,,,14:30 - 14:44,Cashier,48.19,6,8.03,6,8.03,6,8.03,1,1
,,,14:45 - 14:59,Cashier,16.65,2,8.32,2,8.32,2,8.32,1,1
,,,15:00 - 15:14,Cashier,25.74,4,6.43,4,6.43,4,6.43,1,1
,,,15:15 - 15:29,Cashier,11.79,2,5.89,2,5.89,2,5.89,1,1
,,,15:30 - 15:44,Cashier,22.9,3,7.63,3,7.63,3,7.63,1,1
,,,15:45 - 15:59,Cashier,10.9,2,5.45,2,5.45,2,5.45,1,1
,,,16:00 - 16:14,Cashier,22.82,3,7.61,3,7.61,3,7.61,1,1
,,,16:15 - 16:29,Cashier,7.04,2,3.52,2,3.52,2,3.52,1,1
,,,16:30 - 16:44,Cashier,2.45,1,2.45,1,2.45,1,2.45,1,1
,,,16:45 - 16:59,Cashier,32.03,3,10.68,3,10.68,3,10.68,1,1
,,,17:00 - 17:14,Cashier,16.6,3,5.53,3,5.53,3,5.53,1,1
,,,17:15 - 17:29,Cashier,21.14,3,7.05,3,7.05,3,7.05,1,1
,,,17:30 - 17:44,Cashier,4.85,1,4.85,1,4.85,1,4.85,1,1
,,,17:45 - 17:59,Cashier,2.95,1,2.95,1,2.95,1,2.95,1,1
,,2,---,---,1500.05,197,7.61,197,7.61,197,7.61,1,1
,,3,07:00 - 07:14,Cashier,12.73,2,6.37,2,6.37,2,6.37,1,1
,,,07:15 - 07:29,Cashier,21.68,4,5.42,4,5.42,4,5.42,1,1
,,,07:30 - 07:44,Cashier,13.9,2,6.95,2,6.95,2,6.95,1,1
,,,07:45 - 07:59,Cashier,25.13,5,5.03,5,5.03,5,5.03,1,1
,,,08:00 - 08:14,Cashier,70.54,8,8.82,8,8.82,8,8.82,1,1
,,,08:15 - 08:29,Cashier,36.53,4,9.13,4,9.13,4,9.13,1,1
,,,08:30 - 08:44,Cashier,38.07,6,6.34,6,6.34,6,6.34,1,1
,,,08:45 - 08:59,Cashier,47,6,7.83,6,7.83,6,7.83,1,1
,,,09:00 - 09:14,Cashier,54.21,8,6.78,8,6.78,8,6.78,1,1
,,,09:15 - 09:29,Cashier,34.09,6,5.68,6,5.68,6,5.68,1,1
,,,09:30 - 09:44,Cashier,78.28,10,7.83,10,7.83,10,7.83,1,1
,,,09:45 - 09:59,Cashier,51.28,5,10.26,5,10.26,5,10.26,1,1
,,,10:00 - 10:14,Cashier,37.17,5,7.43,5,7.43,5,7.43,1,1
,,,10:15 - 10:29,Cashier,99.27,15,6.62,15,6.62,15,6.62,1,1
,,,10:30 - 10:44,Cashier,86.96,12,7.25,12,7.25,12,7.25,1,1
,,,10:45 - 10:59,Cashier,24.19,3,8.06,3,8.06,3,8.06,1,1
,,,11:00 - 11:14,Cashier,54.81,8,6.85,8,6.85,8,6.85,1,1
,,,11:15 - 11:29,Cashier,69.18,7,9.88,7,9.88,7,9.88,1,1
,,,11:30 - 11:44,Cashier,46.07,8,5.76,8,5.76,8,5.76,1,1
,,,11:45 - 11:59,Cashier,108.23,17,6.37,17,6.37,17,6.37,1,1
,,,12:00 - 12:14,Cashier,50.95,6,8.49,6,8.49,6,8.49,1,1
,,,12:15 - 12:29,Cashier,61.31,5,12.26,5,12.26,5,12.26,1,1
,,,12:30 - 12:44,Cashier,82.59,10,8.26,10,8.26,10,8.26,1,1
,,,12:45 - 12:59,Cashier,94.33,11,8.58,11,8.58,11,8.58,1,1
,,,13:00 - 13:14,Cashier,76.8,9,8.53,9,8.53,9,8.53,1,1
,,,13:15 - 13:29,Cashier,51.88,8,6.49,8,6.49,8,6.49,1,1
,,,13:30 - 13:44,Cashier,47.9,7,6.84,7,6.84,7,6.84,1,1
,,,13:45 - 13:59,Cashier,10.75,2,5.38,2,5.38,2,5.38,1,1
,,,14:00 - 14:14,Cashier,31.44,6,5.24,6,5.24,6,5.24,1,1
,,,14:30 - 14:44,Cashier,69.33,9,7.7,9,7.7,9,7.7,1,1
,,,14:45 - 14:59,Cashier,17.48,3,5.83,3,5.83,3,5.83,1,1
,,,15:00 - 15:14,Cashier,0.99,1,0.99,1,0.99,1,0.99,1,1
,,,15:15 - 15:29,Cashier,19.05,4,4.76,4,4.76,4,4.76,1,1
,,,15:30 - 15:44,Cashier,5.99,1,5.99,1,5.99,1,5.99,1,1
,,,15:45 - 15:59,Cashier,36.2,5,7.24,5,7.24,5,7.24,1,1
,,,16:00 - 16:14,Cashier,2.55,1,2.55,1,2.55,1,2.55,1,1
,,,16:15 - 16:29,Cashier,15.8,4,3.95,4,3.95,4,3.95,1,1
,,,16:45 - 16:59,Cashier,4.99,1,4.99,1,4.99,1,4.99,1,1
,,,17:00 - 17:14,Cashier,40.89,4,10.22,4,10.22,4,10.22,1,1
,,,17:15 - 17:29,Cashier,6.2,1,6.2,1,6.2,1,6.2,1,1
,,,17:30 - 17:44,Cashier,2.45,1,2.45,1,2.45,1,2.45,1,1
,,,17:45 - 17:59,Cashier,2.45,1,2.45,1,2.45,1,2.45,1,1
,,3,---,---,1741.64,241,7.23,241,7.23,241,7.23,1,1
,,4,07:00 - 07:14,Cashier,3.45,1,3.45,1,3.45,1,3.45,1,1
,,,07:15 - 07:29,Cashier,50.72,5,10.14,5,10.14,5,10.14,1,1
,,,07:30 - 07:44,Cashier,24.04,5,4.81,5,4.81,5,4.81,1,1
,,,07:45 - 07:59,Cashier,27.73,4,6.93,4,6.93,4,6.93,1,1
,,,08:00 - 08:14,Cashier,41.71,6,6.95,6,6.95,6,6.95,1,1
,,,08:15 - 08:29,Cashier,49.33,4,12.33,4,12.33,4,12.33,1,1
,,,08:30 - 08:44,Cashier,20.39,3,6.8,3,6.8,3,6.8,1,1
,,,08:45 - 08:59,Cashier,47.71,6,7.95,6,7.95,6,7.95,1,1
,,,09:00 - 09:14,Cashier,64.07,8,8.01,8,8.01,8,8.01,1,1
,,,09:15 - 09:29,Cashier,86.06,11,7.82,11,7.82,11,7.82,1,1
,,,09:30 - 09:44,Cashier,66.95,10,6.7,10,6.7,10,6.7,1,1
,,,09:45 - 09:59,Cashier,45.96,7,6.57,7,6.57,7,6.57,1,1
,,,10:00 - 10:14,Cashier,74.83,9,8.31,9,8.31,9,8.31,1,1
,,,10:15 - 10:29,Cashier,92.01,13,7.08,13,7.08,13,7.08,1,1
,,,10:30 - 10:44,Cashier,84.1,10,8.41,10,8.41,10,8.41,1,1
,,,10:45 - 10:59,Cashier,13.62,3,4.54,3,4.54,3,4.54,1,1
,,,11:00 - 11:14,Cashier,72.55,9,8.06,9,8.06,9,8.06,1,1
,,,11:15 - 11:29,Cashier,75.45,10,7.54,10,7.54,10,7.54,1,1
,,,11:30 - 11:44,Cashier,88.71,11,8.06,11,8.06,11,8.06,1,1
,,,11:45 - 11:59,Cashier,40.5,4,10.13,4,10.13,4,10.13,1,1
,,,12:00 - 12:14,Cashier,106.18,12,8.85,12,8.85,12,8.85,1,1
,,,12:15 - 12:29,Cashier,95.91,11,8.72,11,8.72,11,8.72,1,1
,,,12:30 - 12:44,Cashier,37.65,7,5.38,7,5.38,7,5.38,1,1
,,,12:45 - 12:59,Cashier,69.81,12,5.82,12,5.82,12,5.82,1,1
,,,13:00 - 13:14,Cashier,15.84,4,3.96,4,3.96,4,3.96,1,1
,,,13:15 - 13:29,Cashier,82.19,7,11.74,7,11.74,7,11.74,1,1
,,,13:30 - 13:44,Cashier,119.13,6,19.86,6,19.86,6,19.86,1,1
,,,13:45 - 13:59,Cashier,46.23,6,7.71,6,7.71,6,7.71,1,1
,,,14:00 - 14:14,Cashier,68.99,9,7.67,9,7.67,9,7.67,1,1
,,,14:15 - 14:29,Cashier,55,7,7.86,7,7.86,7,7.86,1,1
,,,14:30 - 14:44,Cashier,30.74,5,6.15,5,6.15,5,6.15,1,1
,,,14:45 - 14:59,Cashier,40.01,7,5.72,7,5.72,7,5.72,1,1
,,,15:00 - 15:14,Cashier,21.6,3,7.2,3,7.2,3,7.2,1,1
,,,15:15 - 15:29,Cashier,37,6,6.17,6,6.17,6,6.17,1,1
,,,15:30 - 15:44,Cashier,56.98,9,6.33,9,6.33,9,6.33,1,1
,,,15:45 - 15:59,Cashier,20.34,4,5.08,4,5.08,4,5.08,1,1
,,,16:15 - 16:29,Cashier,13.79,2,6.89,2,6.89,2,6.89,1,1
,,,16:30 - 16:44,Cashier,40.13,8,5.02,8,5.02,8,5.02,1,1
,,,16:45 - 16:59,Cashier,13.54,1,13.54,1,13.54,1,13.54,1,1
,,,17:00 - 17:14,Cashier,17.15,2,8.57,2,8.57,2,8.57,1,1
,,,17:15 - 17:29,Cashier,0,1,0,1,0,1,0,1,1
,,,19:30 - 19:44,Cashier,0,1,0,0,0,1,0,0,0
,,4,---,---,2058.1,269,7.65,268,7.68,269,7.65,1,1
,,5,09:00 - 09:14,Cashier,39.36,4,9.84,4,9.84,4,9.84,1,1
,,,09:15 - 09:29,Cashier,19.64,3,6.55,3,6.55,3,6.55,1,1
,,,09:30 - 09:44,Cashier,29.38,4,7.34,4,7.34,4,7.34,1,1
,,,09:45 - 09:59,Cashier,14.15,3,4.72,3,4.72,3,4.72,1,1
,,,10:00 - 10:14,Cashier,47.06,5,9.41,5,9.41,5,9.41,1,1
,,,10:15 - 10:29,Cashier,105.47,8,13.18,8,13.18,8,13.18,1,1
,,,10:30 - 10:44,Cashier,75.59,8,9.45,8,9.45,8,9.45,1,1
,,,10:45 - 10:59,Cashier,103.79,10,10.38,10,10.38,10,10.38,1,1
,,,11:00 - 11:14,Cashier,83.73,9,9.3,9,9.3,9,9.3,1,1
,,,11:15 - 11:29,Cashier,107.23,13,8.25,13,8.25,13,8.25,1,1
,,,11:30 - 11:44,Cashier,88.68,9,9.85,9,9.85,9,9.85,1,1
,,,11:45 - 11:59,Cashier,30.54,5,6.11,5,6.11,5,6.11,1,1
,,,12:00 - 12:14,Cashier,58.37,7,8.34,7,8.34,7,8.34,1,1
,,,12:15 - 12:29,Cashier,69.21,4,17.3,4,17.3,4,17.3,1,1
,,,12:30 - 12:44,Cashier,21.85,3,7.28,3,7.28,3,7.28,1,1
,,,12:45 - 12:59,Cashier,48.89,7,6.98,7,6.98,7,6.98,1,1
,,,13:00 - 13:14,Cashier,25.73,3,8.58,3,8.58,3,8.58,1,1
,,,13:15 - 13:29,Cashier,51.02,7,7.29,7,7.29,7,7.29,1,1
,,,13:30 - 13:44,Cashier,4.99,1,4.99,1,4.99,1,4.99,1,1
,,,13:45 - 13:59,Cashier,14.39,2,7.2,2,7.2,2,7.2,1,1
,,,14:00 - 14:14,Cashier,22.29,4,5.57,4,5.57,4,5.57,1,1
,,,14:15 - 14:29,Cashier,40.35,5,8.07,5,8.07,5,8.07,1,1
,,,14:30 - 14:44,Cashier,53.83,6,8.97,6,8.97,6,8.97,1,1
,,,14:45 - 14:59,Cashier,42.79,6,7.13,6,7.13,6,7.13,1,1
,,,15:00 - 15:14,Cashier,32.68,3,10.89,3,10.89,3,10.89,1,1
,,,15:15 - 15:29,Cashier,65.94,7,9.42,7,9.42,7,9.42,1,1
,,,15:30 - 15:44,Cashier,31.18,4,7.79,4,7.79,4,7.79,1,1
,,,15:45 - 15:59,Cashier,4.95,1,4.95,1,4.95,1,4.95,1,1
,,,16:00 - 16:14,Cashier,12.24,2,6.12,2,6.12,2,6.12,1,1
,,,16:15 - 16:29,Cashier,17.84,4,4.46,4,4.46,4,4.46,1,1
,,,16:30 - 16:44,Cashier,22.89,5,4.58,5,4.58,5,4.58,1,1
,,,16:45 - 16:59,Cashier,4.95,1,4.95,1,4.95,1,4.95,1,1
,,,17:00 - 17:14,Cashier,5.25,1,5.25,1,5.25,1,5.25,1,1
,,,17:15 - 17:29,Cashier,5.45,1,5.45,1,5.45,1,5.45,1,1
,,,17:30 - 17:44,Cashier,2.18,2,1.09,2,1.09,2,1.09,1,1
,,,17:45 - 17:59,Cashier,5.54,2,2.77,2,2.77,2,2.77,1,1
,,5,---,---,1409.42,169,8.34,169,8.34,169,8.34,1,1
,,6,09:00 - 09:14,Cashier,84.93,11,7.72,11,7.72,11,7.72,1,1
,,,09:15 - 09:29,Cashier,40.44,5,8.09,5,8.09,5,8.09,1,1
,,,09:30 - 09:44,Cashier,68.37,7,9.77,7,9.77,7,9.77,1,1
,,,09:45 - 09:59,Cashier,48.62,5,9.72,5,9.72,5,9.72,1,1
,,,10:00 - 10:14,Cashier,41.94,7,5.99,7,5.99,7,5.99,1,1
,,,10:15 - 10:29,Cashier,62,7,8.86,7,8.86,7,8.86,1,1
,,,10:30 - 10:44,Cashier,63.74,7,9.11,7,9.11,7,9.11,1,1
,,,10:45 - 10:59,Cashier,88.38,12,7.37,12,7.37,12,7.37,1,1
,,,11:00 - 11:14,Cashier,96.3,11,8.75,11,8.75,11,8.75,1,1
,,,11:15 - 11:29,Cashier,31.3,4,7.83,4,7.83,4,7.83,1,1
,,,11:30 - 11:44,Cashier,83.05,8,10.38,8,10.38,8,10.38,1,1
,,,11:45 - 11:59,Cashier,75.89,8,9.49,8,9.49,8,9.49,1,1
,,,12:00 - 12:14,Cashier,32.52,3,10.84,3,10.84,3,10.84,1,1
,,,12:15 - 12:29,Cashier,77.81,9,8.65,9,8.65,9,8.65,1,1
,,,12:30 - 12:44,Cashier,46.68,6,7.78,6,7.78,6,7.78,1,1
,,,12:45 - 12:59,Cashier,37.99,6,6.33,6,6.33,6,6.33,1,1
,,,13:00 - 13:14,Cashier,33.71,4,8.43,4,8.43,4,8.43,1,1
,,,13:15 - 13:29,Cashier,42.13,5,8.43,5,8.43,5,8.43,1,1
,,,13:30 - 13:44,Cashier,104.64,12,8.72,12,8.72,12,8.72,1,1
,,,13:45 - 13:59,Cashier,64.23,9,7.14,9,7.14,9,7.14,1,1
,,,14:00 - 14:14,Cashier,24.75,4,6.19,4,6.19,4,6.19,1,1
,,,14:15 - 14:29,Cashier,60.67,8,7.58,8,7.58,8,7.58,1,1
,,,14:30 - 14:44,Cashier,16.55,2,8.28,2,8.28,2,8.28,1,1
,,,14:45 - 14:59,Cashier,10.7,2,5.35,2,5.35,2,5.35,1,1
,,,15:00 - 15:14,Cashier,12.2,2,6.1,2,6.1,2,6.1,1,1
,,,15:15 - 15:29,Cashier,33.93,5,6.79,5,6.79,5,6.79,1,1
,,,15:30 - 15:44,Cashier,4.45,1,4.45,1,4.45,1,4.45,1,1
,,,16:00 - 16:14,Cashier,144.49,6,24.08,6,24.08,6,24.08,1,1
,,,16:30 - 16:44,Cashier,23.1,2,11.55,2,11.55,2,11.55,1,1
,,,16:45 - 16:59,Cashier,8.4,2,4.2,2,4.2,2,4.2,1,1
,,,17:00 - 17:14,Cashier,5.25,1,5.25,1,5.25,1,5.25,1,1
,,,17:15 - 17:29,Cashier,34.23,5,6.85,5,6.85,5,6.85,1,1
,,6,---,---,1603.39,186,8.62,186,8.62,186,8.62,1,1
,,7,07:00 - 07:14,Cashier,25.47,5,5.09,5,5.09,5,5.09,1,1
,,,07:15 - 07:29,Cashier,25.18,3,8.39,3,8.39,3,8.39,1,1
,,,07:30 - 07:44,Cashier,9.39,2,4.7,2,4.7,2,4.7,1,1
,,,07:45 - 07:59,Cashier,5.64,1,5.64,1,5.64,1,5.64,1,1
,,,08:00 - 08:14,Cashier,49.02,7,7,7,7,7,7,1,1
,,,08:15 - 08:29,Cashier,47.47,8,5.93,8,5.93,8,5.93,1,1
,,,08:30 - 08:44,Cashier,59.05,10,5.91,10,5.91,10,5.91,1,1
,,,08:45 - 08:59,Cashier,79.29,8,9.91,8,9.91,8,9.91,1,1
,,,09:00 - 09:14,Cashier,48.67,5,9.73,5,9.73,5,9.73,1,1
,,,09:15 - 09:29,Cashier,48.78,7,6.97,7,6.97,7,6.97,1,1
,,,09:30 - 09:44,Cashier,78.66,9,8.74,9,8.74,9,8.74,1,1
,,,09:45 - 09:59,Cashier,60.42,7,8.63,7,8.63,7,8.63,1,1
,,,10:00 - 10:14,Cashier,106.58,11,9.69,11,9.69,11,9.69,1,1
,,,10:15 - 10:29,Cashier,94.77,11,8.62,11,8.62,11,8.62,1,1
,,,10:30 - 10:44,Cashier,84.84,13,6.53,13,6.53,13,6.53,1,1
,,,10:45 - 10:59,Cashier,44.82,6,7.47,6,7.47,6,7.47,1,1
,,,11:00 - 11:14,Cashier,60.39,7,8.63,7,8.63,7,8.63,1,1
,,,11:15 - 11:29,Cashier,21.02,6,3.5,6,3.5,6,3.5,1,1
,,,11:30 - 11:44,Cashier,72.06,8,9.01,8,9.01,8,9.01,1,1
,,,11:45 - 11:59,Cashier,88.88,11,8.08,11,8.08,11,8.08,1,1
,,,12:00 - 12:14,Cashier,49.1,7,7.01,7,7.01,7,7.01,1,1
,,,12:15 - 12:29,Cashier,29.34,5,5.87,5,5.87,5,5.87,1,1
,,,12:30 - 12:44,Cashier,102.33,12,8.53,12,8.53,12,8.53,1,1
,,,12:45 - 12:59,Cashier,68.7,9,7.63,9,7.63,9,7.63,1,1
,,,13:00 - 13:14,Cashier,64.37,9,7.15,9,7.15,9,7.15,1,1
,,,13:15 - 13:29,Cashier,22.59,5,4.52,5,4.52,5,4.52,1,1
,,,13:30 - 13:44,Cashier,64.08,7,9.15,7,9.15,7,9.15,1,1
,,,13:45 - 13:59,Cashier,66.01,7,9.43,7,9.43,7,9.43,1,1
,,,14:00 - 14:14,Cashier,38.94,2,19.47,2,19.47,2,19.47,1,1
,,,14:15 - 14:29,Cashier,28.38,7,4.05,6,4.73,7,4.05,0.86,0.86
,,,14:30 - 14:44,Cashier,48.54,6,8.09,6,8.09,6,8.09,1,1
,,,14:45 - 14:59,Cashier,17.84,4,4.46,4,4.46,4,4.46,1,1
,,,15:00 - 15:14,Cashier,15.69,3,5.23,3,5.23,3,5.23,1,1
,,,15:15 - 15:29,Cashier,12.5,2,6.25,2,6.25,2,6.25,1,1
,,,15:30 - 15:44,Cashier,35.04,6,5.84,6,5.84,6,5.84,1,1
,,,15:45 - 15:59,Cashier,25.13,4,6.28,4,6.28,4,6.28,1,1
,,,16:00 - 16:14,Cashier,30.28,6,5.05,6,5.05,6,5.05,1,1
,,,16:30 - 16:44,Cashier,5.65,1,5.65,1,5.65,1,5.65,1,1
,,,16:45 - 16:59,Cashier,17.7,3,5.9,3,5.9,3,5.9,1,1
,,,17:15 - 17:29,Cashier,13.15,3,4.38,3,4.38,3,4.38,1,1
,,,17:30 - 17:44,Cashier,5.25,1,5.25,1,5.25,1,5.25,1,1
,,,17:45 - 17:59,Cashier,4.95,1,4.95,1,4.95,1,4.95,1,1
,,7,---,---,1875.96,255,7.36,254,7.39,255,7.36,1,1
,,8,07:00 - 07:14,Cashier,33.28,6,5.55,6,5.55,6,5.55,1,1
,,,07:15 - 07:29,Cashier,24.02,3,8.01,3,8.01,3,8.01,1,1
,,,07:30 - 07:44,Cashier,16.78,3,5.59,3,5.59,3,5.59,1,1
,,,07:45 - 07:59,Cashier,53.17,6,8.86,6,8.86,6,8.86,1,1
,,,08:00 - 08:14,Cashier,26.79,4,6.7,4,6.7,4,6.7,1,1
,,,08:15 - 08:29,Cashier,12.39,3,4.13,3,4.13,3,4.13,1,1
,,,08:30 - 08:44,Cashier,17.88,3,5.96,3,5.96,3,5.96,1,1
,,,08:45 - 08:59,Cashier,45.02,5,9,5,9,5,9,1,1
,,,09:00 - 09:14,Cashier,73.07,9,8.12,9,8.12,9,8.12,1,1
,,,09:15 - 09:29,Cashier,24.83,3,8.28,3,8.28,3,8.28,1,1
,,,09:30 - 09:44,Cashier,86.54,10,8.65,10,8.65,10,8.65,1,1
,,,09:45 - 09:59,Cashier,50.98,8,6.37,8,6.37,8,6.37,1,1
,,,10:00 - 10:14,Cashier,123.1,16,7.69,16,7.69,16,7.69,1,1
,,,10:15 - 10:29,Cashier,142.8,19,7.52,19,7.52,19,7.52,1,1
,,,10:30 - 10:44,Cashier,94.3,10,9.43,10,9.43,10,9.43,1,1
,,,10:45 - 10:59,Cashier,78.85,8,9.86,8,9.86,8,9.86,1,1
,,,11:00 - 11:14,Cashier,116.72,13,8.98,13,8.98,13,8.98,1,1
,,,11:15 - 11:29,Cashier,45.69,5,9.14,5,9.14,5,9.14,1,1
,,,11:30 - 11:44,Cashier,126.35,15,8.42,15,8.42,15,8.42,1,1
,,,11:45 - 11:59,Cashier,80.91,6,13.48,6,13.48,6,13.48,1,1
,,,12:00 - 12:14,Cashier,39.44,5,7.89,5,7.89,5,7.89,1,1
,,,12:15 - 12:29,Cashier,58.16,7,8.31,7,8.31,7,8.31,1,1
,,,12:30 - 12:44,Cashier,45.14,8,5.64,8,5.64,8,5.64,1,1
,,,12:45 - 12:59,Cashier,87.08,10,8.71,10,8.71,10,8.71,1,1
,,,13:00 - 13:14,Cashier,52.63,6,8.77,6,8.77,6,8.77,1,1
,,,13:15 - 13:29,Cashier,18.7,3,6.23,3,6.23,3,6.23,1,1
,,,13:30 - 13:44,Cashier,23.89,4,5.97,4,5.97,4,5.97,1,1
,,,13:45 - 13:59,Cashier,19.88,3,6.63,3,6.63,3,6.63,1,1
,,,14:00 - 14:14,Cashier,25.4,3,8.47,3,8.47,3,8.47,1,1
,,,14:15 - 14:29,Cashier,18.9,3,6.3,3,6.3,3,6.3,1,1
,,,14:30 - 14:44,Cashier,18.69,2,9.35,2,9.35,2,9.35,1,1
,,,14:45 - 14:59,Cashier,31.08,5,6.22,5,6.22,5,6.22,1,1
,,,15:00 - 15:14,Cashier,28.38,5,5.68,5,5.68,5,5.68,1,1
,,,15:15 - 15:29,Cashier,12.39,3,4.13,3,4.13,3,4.13,1,1
,,,15:30 - 15:44,Cashier,4.95,1,4.95,1,4.95,1,4.95,1,1
,,,15:45 - 15:59,Cashier,17.78,2,8.89,2,8.89,2,8.89,1,1
,,,16:00 - 16:14,Cashier,53.81,6,8.97,6,8.97,6,8.97,1,1
,,,16:15 - 16:29,Cashier,41.4,5,8.28,5,8.28,5,8.28,1,1
,,,16:30 - 16:44,Cashier,26.99,3,9,3,9,3,9,1,1
,,,16:45 - 16:59,Cashier,46.72,6,7.79,6,7.79,6,7.79,1,1
,,,17:00 - 17:14,Cashier,25.43,3,8.48,3,8.48,3,8.48,1,1
,,,17:15 - 17:29,Cashier,8.85,3,2.95,3,2.95,3,2.95,1,1
,,,17:30 - 17:44,Cashier,23.09,3,7.7,3,7.7,3,7.7,1,1
,,8,---,---,2002.25,254,7.88,254,7.88,254,7.88,1,1
,,9,07:00 - 07:14,Cashier,29.85,4,7.46,4,7.46,4,7.46,1,1
,,,07:15 - 07:29,Cashier,33.25,4,8.31,4,8.31,4,8.31,1,1
,,,07:30 - 07:44,Cashier,26.84,3,8.95,3,8.95,3,8.95,1,1
,,,07:45 - 07:59,Cashier,25.59,4,6.4,4,6.4,4,6.4,1,1
,,,08:00 - 08:14,Cashier,25.63,5,5.13,5,5.13,5,5.13,1,1
,,,08:15 - 08:29,Cashier,14.84,3,4.95,3,4.95,3,4.95,1,1
,,,08:30 - 08:44,Cashier,126.03,14,9,14,9,14,9,1,1
,,,08:45 - 08:59,Cashier,88.67,11,8.06,11,8.06,11,8.06,1,1
,,,09:00 - 09:14,Cashier,40.69,7,5.81,7,5.81,7,5.81,1,1
,,,09:15 - 09:29,Cashier,82.31,9,9.15,9,9.15,9,9.15,1,1
,,,09:30 - 09:44,Cashier,32.29,4,8.07,4,8.07,4,8.07,1,1
,,,09:45 - 09:59,Cashier,62.91,7,8.99,7,8.99,7,8.99,1,1
,,,10:00 - 10:14,Cashier,35.33,6,5.89,6,5.89,6,5.89,1,1
,,,10:15 - 10:29,Cashier,89.11,14,6.37,14,6.37,14,6.37,1,1
,,,10:30 - 10:44,Cashier,93.87,13,7.22,13,7.22,13,7.22,1,1
,,,10:45 - 10:59,Cashier,92.1,12,7.67,12,7.67,12,7.67,1,1
,,,11:00 - 11:14,Cashier,75.16,9,8.35,9,8.35,9,8.35,1,1
,,,11:15 - 11:29,Cashier,22.93,3,7.64,3,7.64,3,7.64,1,1
,,,11:30 - 11:44,Cashier,140.48,15,9.37,15,9.37,15,9.37,1,1
,,,11:45 - 11:59,Cashier,51.42,7,7.35,7,7.35,7,7.35,1,1
,,,12:00 - 12:14,Cashier,59.47,6,9.91,6,9.91,6,9.91,1,1
,,,12:15 - 12:29,Cashier,86.93,11,7.9,11,7.9,11,7.9,1,1
,,,12:30 - 12:44,Cashier,92.9,12,7.74,12,7.74,12,7.74,1,1
,,,12:45 - 12:59,Cashier,23.95,5,4.79,5,4.79,5,4.79,1,1
,,,13:00 - 13:14,Cashier,20.5,6,3.42,6,3.42,6,3.42,1,1
,,,13:15 - 13:29,Cashier,68.35,8,8.54,8,8.54,8,8.54,1,1
,,,13:30 - 13:44,Cashier,36.3,4,9.07,4,9.07,4,9.07,1,1
,,,13:45 - 13:59,Cashier,15.39,2,7.7,2,7.7,2,7.7,1,1
,,,14:00 - 14:14,Cashier,33.38,6,5.56,6,5.56,6,5.56,1,1
,,,14:30 - 14:44,Cashier,36.73,3,12.24,3,12.24,3,12.24,1,1
,,,14:45 - 14:59,Cashier,11.35,2,5.67,2,5.67,2,5.67,1,1
,,,15:00 - 15:14,Cashier,24.3,5,4.86,5,4.86,5,4.86,1,1
,,,15:15 - 15:29,Cashier,26.13,4,6.53,4,6.53,4,6.53,1,1
,,,15:30 - 15:44,Cashier,7.74,2,3.87,2,3.87,2,3.87,1,1
,,,15:45 - 15:59,Cashier,39.24,6,6.54,6,6.54,6,6.54,1,1
,,,16:00 - 16:14,Cashier,14.79,3,4.93,3,4.93,3,4.93,1,1
,,,16:15 - 16:29,Cashier,4.45,1,4.45,1,4.45,1,4.45,1,1
,,,16:30 - 16:44,Cashier,13.59,3,4.53,3,4.53,3,4.53,1,1
,,,16:45 - 16:59,Cashier,5.99,1,5.99,1,5.99,1,5.99,1,1
,,,17:00 - 17:14,Cashier,21.9,3,7.3,3,7.3,3,7.3,1,1
,,,17:15 - 17:29,Cashier,1.09,1,1.09,1,1.09,1,1.09,1,1
,,,17:30 - 17:44,Cashier,5.08,1,5.08,1,5.08,1,5.08,1,1
,,9,---,---,1838.85,249,7.38,249,7.38,249,7.38,1,1
,,10,08:00 - 08:14,Cashier,57.36,7,8.19,7,8.19,7,8.19,1,1
,,,08:15 - 08:29,Cashier,42.52,7,6.07,7,6.07,7,6.07,1,1
,,,08:30 - 08:44,Cashier,59.9,8,7.49,8,7.49,8,7.49,1,1
,,,08:45 - 08:59,Cashier,53.68,9,5.96,9,5.96,9,5.96,1,1
,,,09:00 - 09:14,Cashier,73.01,10,7.3,10,7.3,10,7.3,1,1
,,,09:15 - 09:29,Cashier,70.65,10,7.07,10,7.07,10,7.07,1,1
,,,09:30 - 09:44,Cashier,90.13,9,10.01,9,10.01,9,10.01,1,1
,,,09:45 - 09:59,Cashier,48.56,8,6.07,8,6.07,8,6.07,1,1
,,,10:00 - 10:14,Cashier,76.26,10,7.63,10,7.63,10,7.63,1,1
,,,10:15 - 10:29,Cashier,99.72,15,6.65,15,6.65,15,6.65,1,1
,,,10:30 - 10:44,Cashier,58.88,7,8.41,7,8.41,7,8.41,1,1
,,,10:45 - 10:59,Cashier,141.2,9,15.69,9,15.69,9,15.69,1,1
,,,11:00 - 11:14,Cashier,27.11,3,9.04,3,9.04,3,9.04,1,1
,,,11:15 - 11:29,Cashier,28.84,4,7.21,4,7.21,4,7.21,1,1
,,,11:30 - 11:44,Cashier,105.55,9,11.73,9,11.73,9,11.73,1,1
,,,11:45 - 11:59,Cashier,104.78,10,10.48,10,10.48,10,10.48,1,1
,,,12:00 - 12:14,Cashier,91.74,9,10.19,9,10.19,9,10.19,1,1
,,,12:15 - 12:29,Cashier,35.59,5,7.12,5,7.12,5,7.12,1,1
,,,12:30 - 12:44,Cashier,15.14,3,5.05,3,5.05,3,5.05,1,1
,,,12:45 - 12:59,Cashier,65.97,7,9.42,7,9.42,7,9.42,1,1
,,,13:00 - 13:14,Cashier,84.47,6,14.08,6,14.08,6,14.08,1,1
,,,13:15 - 13:29,Cashier,35.32,5,7.06,5,7.06,5,7.06,1,1
,,,13:30 - 13:44,Cashier,21.59,5,4.32,5,4.32,5,4.32,1,1
,,,13:45 - 13:59,Cashier,58.11,8,7.26,8,7.26,8,7.26,1,1
,,,14:00 - 14:14,Cashier,18.24,2,9.12,2,9.12,2,9.12,1,1
,,,14:15 - 14:29,Cashier,69.56,8,8.7,8,8.7,8,8.7,1,1
,,,14:30 - 14:44,Cashier,25.65,2,12.82,2,12.82,2,12.82,1,1
,,,14:45 - 14:59,Cashier,21.08,4,5.27,4,5.27,4,5.27,1,1
,,,15:00 - 15:14,Cashier,4.85,1,4.85,1,4.85,1,4.85,1,1
,,,15:15 - 15:29,Cashier,45.79,6,7.63,6,7.63,6,7.63,1,1
,,,15:30 - 15:44,Cashier,40.63,4,10.16,4,10.16,4,10.16,1,1
,,,15:45 - 15:59,Cashier,17.24,4,4.31,4,4.31,4,4.31,1,1
,,,16:00 - 16:14,Cashier,50.73,6,8.46,6,8.46,6,8.46,1,1
,,,16:15 - 16:29,Cashier,49.83,7,7.12,7,7.12,7,7.12,1,1
,,,16:30 - 16:44,Cashier,21.55,4,5.39,4,5.39,4,5.39,1,1
,,,16:45 - 16:59,Cashier,6.04,2,3.02,2,3.02,2,3.02,1,1
,,,17:45 - 17:59,Cashier,25.4,2,12.7,2,12.7,2,12.7,1,1
,,,18:00 - 18:14,Cashier,14.85,1,14.85,1,14.85,1,14.85,1,1
,,10,---,---,1957.52,236,8.29,236,8.29,236,8.29,1,1
,,11,07:00 - 07:14,Cashier,30.73,4,7.68,4,7.68,4,7.68,1,1
,,,07:15 - 07:29,Cashier,20.63,3,6.88,3,6.88,3,6.88,1,1
,,,07:30 - 07:44,Cashier,37.67,5,7.53,5,7.53,5,7.53,1,1
,,,07:45 - 07:59,Cashier,31.22,8,3.9,8,3.9,8,3.9,1,1
,,,08:00 - 08:14,Cashier,13.94,3,4.65,3,4.65,3,4.65,1,1
,,,08:15 - 08:29,Cashier,64.26,8,8.03,8,8.03,8,8.03,1,1
,,,08:30 - 08:44,Cashier,60.55,7,8.65,7,8.65,7,8.65,1,1
,,,08:45 - 08:59,Cashier,45.35,6,7.56,6,7.56,6,7.56,1,1
,,,09:00 - 09:14,Cashier,92.04,7,13.15,7,13.15,7,13.15,1,1
,,,09:15 - 09:29,Cashier,101.8,13,7.83,13,7.83,13,7.83,1,1
,,,09:30 - 09:44,Cashier,47.04,6,7.84,6,7.84,6,7.84,1,1
,,,09:45 - 09:59,Cashier,43.32,8,5.42,8,5.42,8,5.42,1,1
,,,10:00 - 10:14,Cashier,53.65,9,5.96,9,5.96,9,5.96,1,1
,,,10:15 - 10:29,Cashier,141.68,15,9.45,15,9.45,15,9.45,1,1
,,,10:30 - 10:44,Cashier,76.55,10,7.66,10,7.66,10,7.66,1,1
,,,10:45 - 10:59,Cashier,66.67,10,6.67,10,6.67,10,6.67,1,1
,,,11:00 - 11:14,Cashier,61.25,8,7.66,8,7.66,8,7.66,1,1
,,,11:15 - 11:29,Cashier,60.66,5,12.13,5,12.13,5,12.13,1,1
,,,11:30 - 11:44,Cashier,102.13,10,10.21,10,10.21,10,10.21,1,1
,,,11:45 - 11:59,Cashier,113.36,12,9.45,12,9.45,12,9.45,1,1
,,,12:00 - 12:14,Cashier,142.89,13,10.99,13,10.99,13,10.99,1,1
,,,12:15 - 12:29,Cashier,14.44,3,4.81,3,4.81,3,4.81,1,1
,,,12:30 - 12:44,Cashier,48.64,6,8.11,6,8.11,6,8.11,1,1
,,,12:45 - 12:59,Cashier,33.18,4,8.29,4,8.29,4,8.29,1,1
,,,13:00 - 13:14,Cashier,86.41,10,8.64,10,8.64,10,8.64,1,1
,,,13:15 - 13:29,Cashier,78.27,7,11.18,7,11.18,7,11.18,1,1
,,,13:30 - 13:44,Cashier,67.81,10,6.78,10,6.78,10,6.78,1,1
,,,13:45 - 13:59,Cashier,37.6,5,7.52,5,7.52,5,7.52,1,1
,,,14:00 - 14:14,Cashier,36.54,5,7.31,5,7.31,5,7.31,1,1
,,,14:15 - 14:29,Cashier,20.32,5,4.06,5,4.06,5,4.06,1,1
,,,14:30 - 14:44,Cashier,39.37,5,7.87,5,7.87,5,7.87,1,1
,,,14:45 - 14:59,Cashier,35.54,9,3.95,9,3.95,9,3.95,1,1
,,,15:00 - 15:14,Cashier,11.35,2,5.67,2,5.67,2,5.67,1,1
,,,15:15 - 15:29,Cashier,43.81,4,10.95,4,10.95,4,10.95,1,1
,,,15:30 - 15:44,Cashier,32,5,6.4,5,6.4,5,6.4,1,1
,,,15:45 - 15:59,Cashier,33.49,3,11.16,3,11.16,3,11.16,1,1
,,,16:00 - 16:14,Cashier,24.53,4,6.13,4,6.13,4,6.13,1,1
,,,16:15 - 16:29,Cashier,35.59,5,7.12,5,7.12,5,7.12,1,1
,,,16:30 - 16:44,Cashier,17.58,3,5.86,3,5.86,3,5.86,1,1
,,,16:45 - 16:59,Cashier,29.18,3,9.73,3,9.73,3,9.73,1,1
,,,17:00 - 17:14,Cashier,22.9,3,7.63,3,7.63,3,7.63,1,1
,,,17:15 - 17:29,Cashier,20.93,2,10.46,2,10.46,2,10.46,1,1
,,,17:30 - 17:44,Cashier,4.95,1,4.95,1,4.95,1,4.95,1,1
,,11,---,---,2181.82,274,7.96,274,7.96,274,7.96,1,1
,,12,09:00 - 09:14,Cashier,45.37,4,11.34,4,11.34,4,11.34,1,1
,,,09:15 - 09:29,Cashier,87.02,8,10.88,8,10.88,8,10.88,1,1
,,,09:30 - 09:44,Cashier,57.51,9,6.39,9,6.39,9,6.39,1,1
,,,09:45 - 09:59,Cashier,50.99,6,8.5,6,8.5,6,8.5,1,1
,,,10:00 - 10:14,Cashier,98.25,9,10.92,9,10.92,9,10.92,1,1
,,,10:15 - 10:29,Cashier,53.87,7,7.7,7,7.7,7,7.7,1,1
,,,10:30 - 10:44,Cashier,81.72,8,10.21,8,10.21,8,10.21,1,1
,,,10:45 - 10:59,Cashier,123.76,11,11.25,11,11.25,11,11.25,1,1
,,,11:00 - 11:14,Cashier,47.51,7,6.79,7,6.79,7,6.79,1,1
,,,11:15 - 11:29,Cashier,61.46,7,8.78,7,8.78,7,8.78,1,1
,,,11:30 - 11:44,Cashier,59.96,6,9.99,6,9.99,6,9.99,1,1
,,,11:45 - 11:59,Cashier,50.71,7,7.24,7,7.24,7,7.24,1,1
,,,12:00 - 12:14,Cashier,79.3,7,11.33,7,11.33,7,11.33,1,1
,,,12:15 - 12:29,Cashier,40.08,6,6.68,6,6.68,6,6.68,1,1
,,,12:30 - 12:44,Cashier,56.27,7,8.04,7,8.04,7,8.04,1,1
,,,12:45 - 12:59,Cashier,25.19,4,6.3,4,6.3,4,6.3,1,1
,,,13:00 - 13:14,Cashier,52.01,6,8.67,6,8.67,6,8.67,1,1
,,,13:15 - 13:29,Cashier,29.58,4,7.39,4,7.39,4,7.39,1,1
,,,13:30 - 13:44,Cashier,30.19,5,6.04,5,6.04,5,6.04,1,1
,,,13:45 - 13:59,Cashier,48.83,6,8.14,6,8.14,6,8.14,1,1
,,,14:00 - 14:14,Cashier,87.55,10,8.76,10,8.76,10,8.76,1,1
,,,14:15 - 14:29,Cashier,12.19,2,6.09,2,6.09,2,6.09,1,1
,,,14:30 - 14:44,Cashier,10.2,2,5.1,2,5.1,2,5.1,1,1
,,,14:45 - 14:59,Cashier,38.38,6,6.4,6,6.4,6,6.4,1,1
,,,15:00 - 15:14,Cashier,33.32,2,16.66,2,16.66,2,16.66,1,1
,,,15:15 - 15:29,Cashier,15.88,3,5.29,3,5.29,3,5.29,1,1
,,,15:30 - 15:44,Cashier,25.35,4,6.34,4,6.34,4,6.34,1,1
,,,15:45 - 15:59,Cashier,35.75,5,7.15,5,7.15,5,7.15,1,1
,,,16:00 - 16:14,Cashier,27.19,4,6.8,4,6.8,4,6.8,1,1
,,,16:15 - 16:29,Cashier,29.65,6,4.94,6,4.94,6,4.94,1,1
,,,16:30 - 16:44,Cashier,2.5,1,2.5,1,2.5,1,2.5,1,1
,,,16:45 - 16:59,Cashier,27.44,3,9.15,3,9.15,3,9.15,1,1
,,,17:00 - 17:14,Cashier,5.25,1,5.25,1,5.25,1,5.25,1,1
,,,17:30 - 17:44,Cashier,2.95,2,1.48,1,2.95,2,1.48,0.5,0.5
,,,18:00 - 18:14,Cashier,0,1,0,0,0,1,0,0,0
,,12,---,---,1533.18,186,8.24,184,8.33,186,8.24,0.99,0.99
,,13,09:00 - 09:14,Cashier,35.64,5,7.13,5,7.13,5,7.13,1,1
,,,09:15 - 09:29,Cashier,26.89,4,6.72,4,6.72,4,6.72,1,1
,,,09:30 - 09:44,Cashier,21.39,2,10.7,2,10.7,2,10.7,1,1
,,,09:45 - 09:59,Cashier,22.6,3,7.53,3,7.53,3,7.53,1,1
,,,10:00 - 10:14,Cashier,15.73,2,7.87,2,7.87,2,7.87,1,1
,,,10:15 - 10:29,Cashier,86.39,6,14.4,6,14.4,6,14.4,1,1
,,,10:30 - 10:44,Cashier,119.2,12,9.93,12,9.93,12,9.93,1,1
,,,10:45 - 10:59,Cashier,28.8,4,7.2,4,7.2,4,7.2,1,1
,,,11:00 - 11:14,Cashier,50.39,6,8.4,6,8.4,6,8.4,1,1
,,,11:15 - 11:29,Cashier,43.03,7,6.15,7,6.15,7,6.15,1,1
,,,11:30 - 11:44,Cashier,141.77,13,10.91,13,10.91,13,10.91,1,1
,,,11:45 - 11:59,Cashier,69.56,8,8.7,8,8.7,8,8.7,1,1
,,,12:00 - 12:14,Cashier,104.96,11,9.54,11,9.54,11,9.54,1,1
,,,12:15 - 12:29,Cashier,7.25,1,7.25,1,7.25,1,7.25,1,1
,,,12:30 - 12:44,Cashier,45.99,7,6.57,7,6.57,7,6.57,1,1
,,,12:45 - 12:59,Cashier,93.19,9,10.35,9,10.35,9,10.35,1,1
,,,13:00 - 13:14,Cashier,40.83,4,10.21,4,10.21,4,10.21,1,1
,,,13:15 - 13:29,Cashier,50.47,4,12.62,4,12.62,4,12.62,1,1
,,,13:30 - 13:44,Cashier,30.79,5,6.16,5,6.16,5,6.16,1,1
,,,13:45 - 13:59,Cashier,18.95,4,4.74,4,4.74,4,4.74,1,1
,,,14:00 - 14:14,Cashier,34.84,5,6.97,5,6.97,5,6.97,1,1
,,,14:15 - 14:29,Cashier,60.18,8,7.52,8,7.52,8,7.52,1,1
,,,14:30 - 14:44,Cashier,38.13,4,9.53,4,9.53,4,9.53,1,1
,,,14:45 - 14:59,Cashier,31.35,6,5.22,6,5.22,6,5.22,1,1
,,,15:00 - 15:14,Cashier,62.37,7,8.91,7,8.91,7,8.91,1,1
,,,15:15 - 15:29,Cashier,20.2,3,6.73,3,6.73,3,6.73,1,1
,,,15:30 - 15:44,Cashier,59.5,6,9.92,6,9.92,6,9.92,1,1
,,,15:45 - 15:59,Cashier,20.5,4,5.13,4,5.13,4,5.13,1,1
,,,16:00 - 16:14,Cashier,16.43,2,8.21,2,8.21,2,8.21,1,1
,,,16:15 - 16:29,Cashier,14.43,2,7.21,2,7.21,2,7.21,1,1
,,,16:30 - 16:44,Cashier,24.63,2,12.31,2,12.31,2,12.31,1,1
,,,16:45 - 16:59,Cashier,11.6,2,5.8,2,5.8,2,5.8,1,1
,,,17:00 - 17:14,Cashier,18.68,2,9.34,2,9.34,2,9.34,1,1
,,,17:15 - 17:29,Cashier,24.39,4,6.1,4,6.1,4,6.1,1,1
,,,17:45 - 17:59,Cashier,33.65,4,8.41,4,8.41,4,8.41,1,1
,,13,---,---,1524.7,178,8.57,178,8.57,178,8.57,1,1
,,14,07:00 - 07:14,Cashier,3.29,1,3.29,1,3.29,1,3.29,1,1
,,,07:15 - 07:29,Cashier,13.85,3,4.62,3,4.62,3,4.62,1,1
,,,07:30 - 07:44,Cashier,32.55,6,5.42,6,5.42,6,5.42,1,1
,,,07:45 - 07:59,Cashier,42.78,4,10.7,4,10.7,4,10.7,1,1
,,,08:00 - 08:14,Cashier,45.51,6,7.58,6,7.58,6,7.58,1,1
,,,08:15 - 08:29,Cashier,14,3,4.67,3,4.67,3,4.67,1,1
,,,08:30 - 08:44,Cashier,33.19,6,5.53,5,6.64,6,5.53,0.83,0.83
,,,08:45 - 08:59,Cashier,11.79,2,5.89,2,5.89,2,5.89,1,1
,,,09:00 - 09:14,Cashier,33.59,5,6.72,5,6.72,5,6.72,1,1
,,,09:15 - 09:29,Cashier,77.94,10,7.79,10,7.79,10,7.79,1,1
,,,09:30 - 09:44,Cashier,43.23,7,6.18,7,6.18,7,6.18,1,1
,,,09:45 - 09:59,Cashier,130.96,8,16.37,8,16.37,8,16.37,1,1
,,,10:00 - 10:14,Cashier,35.48,6,5.91,6,5.91,6,5.91,1,1
,,,10:15 - 10:29,Cashier,68.5,7,9.79,7,9.79,7,9.79,1,1
,,,10:30 - 10:44,Cashier,52.17,8,6.52,8,6.52,8,6.52,1,1
,,,10:45 - 10:59,Cashier,54.37,6,9.06,6,9.06,6,9.06,1,1
,,,11:00 - 11:14,Cashier,106.13,12,8.84,12,8.84,12,8.84,1,1
,,,11:15 - 11:29,Cashier,70.02,9,7.78,9,7.78,9,7.78,1,1
,,,11:30 - 11:44,Cashier,77.67,8,9.71,8,9.71,8,9.71,1,1
,,,11:45 - 11:59,Cashier,88.72,8,11.09,8,11.09,8,11.09,1,1
,,,12:00 - 12:14,Cashier,44.45,5,8.89,5,8.89,5,8.89,1,1
,,,12:15 - 12:29,Cashier,61.22,6,10.2,6,10.2,6,10.2,1,1
,,,12:30 - 12:44,Cashier,65.22,9,7.25,9,7.25,9,7.25,1,1
,,,12:45 - 12:59,Cashier,13.35,2,6.67,2,6.67,2,6.67,1,1
,,,13:00 - 13:14,Cashier,49.81,5,9.96,5,9.96,5,9.96,1,1
,,,13:15 - 13:29,Cashier,55.31,7,7.9,7,7.9,7,7.9,1,1
,,,13:30 - 13:44,Cashier,26.39,5,5.28,5,5.28,5,5.28,1,1
,,,13:45 - 13:59,Cashier,61.72,6,10.29,6,10.29,6,10.29,1,1
,,,14:00 - 14:14,Cashier,56.53,9,6.28,9,6.28,9,6.28,1,1
,,,14:15 - 14:29,Cashier,4.95,1,4.95,1,4.95,1,4.95,1,1
,,,14:30 - 14:44,Cashier,54.75,8,6.84,8,6.84,8,6.84,1,1
,,,14:45 - 14:59,Cashier,38.08,4,9.52,4,9.52,4,9.52,1,1
,,,15:00 - 15:14,Cashier,15.34,4,3.83,4,3.83,4,3.83,1,1
,,,15:15 - 15:29,Cashier,27.55,3,9.18,3,9.18,3,9.18,1,1
,,,15:45 - 15:59,Cashier,33.74,4,8.44,4,8.44,4,8.44,1,1
,,,16:00 - 16:14,Cashier,43.46,6,7.24,6,7.24,6,7.24,1,1
,,,16:15 - 16:29,Cashier,27.59,4,6.9,4,6.9,4,6.9,1,1
,,,16:30 - 16:44,Cashier,32.34,5,6.47,5,6.47,5,6.47,1,1
,,,16:45 - 16:59,Cashier,26.17,4,6.54,4,6.54,4,6.54,1,1
,,,17:00 - 17:14,Cashier,4.45,1,4.45,1,4.45,1,4.45,1,1
,,,17:15 - 17:29,Cashier,22.1,2,11.05,2,11.05,2,11.05,1,1
,,,17:30 - 17:44,Cashier,15.05,3,5.02,3,5.02,3,5.02,1,1
,,14,---,---,1815.31,228,7.96,227,8,228,7.96,1,1
,,15,07:00 - 07:14,Cashier,32.69,4,8.17,4,8.17,4,8.17,1,1
,,,07:15 - 07:29,Cashier,22.48,5,4.5,5,4.5,5,4.5,1,1
,,,07:30 - 07:44,Cashier,6.2,2,3.1,2,3.1,2,3.1,1,1
,,,07:45 - 07:59,Cashier,29.68,3,9.89,3,9.89,3,9.89,1,1
,,,08:00 - 08:14,Cashier,8.2,1,8.2,1,8.2,1,8.2,1,1
,,,08:15 - 08:29,Cashier,26.04,4,6.51,4,6.51,4,6.51,1,1
,,,08:30 - 08:44,Cashier,37.13,5,7.43,5,7.43,5,7.43,1,1
,,,08:45 - 08:59,Cashier,26.93,5,5.39,5,5.39,5,5.39,1,1
,,,09:00 - 09:14,Cashier,33.58,5,6.72,5,6.72,5,6.72,1,1
,,,09:15 - 09:29,Cashier,52.42,7,7.49,7,7.49,7,7.49,1,1
,,,09:30 - 09:44,Cashier,30.28,4,7.57,4,7.57,4,7.57,1,1
,,,09:45 - 09:59,Cashier,78.11,10,7.81,10,7.81,10,7.81,1,1
,,,10:00 - 10:14,Cashier,36.7,6,6.12,6,6.12,6,6.12,1,1
,,,10:15 - 10:29,Cashier,92.84,10,9.28,10,9.28,10,9.28,1,1
,,,10:30 - 10:44,Cashier,52.2,6,8.7,6,8.7,6,8.7,1,1
,,,10:45 - 10:59,Cashier,37.58,7,5.37,7,5.37,7,5.37,1,1
,,,11:00 - 11:14,Cashier,53.06,6,8.84,6,8.84,6,8.84,1,1
,,,11:15 - 11:29,Cashier,32.48,6,5.41,6,5.41,6,5.41,1,1
,,,11:30 - 11:44,Cashier,62.9,5,12.58,5,12.58,5,12.58,1,1
,,,11:45 - 11:59,Cashier,63.4,5,12.68,5,12.68,5,12.68,1,1
,,,12:00 - 12:14,Cashier,98.63,11,8.97,11,8.97,11,8.97,1,1
,,,12:15 - 12:29,Cashier,75.36,10,7.54,10,7.54,10,7.54,1,1
,,,12:30 - 12:44,Cashier,38.58,5,7.72,5,7.72,5,7.72,1,1
,,,12:45 - 12:59,Cashier,70.45,5,14.09,5,14.09,5,14.09,1,1
,,,13:00 - 13:14,Cashier,58.2,8,7.28,8,7.28,8,7.28,1,1
,,,13:15 - 13:29,Cashier,47.31,6,7.88,6,7.88,6,7.88,1,1
,,,13:30 - 13:44,Cashier,46.62,7,6.66,7,6.66,7,6.66,1,1
,,,13:45 - 13:59,Cashier,62.38,7,8.91,7,8.91,7,8.91,1,1
,,,14:00 - 14:14,Cashier,59.93,6,9.99,6,9.99,6,9.99,1,1
,,,14:15 - 14:29,Cashier,45.57,10,4.56,10,4.56,10,4.56,1,1
,,,14:30 - 14:44,Cashier,12.39,2,6.2,2,6.2,2,6.2,1,1
,,,14:45 - 14:59,Cashier,13.35,2,6.67,2,6.67,2,6.67,1,1
,,,15:00 - 15:14,Cashier,38.49,6,6.42,6,6.42,6,6.42,1,1
,,,15:15 - 15:29,Cashier,15.94,3,5.31,3,5.31,3,5.31,1,1
,,,15:30 - 15:44,Cashier,22.12,2,11.06,2,11.06,2,11.06,1,1
,,,15:45 - 15:59,Cashier,15.84,2,7.92,2,7.92,2,7.92,1,1
,,,16:00 - 16:14,Cashier,70.19,9,7.8,9,7.8,9,7.8,1,1
,,,16:15 - 16:29,Cashier,34.45,5,6.89,5,6.89,5,6.89,1,1
,,,16:30 - 16:44,Cashier,35.68,4,8.92,4,8.92,4,8.92,1,1
,,,17:00 - 17:14,Cashier,33.43,5,6.69,5,6.69,5,6.69,1,1
,,,17:15 - 17:29,Cashier,2.95,1,2.95,1,2.95,1,2.95,1,1
,,,17:30 - 17:44,Cashier,4.85,1,4.85,1,4.85,1,4.85,1,1
,,,17:45 - 17:59,Cashier,7.63,1,7.63,1,7.63,1,7.63,1,1
,,15,---,---,1725.24,224,7.7,224,7.7,224,7.7,1,1
,,16,07:00 - 07:14,Cashier,23.39,3,7.8,3,7.8,3,7.8,1,1
,,,07:15 - 07:29,Cashier,22.33,3,7.44,3,7.44,3,7.44,1,1
,,,07:30 - 07:44,Cashier,7.94,1,7.94,1,7.94,1,7.94,1,1
,,,07:45 - 07:59,Cashier,45.36,7,6.48,7,6.48,7,6.48,1,1
,,,08:00 - 08:14,Cashier,23.78,4,5.95,4,5.95,4,5.95,1,1
,,,08:15 - 08:29,Cashier,42.07,4,10.52,4,10.52,4,10.52,1,1
,,,08:45 - 08:59,Cashier,11.4,3,3.8,3,3.8,3,3.8,1,1
,,,09:00 - 09:14,Cashier,66.25,9,7.36,9,7.36,9,7.36,1,1
,,,09:15 - 09:29,Cashier,54.06,5,10.81,5,10.81,5,10.81,1,1
,,,09:30 - 09:44,Cashier,52.56,6,8.76,6,8.76,6,8.76,1,1
,,,09:45 - 09:59,Cashier,30.89,3,10.3,3,10.3,3,10.3,1,1
,,,10:00 - 10:14,Cashier,78.94,10,7.89,10,7.89,10,7.89,1,1
,,,10:15 - 10:29,Cashier,67.97,5,13.59,5,13.59,5,13.59,1,1
,,,10:30 - 10:44,Cashier,72.3,9,8.03,9,8.03,9,8.03,1,1
,,,10:45 - 10:59,Cashier,79.37,12,6.61,12,6.61,12,6.61,1,1
,,,11:00 - 11:14,Cashier,27.89,6,4.65,6,4.65,6,4.65,1,1
,,,11:15 - 11:29,Cashier,35.62,4,8.9,4,8.9,4,8.9,1,1
,,,11:30 - 11:44,Cashier,33.28,5,6.66,5,6.66,5,6.66,1,1
,,,11:45 - 11:59,Cashier,78.83,8,9.85,8,9.85,8,9.85,1,1
,,,12:00 - 12:14,Cashier,47.27,7,6.75,7,6.75,7,6.75,1,1
,,,12:15 - 12:29,Cashier,79.59,7,11.37,7,11.37,7,11.37,1,1
,,,12:30 - 12:44,Cashier,38.93,5,7.79,5,7.79,5,7.79,1,1
,,,12:45 - 12:59,Cashier,59.25,5,11.85,5,11.85,5,11.85,1,1
,,,13:00 - 13:14,Cashier,50.67,6,8.45,6,8.45,6,8.45,1,1
,,,13:15 - 13:29,Cashier,100.56,11,9.14,11,9.14,11,9.14,1,1
,,,13:30 - 13:44,Cashier,19.64,2,9.82,2,9.82,2,9.82,1,1
,,,13:45 - 13:59,Cashier,30.43,5,6.09,5,6.09,5,6.09,1,1
,,,14:00 - 14:14,Cashier,10.39,2,5.2,2,5.2,2,5.2,1,1
,,,14:15 - 14:29,Cashier,52.53,6,8.76,6,8.76,6,8.76,1,1
,,,14:30 - 14:44,Cashier,18.75,3,6.25,3,6.25,3,6.25,1,1
,,,14:45 - 14:59,Cashier,43.35,4,10.84,4,10.84,4,10.84,1,1
,,,15:00 - 15:14,Cashier,37.99,4,9.5,4,9.5,4,9.5,1,1
,,,15:15 - 15:29,Cashier,17,2,8.5,2,8.5,2,8.5,1,1
,,,15:30 - 15:44,Cashier,14.5,1,14.5,1,14.5,1,14.5,1,1
,,,15:45 - 15:59,Cashier,21,4,5.25,4,5.25,4,5.25,1,1
,,,16:00 - 16:14,Cashier,43.35,4,10.84,4,10.84,4,10.84,1,1
,,,16:15 - 16:29,Cashier,16.75,3,5.58,3,5.58,3,5.58,1,1
,,,17:00 - 17:14,Cashier,18.74,2,9.37,2,9.37,2,9.37,1,1
,,,17:15 - 17:29,Cashier,23.9,3,7.97,3,7.97,3,7.97,1,1
,,,17:30 - 17:44,Cashier,14.84,2,7.42,2,7.42,2,7.42,1,1
,,16,---,---,1613.66,195,8.28,195,8.28,195,8.28,1,1
,,17,07:00 - 07:14,Cashier,3.25,1,3.25,1,3.25,1,3.25,1,1
,,,07:15 - 07:29,Cashier,20.34,4,5.08,4,5.08,4,5.08,1,1
,,,07:30 - 07:44,Cashier,3.25,1,3.25,1,3.25,1,3.25,1,1
,,,07:45 - 07:59,Cashier,24.48,5,4.9,5,4.9,5,4.9,1,1
,,,08:00 - 08:14,Cashier,37.02,5,7.4,5,7.4,5,7.4,1,1
,,,08:15 - 08:29,Cashier,13.19,2,6.59,2,6.59,2,6.59,1,1
,,,08:30 - 08:44,Cashier,50.37,7,7.2,7,7.2,7,7.2,1,1
,,,08:45 - 08:59,Cashier,5.7,2,2.85,2,2.85,2,2.85,1,1
,,,09:00 - 09:14,Cashier,47.16,5,9.43,5,9.43,5,9.43,1,1
,,,09:15 - 09:29,Cashier,14.79,3,4.93,3,4.93,3,4.93,1,1
,,,09:30 - 09:44,Cashier,9.94,1,9.94,1,9.94,1,9.94,1,1
,,,09:45 - 09:59,Cashier,46,6,7.67,6,7.67,6,7.67,1,1
,,,10:00 - 10:14,Cashier,20.54,4,5.13,4,5.13,4,5.13,1,1
,,,10:15 - 10:29,Cashier,45.44,8,5.68,8,5.68,8,5.68,1,1
,,,10:30 - 10:44,Cashier,129.18,8,16.15,8,16.15,8,16.15,1,1
,,,10:45 - 10:59,Cashier,35.44,5,7.09,5,7.09,5,7.09,1,1
,,,11:00 - 11:14,Cashier,57.03,4,14.26,4,14.26,4,14.26,1,1
,,,11:15 - 11:29,Cashier,42.84,4,10.71,4,10.71,4,10.71,1,1
,,,11:30 - 11:44,Cashier,16.54,3,5.51,3,5.51,3,5.51,1,1
,,,11:45 - 11:59,Cashier,34.87,5,6.97,5,6.97,5,6.97,1,1
,,,12:00 - 12:14,Cashier,27.48,5,5.5,5,5.5,5,5.5,1,1
,,,12:15 - 12:29,Cashier,86.02,8,10.75,8,10.75,8,10.75,1,1
,,,12:30 - 12:44,Cashier,45.06,4,11.27,4,11.27,4,11.27,1,1
,,,12:45 - 12:59,Cashier,64.26,6,10.71,6,10.71,6,10.71,1,1
,,,13:00 - 13:14,Cashier,69.04,10,6.9,10,6.9,10,6.9,1,1
,,,13:15 - 13:29,Cashier,24.38,4,6.09,4,6.09,4,6.09,1,1
,,,13:45 - 13:59,Cashier,25.89,4,6.47,4,6.47,4,6.47,1,1
,,,14:00 - 14:14,Cashier,39.69,3,13.23,3,13.23,3,13.23,1,1
,,,14:15 - 14:29,Cashier,26.7,6,4.45,6,4.45,6,4.45,1,1
,,,14:30 - 14:44,Cashier,9.25,2,4.63,2,4.63,2,4.63,1,1
,,,14:45 - 14:59,Cashier,22.54,2,11.27,2,11.27,2,11.27,1,1
,,,15:00 - 15:14,Cashier,39.3,3,13.1,3,13.1,3,13.1,1,1
,,,15:30 - 15:44,Cashier,5.25,1,5.25,1,5.25,1,5.25,1,1
,,,15:45 - 15:59,Cashier,57.52,5,11.5,5,11.5,5,11.5,1,1
,,17,---,---,1199.75,146,8.22,146,8.22,146,8.22,1,1
,,18,07:00 - 07:14,Cashier,44.86,5,8.97,5,8.97,5,8.97,1,1
,,,07:15 - 07:29,Cashier,31.71,4,7.93,4,7.93,4,7.93,1,1
,,,07:30 - 07:44,Cashier,9.94,1,9.94,1,9.94,1,9.94,1,1
,,,08:00 - 08:14,Cashier,3.45,1,3.45,1,3.45,1,3.45,1,1
,,,08:15 - 08:29,Cashier,12.15,3,4.05,3,4.05,3,4.05,1,1
,,,08:30 - 08:44,Cashier,13.9,3,4.63,3,4.63,3,4.63,1,1
,,,08:45 - 08:59,Cashier,3.25,1,3.25,1,3.25,1,3.25,1,1
,,,09:00 - 09:14,Cashier,24.79,4,6.2,4,6.2,4,6.2,1,1
,,,09:15 - 09:29,Cashier,20.14,3,6.71,3,6.71,3,6.71,1,1
,,,09:30 - 09:44,Cashier,21.69,3,7.23,3,7.23,3,7.23,1,1
,,,09:45 - 09:59,Cashier,21.93,3,7.31,3,7.31,3,7.31,1,1
,,,10:00 - 10:14,Cashier,81.99,12,6.83,12,6.83,12,6.83,1,1
,,,10:15 - 10:29,Cashier,103.74,12,8.64,12,8.64,12,8.64,1,1
,,,10:30 - 10:44,Cashier,55.07,6,9.18,6,9.18,6,9.18,1,1
,,,10:45 - 10:59,Cashier,28.37,4,7.09,4,7.09,4,7.09,1,1
,,,11:00 - 11:14,Cashier,9.95,2,4.97,2,4.97,2,4.97,1,1
,,,11:15 - 11:29,Cashier,56.08,6,9.35,6,9.35,6,9.35,1,1
,,,11:30 - 11:44,Cashier,71.5,7,10.21,7,10.21,7,10.21,1,1
,,,11:45 - 11:59,Cashier,37.33,4,9.33,4,9.33,4,9.33,1,1
,,,12:00 - 12:14,Cashier,35.37,4,8.84,4,8.84,4,8.84,1,1
,,,12:15 - 12:29,Cashier,22.64,3,7.55,3,7.55,3,7.55,1,1
,,,12:30 - 12:44,Cashier,44.07,4,11.02,4,11.02,4,11.02,1,1
,,,12:45 - 12:59,Cashier,38.48,3,12.83,3,12.83,3,12.83,1,1
,,,13:00 - 13:14,Cashier,41.78,5,8.36,5,8.36,5,8.36,1,1
,,,13:15 - 13:29,Cashier,8.3,2,4.15,2,4.15,2,4.15,1,1
,,,13:30 - 13:44,Cashier,23.38,3,7.79,3,7.79,3,7.79,1,1
,,,13:45 - 13:59,Cashier,36.38,4,9.1,4,9.1,4,9.1,1,1
,,,14:00 - 14:14,Cashier,44.69,4,11.17,4,11.17,4,11.17,1,1
,,,14:15 - 14:29,Cashier,36.04,4,9.01,4,9.01,4,9.01,1,1
,,,14:30 - 14:44,Cashier,10.25,1,10.25,1,10.25,1,10.25,1,1
,,,14:45 - 14:59,Cashier,34.02,6,5.67,6,5.67,6,5.67,1,1
,,,15:15 - 15:29,Cashier,8,2,4,2,4,2,4,1,1
,,,15:30 - 15:44,Cashier,11.35,3,3.78,3,3.78,3,3.78,1,1
,,,15:45 - 15:59,Cashier,4.95,1,4.95,1,4.95,1,4.95,1,1
,,18,---,---,1051.54,133,7.91,133,7.91,133,7.91,1,1
,,21,08:00 - 08:14,Cashier,34.53,4,8.63,4,8.63,4,8.63,1,1
,,,08:15 - 08:29,Cashier,29.61,6,4.93,6,4.93,6,4.93,1,1
,,,08:45 - 08:59,Cashier,39.69,5,7.94,5,7.94,5,7.94,1,1
,,,09:00 - 09:14,Cashier,8.29,3,2.76,3,2.76,3,2.76,1,1
,,,09:15 - 09:29,Cashier,9.25,3,3.08,3,3.08,3,3.08,1,1
,,,09:45 - 09:59,Cashier,13.69,2,6.84,2,6.84,2,6.84,1,1
,,,10:00 - 10:14,Cashier,23.82,4,5.96,4,5.96,4,5.96,1,1
,,,10:15 - 10:29,Cashier,33.13,2,16.57,2,16.57,2,16.57,1,1
,,,10:30 - 10:44,Cashier,30.69,4,7.67,4,7.67,4,7.67,1,1
,,,10:45 - 10:59,Cashier,13.55,4,3.39,4,3.39,4,3.39,1,1
,,,11:00 - 11:14,Cashier,27.08,3,9.03,3,9.03,3,9.03,1,1
,,,11:30 - 11:44,Cashier,5.95,1,5.95,1,5.95,1,5.95,1,1
,,,11:45 - 11:59,Cashier,39.49,6,6.58,6,6.58,6,6.58,1,1
,,,12:00 - 12:14,Cashier,22.48,4,5.62,4,5.62,4,5.62,1,1
,,,12:15 - 12:29,Cashier,68.23,6,11.37,6,11.37,6,11.37,1,1
,,,12:30 - 12:44,Cashier,44.77,5,8.95,5,8.95,5,8.95,1,1
,,,12:45 - 12:59,Cashier,27.63,4,6.91,4,6.91,4,6.91,1,1
,,,13:00 - 13:14,Cashier,6.6,2,3.3,2,3.3,2,3.3,1,1
,,,13:30 - 13:44,Cashier,4.95,1,4.95,1,4.95,1,4.95,1,1
,,,13:45 - 13:59,Cashier,18.14,2,9.07,2,9.07,2,9.07,1,1
,,,14:00 - 14:14,Cashier,6.7,2,3.35,2,3.35,2,3.35,1,1
,,,14:30 - 14:44,Cashier,11.35,2,5.67,2,5.67,2,5.67,1,1
,,,14:45 - 14:59,Cashier,30.25,3,10.08,3,10.08,3,10.08,1,1
,,,15:00 - 15:14,Cashier,10.9,2,5.45,2,5.45,2,5.45,1,1
,,,15:30 - 15:44,Cashier,15.15,4,3.79,4,3.79,4,3.79,1,1
,,,15:45 - 15:59,Cashier,18.7,3,6.23,3,6.23,3,6.23,1,1
,,21,---,---,594.62,87,6.83,87,6.83,87,6.83,1,1
,,22,08:00 - 08:14,Cashier,47.39,5,9.48,5,9.48,5,9.48,1,1
,,,08:15 - 08:29,Cashier,17.14,3,5.71,3,5.71,3,5.71,1,1
,,,08:45 - 08:59,Cashier,22.38,3,7.46,3,7.46,3,7.46,1,1
,,,09:00 - 09:14,Cashier,17.88,2,8.94,2,8.94,2,8.94,1,1
,,,09:15 - 09:29,Cashier,28.28,3,9.43,3,9.43,3,9.43,1,1
,,,09:30 - 09:44,Cashier,19.15,2,9.57,2,9.57,2,9.57,1,1
,,,09:45 - 09:59,Cashier,34.28,4,8.57,4,8.57,4,8.57,1,1
,,,10:00 - 10:14,Cashier,26.07,5,5.21,5,5.21,5,5.21,1,1
,,,10:15 - 10:29,Cashier,40.23,6,6.71,6,6.71,6,6.71,1,1
,,,10:30 - 10:44,Cashier,20.74,2,10.37,2,10.37,2,10.37,1,1
,,,11:00 - 11:14,Cashier,5.45,1,5.45,1,5.45,1,5.45,1,1
,,,11:15 - 11:29,Cashier,22.99,3,7.66,3,7.66,3,7.66,1,1
,,,11:30 - 11:44,Cashier,10.25,1,10.25,1,10.25,1,10.25,1,1
,,,11:45 - 11:59,Cashier,20.93,3,6.98,3,6.98,3,6.98,1,1
,,,12:00 - 12:14,Cashier,48.73,5,9.75,5,9.75,5,9.75,1,1
,,,12:15 - 12:29,Cashier,16.58,4,4.14,4,4.14,4,4.14,1,1
,,,12:30 - 12:44,Cashier,25.9,3,8.63,3,8.63,3,8.63,1,1
,,,12:45 - 12:59,Cashier,6,2,3,2,3,2,3,1,1
,,,13:30 - 13:44,Cashier,37.93,2,18.96,2,18.96,2,18.96,1,1
,,,13:45 - 13:59,Cashier,9.34,1,9.34,1,9.34,1,9.34,1,1
,,,14:00 - 14:14,Cashier,21.6,2,10.8,2,10.8,2,10.8,1,1
,,,14:45 - 14:59,Cashier,18.69,3,6.23,3,6.23,3,6.23,1,1
,,,15:15 - 15:29,Cashier,5.85,1,5.85,1,5.85,1,5.85,1,1
,,,15:30 - 15:44,Cashier,12.55,2,6.28,2,6.28,2,6.28,1,1
,,,15:45 - 15:59,Cashier,2.95,1,2.95,1,2.95,1,2.95,1,1
,,22,---,---,539.28,69,7.82,69,7.82,69,7.82,1,1
,,23,08:00 - 08:14,Cashier,30.98,4,7.75,4,7.75,4,7.75,1,1
,,,08:15 - 08:29,Cashier,2.65,1,2.65,1,2.65,1,2.65,1,1
,,,08:30 - 08:44,Cashier,9.44,1,9.44,1,9.44,1,9.44,1,1
,,,08:45 - 08:59,Cashier,15.04,2,7.52,2,7.52,2,7.52,1,1
,,,09:00 - 09:14,Cashier,42.64,6,7.11,6,7.11,6,7.11,1,1
,,,09:15 - 09:29,Cashier,22.59,3,7.53,3,7.53,3,7.53,1,1
,,,09:30 - 09:44,Cashier,25.48,4,6.37,4,6.37,4,6.37,1,1
,,,10:00 - 10:14,Cashier,46.1,8,5.76,8,5.76,8,5.76,1,1
,,,10:15 - 10:29,Cashier,23.79,5,4.76,5,4.76,5,4.76,1,1
,,,10:30 - 10:44,Cashier,17.04,3,5.68,3,5.68,3,5.68,1,1
,,,10:45 - 10:59,Cashier,17.93,2,8.96,2,8.96,2,8.96,1,1
,,,11:00 - 11:14,Cashier,6.1,2,3.05,2,3.05,2,3.05,1,1
,,,11:15 - 11:29,Cashier,28.33,3,9.44,3,9.44,3,9.44,1,1
,,,11:30 - 11:44,Cashier,5.45,1,5.45,1,5.45,1,5.45,1,1
,,,11:45 - 11:59,Cashier,3.75,1,3.75,1,3.75,1,3.75,1,1
,,,12:15 - 12:29,Cashier,28.73,4,7.18,4,7.18,4,7.18,1,1
,,,12:30 - 12:44,Cashier,14.64,3,4.88,3,4.88,3,4.88,1,1
,,,12:45 - 12:59,Cashier,11.2,2,5.6,2,5.6,2,5.6,1,1
,,,13:00 - 13:14,Cashier,4.95,1,4.95,1,4.95,1,4.95,1,1
,,,13:15 - 13:29,Cashier,16.19,1,16.19,1,16.19,1,16.19,1,1
,,,13:30 - 13:44,Cashier,14.89,2,7.45,2,7.45,2,7.45,1,1
,,,13:45 - 13:59,Cashier,15.99,3,5.33,3,5.33,3,5.33,1,1
,,,14:00 - 14:14,Cashier,26.24,3,8.75,3,8.75,3,8.75,1,1
,,,14:15 - 14:29,Cashier,39.09,6,6.51,6,6.51,6,6.51,1,1
,,,14:30 - 14:44,Cashier,25.25,4,6.31,4,6.31,4,6.31,1,1
,,,14:45 - 14:59,Cashier,22.69,1,22.69,1,22.69,1,22.69,1,1
,,,15:30 - 15:44,Cashier,0.5,1,0.5,1,0.5,1,0.5,1,1
,,,15:45 - 15:59,Cashier,11.15,2,5.58,2,5.58,2,5.58,1,1
,,23,---,---,528.82,79,6.69,79,6.69,79,6.69,1,1
,,24,08:00 - 08:14,Cashier,21.69,4,5.42,4,5.42,4,5.42,1,1
,,,08:15 - 08:29,Cashier,39.38,6,6.56,6,6.56,6,6.56,1,1
,,,08:30 - 08:44,Cashier,25.08,4,6.27,4,6.27,4,6.27,1,1
,,,08:45 - 08:59,Cashier,59.77,7,8.54,7,8.54,7,8.54,1,1
,,,09:00 - 09:14,Cashier,11.4,2,5.7,2,5.7,2,5.7,1,1
,,,09:15 - 09:29,Cashier,17.84,3,5.95,3,5.95,3,5.95,1,1
,,,09:30 - 09:44,Cashier,23.88,3,7.96,3,7.96,3,7.96,1,1
,,,09:45 - 09:59,Cashier,9.15,2,4.58,2,4.58,2,4.58,1,1
,,,10:00 - 10:14,Cashier,36.31,4,9.08,4,9.08,4,9.08,1,1
,,,10:15 - 10:29,Cashier,30.63,5,6.13,5,6.13,5,6.13,1,1
,,,10:45 - 10:59,Cashier,12.89,2,6.45,2,6.45,2,6.45,1,1
,,,11:00 - 11:14,Cashier,6.75,1,6.75,1,6.75,1,6.75,1,1
,,,11:15 - 11:29,Cashier,21.34,4,5.33,4,5.33,4,5.33,1,1
,,,11:30 - 11:44,Cashier,20.97,3,6.99,3,6.99,3,6.99,1,1
,,,11:45 - 11:59,Cashier,45.42,5,9.08,5,9.08,5,9.08,1,1
,,,12:00 - 12:14,Cashier,26.99,5,5.4,5,5.4,5,5.4,1,1
,,,12:15 - 12:29,Cashier,34.52,5,6.9,5,6.9,5,6.9,1,1
,,,12:30 - 12:44,Cashier,13.19,2,6.59,2,6.59,2,6.59,1,1
,,,12:45 - 12:59,Cashier,12.14,3,4.05,3,4.05,3,4.05,1,1
,,,13:15 - 13:29,Cashier,2.65,1,2.65,1,2.65,1,2.65,1,1
,,,13:30 - 13:44,Cashier,15.89,2,7.95,2,7.95,2,7.95,1,1
,,,13:45 - 13:59,Cashier,3.35,1,3.35,1,3.35,1,3.35,1,1
,,,14:00 - 14:14,Cashier,33.94,5,6.79,5,6.79,5,6.79,1,1
,,,14:15 - 14:29,Cashier,4.99,1,4.99,1,4.99,1,4.99,1,1
,,,14:30 - 14:44,Cashier,8.4,1,8.4,1,8.4,1,8.4,1,1
,,,14:45 - 14:59,Cashier,7.45,1,7.45,1,7.45,1,7.45,1,1
,,,15:00 - 15:14,Cashier,22.94,3,7.65,3,7.65,3,7.65,1,1
,,,15:15 - 15:29,Cashier,10.94,1,10.94,1,10.94,1,10.94,1,1
,,,15:30 - 15:44,Cashier,15.5,2,7.75,2,7.75,2,7.75,1,1
,,,15:45 - 15:59,Cashier,6.1,2,3.05,2,3.05,2,3.05,1,1
,,,16:00 - 16:14,Cashier,4.45,1,4.45,1,4.45,1,4.45,1,1
,,24,---,---,605.94,91,6.66,91,6.66,91,6.66,1,1
,,25,08:00 - 08:14,Cashier,46.15,6,7.69,6,7.69,6,7.69,1,1
,,,08:15 - 08:29,Cashier,3.25,1,3.25,1,3.25,1,3.25,1,1
,,,08:30 - 08:44,Cashier,22.74,4,5.68,4,5.68,4,5.68,1,1
,,,08:45 - 08:59,Cashier,4.99,1,4.99,1,4.99,1,4.99,1,1
,,,09:00 - 09:14,Cashier,13.94,2,6.97,2,6.97,2,6.97,1,1
,,,09:15 - 09:29,Cashier,3.25,1,3.25,1,3.25,1,3.25,1,1
,,,09:30 - 09:44,Cashier,59.18,8,7.4,8,7.4,8,7.4,1,1
,,,09:45 - 09:59,Cashier,12.4,2,6.2,2,6.2,2,6.2,1,1
,,,10:00 - 10:14,Cashier,4.35,1,4.35,1,4.35,1,4.35,1,1
,,,10:15 - 10:29,Cashier,18.93,3,6.31,3,6.31,3,6.31,1,1
,,,10:30 - 10:44,Cashier,31.49,4,7.87,4,7.87,4,7.87,1,1
,,,10:45 - 10:59,Cashier,33.92,4,8.48,4,8.48,4,8.48,1,1
,,,11:00 - 11:14,Cashier,8.44,1,8.44,1,8.44,1,8.44,1,1
,,,11:15 - 11:29,Cashier,20.85,4,5.21,4,5.21,4,5.21,1,1
,,,11:30 - 11:44,Cashier,4.95,1,4.95,1,4.95,1,4.95,1,1
,,,11:45 - 11:59,Cashier,8.44,2,4.22,2,4.22,2,4.22,1,1
,,,12:00 - 12:14,Cashier,12.55,2,6.28,2,6.28,2,6.28,1,1
,,,12:15 - 12:29,Cashier,17.4,2,8.7,2,8.7,2,8.7,1,1
,,,12:30 - 12:44,Cashier,42.86,4,10.71,4,10.71,4,10.71,1,1
,,,12:45 - 12:59,Cashier,29.72,4,7.43,4,7.43,4,7.43,1,1
,,,13:00 - 13:14,Cashier,3,1,3,1,3,1,3,1,1
,,,13:15 - 13:29,Cashier,27.27,4,6.82,4,6.82,4,6.82,1,1
,,,13:30 - 13:44,Cashier,38.77,3,12.92,3,12.92,3,12.92,1,1
,,,13:45 - 13:59,Cashier,6.9,1,6.9,1,6.9,1,6.9,1,1
,,,14:00 - 14:14,Cashier,14.79,2,7.39,2,7.39,2,7.39,1,1
,,,14:15 - 14:29,Cashier,9,2,4.5,2,4.5,2,4.5,1,1
,,,14:45 - 14:59,Cashier,6.14,2,3.07,2,3.07,2,3.07,1,1
,,,15:00 - 15:14,Cashier,33.2,3,11.07,3,11.07,3,11.07,1,1
,,,15:15 - 15:29,Cashier,15.25,2,7.63,2,7.63,2,7.63,1,1
,,,15:30 - 15:44,Cashier,5.45,1,5.45,1,5.45,1,5.45,1,1
,,,15:45 - 15:59,Cashier,8.7,2,4.35,2,4.35,2,4.35,1,1
,,,16:00 - 16:14,Cashier,0,1,0,0,0,1,0,0,0
,,25,---,---,568.27,81,7.02,80,7.1,81,7.02,0.99,0.99
,,26,09:00 - 09:14,Cashier,32.92,3,10.97,3,10.97,3,10.97,1,1
,,,09:15 - 09:29,Cashier,5.75,1,5.75,1,5.75,1,5.75,1,1
,,,09:30 - 09:44,Cashier,7.48,1,7.48,1,7.48,1,7.48,1,1
,,,10:00 - 10:14,Cashier,57.92,3,19.31,3,19.31,3,19.31,1,1
,,,10:15 - 10:29,Cashier,33.22,5,6.64,5,6.64,5,6.64,1,1
,,,10:30 - 10:44,Cashier,31.94,2,15.97,2,15.97,2,15.97,1,1
,,,10:45 - 10:59,Cashier,8.94,1,8.94,1,8.94,1,8.94,1,1
,,,11:00 - 11:14,Cashier,60.12,4,15.03,4,15.03,4,15.03,1,1
,,,11:15 - 11:29,Cashier,41.42,3,13.81,3,13.81,3,13.81,1,1
,,,11:30 - 11:44,Cashier,8.24,1,8.24,1,8.24,1,8.24,1,1
,,,11:45 - 11:59,Cashier,16.78,2,8.39,2,8.39,2,8.39,1,1
,,,12:00 - 12:14,Cashier,18.8,3,6.27,3,6.27,3,6.27,1,1
,,,12:15 - 12:29,Cashier,17.64,3,5.88,3,5.88,3,5.88,1,1
,,,12:30 - 12:44,Cashier,30,3,10,3,10,3,10,1,1
,,,12:45 - 12:59,Cashier,35.26,6,5.88,6,5.88,6,5.88,1,1
,,,13:00 - 13:14,Cashier,10.24,2,5.12,2,5.12,2,5.12,1,1
,,,13:15 - 13:29,Cashier,44.92,3,14.97,3,14.97,3,14.97,1,1
,,,13:30 - 13:44,Cashier,7.14,1,7.14,1,7.14,1,7.14,1,1
,,,13:45 - 13:59,Cashier,13.89,2,6.95,2,6.95,2,6.95,1,1
,,,14:00 - 14:14,Cashier,12.45,2,6.22,1,12.45,2,6.22,0.5,0.5
,,,14:15 - 14:29,Cashier,26.62,2,13.31,2,13.31,2,13.31,1,1
,,,14:30 - 14:44,Cashier,44.05,6,7.34,6,7.34,6,7.34,1,1
,,,14:45 - 14:59,Cashier,22.48,2,11.24,2,11.24,2,11.24,1,1
,,,15:00 - 15:14,Cashier,4.95,1,4.95,1,4.95,1,4.95,1,1
,,,15:15 - 15:29,Cashier,8.7,2,4.35,2,4.35,2,4.35,1,1
,,,15:30 - 15:44,Cashier,23.23,3,7.74,3,7.74,3,7.74,1,1
,,,16:15 - 16:29,Cashier,17.68,3,5.89,3,5.89,3,5.89,1,1
,,,16:45 - 16:59,Cashier,2.75,1,2.75,1,2.75,1,2.75,1,1
,,,17:15 - 17:29,Cashier,0,1,0,0,0,1,0,0,0
,,26,---,---,645.53,72,8.97,70,9.22,72,8.97,0.97,0.97
,,27,09:00 - 09:14,Cashier,4.95,1,4.95,1,4.95,1,4.95,1,1
,,,09:15 - 09:29,Cashier,36.83,5,7.37,5,7.37,5,7.37,1,1
,,,09:30 - 09:44,Cashier,16.25,1,16.25,1,16.25,1,16.25,1,1
,,,10:00 - 10:14,Cashier,24.93,4,6.23,4,6.23,4,6.23,1,1
,,,10:15 - 10:29,Cashier,7.99,1,7.99,1,7.99,1,7.99,1,1
,,,10:30 - 10:44,Cashier,24.15,4,6.04,4,6.04,4,6.04,1,1
,,,10:45 - 10:59,Cashier,37.84,5,7.57,5,7.57,5,7.57,1,1
,,,11:00 - 11:14,Cashier,80.32,9,8.92,9,8.92,9,8.92,1,1
,,,11:15 - 11:29,Cashier,23.4,2,11.7,2,11.7,2,11.7,1,1
,,,11:30 - 11:44,Cashier,17.44,4,4.36,4,4.36,4,4.36,1,1
,,,11:45 - 11:59,Cashier,10.25,2,5.13,2,5.13,2,5.13,1,1
,,,12:00 - 12:14,Cashier,4.35,1,4.35,1,4.35,1,4.35,1,1
,,,12:30 - 12:44,Cashier,34.98,4,8.74,4,8.74,4,8.74,1,1
,,,12:45 - 12:59,Cashier,16.19,2,8.1,2,8.1,2,8.1,1,1
,,,13:00 - 13:14,Cashier,52.19,5,10.44,5,10.44,5,10.44,1,1
,,,13:15 - 13:29,Cashier,43.29,5,8.66,5,8.66,5,8.66,1,1
,,,13:30 - 13:44,Cashier,23.63,4,5.91,4,5.91,4,5.91,1,1
,,,13:45 - 13:59,Cashier,10.59,2,5.29,2,5.29,2,5.29,1,1
,,,14:00 - 14:14,Cashier,39.29,3,13.1,3,13.1,3,13.1,1,1
,,,14:15 - 14:29,Cashier,56.31,6,9.38,6,9.38,6,9.38,1,1
,,,14:30 - 14:44,Cashier,18.68,2,9.34,2,9.34,2,9.34,1,1
,,,14:45 - 14:59,Cashier,5.9,1,5.9,1,5.9,1,5.9,1,1
,,,15:15 - 15:29,Cashier,29.62,6,4.94,6,4.94,6,4.94,1,1
,,,15:30 - 15:44,Cashier,38.33,5,7.67,5,7.67,5,7.67,1,1
,,,15:45 - 15:59,Cashier,14.53,2,7.26,2,7.26,2,7.26,1,1
,,,16:00 - 16:14,Cashier,29.1,4,7.28,4,7.28,4,7.28,1,1
,,,16:15 - 16:29,Cashier,19.5,3,6.5,3,6.5,3,6.5,1,1
,,,16:30 - 16:44,Cashier,51.3,6,8.55,6,8.55,6,8.55,1,1
,,,16:45 - 16:59,Cashier,8.84,1,8.84,1,8.84,1,8.84,1,1
,,27,---,---,780.97,100,7.81,100,7.81,100,7.81,1,1
,,28,07:00 - 07:14,Cashier,9,1,9,1,9,1,9,1,1
,,,07:15 - 07:29,Cashier,49.25,8,6.16,8,6.16,8,6.16,1,1
,,,07:30 - 07:44,Cashier,58.05,8,7.26,8,7.26,8,7.26,1,1
,,,07:45 - 07:59,Cashier,27.02,4,6.75,4,6.75,4,6.75,1,1
,,,08:00 - 08:14,Cashier,69.55,9,7.73,9,7.73,9,7.73,1,1
,,,08:15 - 08:29,Cashier,39.34,6,6.56,6,6.56,6,6.56,1,1
,,,08:30 - 08:44,Cashier,26.62,4,6.66,4,6.66,4,6.66,1,1
,,,08:45 - 08:59,Cashier,55.01,6,9.17,6,9.17,6,9.17,1,1
,,,09:00 - 09:14,Cashier,80,8,10,8,10,8,10,1,1
,,,09:15 - 09:29,Cashier,60.96,7,8.71,7,8.71,7,8.71,1,1
,,,09:30 - 09:44,Cashier,93.9,11,8.54,11,8.54,11,8.54,1,1
,,,09:45 - 09:59,Cashier,91,11,8.27,11,8.27,11,8.27,1,1
,,,10:00 - 10:14,Cashier,121.25,14,8.66,14,8.66,14,8.66,1,1
,,,10:15 - 10:29,Cashier,61.86,10,6.19,10,6.19,10,6.19,1,1
,,,10:30 - 10:44,Cashier,51.13,8,6.39,8,6.39,8,6.39,1,1
,,,10:45 - 10:59,Cashier,42.04,6,7.01,6,7.01,6,7.01,1,1
,,,11:00 - 11:14,Cashier,37.69,5,7.54,5,7.54,5,7.54,1,1
,,,11:15 - 11:29,Cashier,4.95,1,4.95,1,4.95,1,4.95,1,1
,,,11:30 - 11:44,Cashier,55.17,8,6.9,8,6.9,8,6.9,1,1
,,,11:45 - 11:59,Cashier,110.29,10,11.03,10,11.03,10,11.03,1,1
,,,12:00 - 12:14,Cashier,47.62,8,5.95,8,5.95,8,5.95,1,1
,,,12:15 - 12:29,Cashier,50.3,6,8.38,6,8.38,6,8.38,1,1
,,,12:30 - 12:44,Cashier,100.76,11,9.16,11,9.16,11,9.16,1,1
,,,12:45 - 12:59,Cashier,51.8,9,5.76,9,5.76,9,5.76,1,1
,,,13:00 - 13:14,Cashier,18.45,2,9.22,2,9.22,2,9.22,1,1
,,,13:15 - 13:29,Cashier,34.92,4,8.73,4,8.73,4,8.73,1,1
,,,13:30 - 13:44,Cashier,86.04,8,10.76,8,10.76,8,10.76,1,1
,,,13:45 - 13:59,Cashier,14.15,3,4.72,3,4.72,3,4.72,1,1
,,,14:15 - 14:29,Cashier,22.65,4,5.66,4,5.66,4,5.66,1,1
,,,14:30 - 14:44,Cashier,16.55,3,5.52,3,5.52,3,5.52,1,1
,,,14:45 - 14:59,Cashier,16.35,2,8.18,2,8.18,2,8.18,1,1
,,,15:00 - 15:14,Cashier,22.39,4,5.6,4,5.6,4,5.6,1,1
,,,15:15 - 15:29,Cashier,11.7,1,11.7,1,11.7,1,11.7,1,1
,,,15:30 - 15:44,Cashier,64.13,11,5.83,11,5.83,11,5.83,1,1
,,,15:45 - 15:59,Cashier,28.33,4,7.08,4,7.08,4,7.08,1,1
,,28,---,---,1730.22,225,7.69,225,7.69,225,7.69,1,1
,,29,07:00 - 07:14,Cashier,14.75,3,4.92,3,4.92,3,4.92,1,1
,,,07:15 - 07:29,Cashier,71.11,9,7.9,9,7.9,9,7.9,1,1
,,,07:30 - 07:44,Cashier,12.63,2,6.32,2,6.32,2,6.32,1,1
,,,07:45 - 07:59,Cashier,56.62,7,8.09,7,8.09,7,8.09,1,1
,,,08:00 - 08:14,Cashier,36.94,6,6.16,6,6.16,6,6.16,1,1
,,,08:15 - 08:29,Cashier,55.53,9,6.17,9,6.17,9,6.17,1,1
,,,08:30 - 08:44,Cashier,24.78,4,6.2,4,6.2,4,6.2,1,1
,,,08:45 - 08:59,Cashier,50.84,5,10.17,5,10.17,5,10.17,1,1
,,,09:00 - 09:14,Cashier,48.89,6,8.15,6,8.15,6,8.15,1,1
,,,09:15 - 09:29,Cashier,47.63,5,9.53,5,9.53,5,9.53,1,1
,,,09:30 - 09:44,Cashier,120.6,11,10.96,11,10.96,11,10.96,1,1
,,,09:45 - 09:59,Cashier,24.94,5,4.99,5,4.99,5,4.99,1,1
,,,10:00 - 10:14,Cashier,45.97,7,6.57,7,6.57,7,6.57,1,1
,,,10:15 - 10:29,Cashier,38.25,7,5.46,7,5.46,7,5.46,1,1
,,,10:30 - 10:44,Cashier,69.92,11,6.36,11,6.36,11,6.36,1,1
,,,10:45 - 10:59,Cashier,41.87,5,8.37,5,8.37,5,8.37,1,1
,,,11:00 - 11:14,Cashier,85.37,11,7.76,11,7.76,11,7.76,1,1
,,,11:15 - 11:29,Cashier,92.35,11,8.4,11,8.4,11,8.4,1,1
,,,11:30 - 11:44,Cashier,71.54,8,8.94,8,8.94,8,8.94,1,1
,,,11:45 - 11:59,Cashier,36.48,3,12.16,3,12.16,3,12.16,1,1
,,,12:00 - 12:14,Cashier,66.52,7,9.5,7,9.5,7,9.5,1,1
,,,12:15 - 12:29,Cashier,72.71,9,8.08,9,8.08,9,8.08,1,1
,,,12:30 - 12:44,Cashier,40.67,6,6.78,6,6.78,6,6.78,1,1
,,,12:45 - 12:59,Cashier,83.86,8,10.48,8,10.48,8,10.48,1,1
,,,13:00 - 13:14,Cashier,44.62,3,14.87,3,14.87,3,14.87,1,1
,,,13:15 - 13:29,Cashier,57.68,9,6.41,9,6.41,9,6.41,1,1
,,,13:30 - 13:44,Cashier,35.09,5,7.02,5,7.02,5,7.02,1,1
,,,13:45 - 13:59,Cashier,5.95,1,5.95,1,5.95,1,5.95,1,1
,,,14:00 - 14:14,Cashier,12.4,3,4.13,3,4.13,3,4.13,1,1
,,,14:15 - 14:29,Cashier,28.16,4,7.04,4,7.04,4,7.04,1,1
,,,14:30 - 14:44,Cashier,48.37,4,12.09,4,12.09,4,12.09,1,1
,,,14:45 - 14:59,Cashier,5.75,1,5.75,1,5.75,1,5.75,1,1
,,,15:15 - 15:29,Cashier,40.84,5,8.17,5,8.17,5,8.17,1,1
,,,15:30 - 15:44,Cashier,5.95,1,5.95,1,5.95,1,5.95,1,1
,,,15:45 - 15:59,Cashier,13.19,2,6.59,2,6.59,2,6.59,1,1
,,29,---,---,1608.77,203,7.92,203,7.92,203,7.92,1,1
,,30,07:15 - 07:29,Cashier,22.59,5,4.52,5,4.52,5,4.52,1,1
,,,07:30 - 07:44,Cashier,19.79,4,4.95,4,4.95,4,4.95,1,1
,,,07:45 - 07:59,Cashier,22.09,4,5.52,4,5.52,4,5.52,1,1
,,,08:00 - 08:14,Cashier,20.04,3,6.68,3,6.68,3,6.68,1,1
,,,08:15 - 08:29,Cashier,33.63,5,6.73,5,6.73,5,6.73,1,1
,,,08:30 - 08:44,Cashier,30.18,5,6.04,5,6.04,5,6.04,1,1
,,,08:45 - 08:59,Cashier,37.75,4,9.44,4,9.44,4,9.44,1,1
,,,09:00 - 09:14,Cashier,60.75,8,7.59,8,7.59,8,7.59,1,1
,,,09:15 - 09:29,Cashier,60.06,8,7.51,8,7.51,8,7.51,1,1
,,,09:30 - 09:44,Cashier,109.24,11,9.93,11,9.93,11,9.93,1,1
,,,09:45 - 09:59,Cashier,43.82,7,6.26,7,6.26,7,6.26,1,1
,,,10:00 - 10:14,Cashier,75.29,11,6.84,11,6.84,11,6.84,1,1
,,,10:15 - 10:29,Cashier,111.08,13,8.54,13,8.54,13,8.54,1,1
,,,10:30 - 10:44,Cashier,82.63,13,6.36,13,6.36,13,6.36,1,1
,,,10:45 - 10:59,Cashier,47.83,4,11.96,4,11.96,4,11.96,1,1
,,,11:00 - 11:14,Cashier,33.83,4,8.46,4,8.46,4,8.46,1,1
,,,11:15 - 11:29,Cashier,46.34,8,5.79,8,5.79,8,5.79,1,1
,,,11:30 - 11:44,Cashier,63.51,8,7.94,8,7.94,8,7.94,1,1
,,,11:45 - 11:59,Cashier,90.14,11,8.19,11,8.19,11,8.19,1,1
,,,12:00 - 12:14,Cashier,3.45,1,3.45,1,3.45,1,3.45,1,1
,,,12:15 - 12:29,Cashier,21.02,2,10.51,2,10.51,2,10.51,1,1
,,,12:30 - 12:44,Cashier,69.97,8,8.75,8,8.75,8,8.75,1,1
,,,12:45 - 12:59,Cashier,82.2,8,10.28,8,10.28,8,10.28,1,1
,,,13:00 - 13:14,Cashier,51.91,7,7.42,7,7.42,7,7.42,1,1
,,,13:15 - 13:29,Cashier,42.08,6,7.01,6,7.01,6,7.01,1,1
,,,13:30 - 13:44,Cashier,88.25,9,9.81,9,9.81,9,9.81,1,1
,,,13:45 - 13:59,Cashier,25.25,3,8.42,3,8.42,3,8.42,1,1
,,,14:00 - 14:14,Cashier,28.04,5,5.61,5,5.61,5,5.61,1,1
,,,14:15 - 14:29,Cashier,16.09,2,8.04,2,8.04,2,8.04,1,1
,,,14:30 - 14:44,Cashier,15.75,2,7.88,2,7.88,2,7.88,1,1
,,,14:45 - 14:59,Cashier,7.95,2,3.98,2,3.98,2,3.98,1,1
,,,15:00 - 15:14,Cashier,10.65,2,5.33,2,5.33,2,5.33,1,1
,,,15:15 - 15:29,Cashier,18.34,4,4.58,4,4.58,4,4.58,1,1
,,,15:30 - 15:44,Cashier,4.9,1,4.9,1,4.9,1,4.9,1,1
,,,15:45 - 15:59,Cashier,13.8,4,3.45,4,3.45,4,3.45,1,1
,,,16:00 - 16:14,Cashier,45.68,7,6.53,7,6.53,7,6.53,1,1
,,,16:15 - 16:29,Cashier,22.45,2,11.22,2,11.22,2,11.22,1,1
,,,16:30 - 16:44,Cashier,44.27,6,7.38,6,7.38,6,7.38,1,1
,,,16:45 - 16:59,Cashier,28.08,3,9.36,3,9.36,3,9.36,1,1
,,,17:15 - 17:29,Cashier,3.55,1,3.55,1,3.55,1,3.55,1,1
,,,17:30 - 17:44,Cashier,19.44,2,9.72,2,9.72,2,9.72,1,1
,,,17:45 - 17:59,Cashier,15.09,2,7.54,2,7.54,2,7.54,1,1
,,30,---,---,1688.8,225,7.51,225,7.51,225,7.51,1,1
,,31,07:15 - 07:29,Cashier,37.68,7,5.38,7,5.38,7,5.38,1,1
,,,07:30 - 07:44,Cashier,20.83,3,6.94,3,6.94,3,6.94,1,1
,,,07:45 - 07:59,Cashier,21.29,3,7.1,3,7.1,3,7.1,1,1
,,,08:00 - 08:14,Cashier,51.01,10,5.1,10,5.1,10,5.1,1,1
,,,08:15 - 08:29,Cashier,28.14,4,7.04,4,7.04,4,7.04,1,1
,,,08:30 - 08:44,Cashier,47.32,7,6.76,7,6.76,7,6.76,1,1
,,,08:45 - 08:59,Cashier,63.04,9,7,9,7,9,7,1,1
,,,09:00 - 09:14,Cashier,61.2,8,7.65,8,7.65,8,7.65,1,1
,,,09:15 - 09:29,Cashier,88.57,9,9.84,9,9.84,9,9.84,1,1
,,,09:30 - 09:44,Cashier,89.82,11,8.17,11,8.17,11,8.17,1,1
,,,09:45 - 09:59,Cashier,49.76,8,6.22,8,6.22,8,6.22,1,1
,,,10:00 - 10:14,Cashier,81.73,9,9.08,9,9.08,9,9.08,1,1
,,,10:15 - 10:29,Cashier,75.27,10,7.53,10,7.53,10,7.53,1,1
,,,10:30 - 10:44,Cashier,68.31,8,8.54,8,8.54,8,8.54,1,1
,,,10:45 - 10:59,Cashier,36.67,7,5.24,7,5.24,7,5.24,1,1
,,,11:00 - 11:14,Cashier,26.6,5,5.32,5,5.32,5,5.32,1,1
,,,11:15 - 11:29,Cashier,24.27,3,8.09,3,8.09,3,8.09,1,1
,,,11:30 - 11:44,Cashier,119.28,11,10.84,11,10.84,11,10.84,1,1
,,,11:45 - 11:59,Cashier,108.42,10,10.84,10,10.84,10,10.84,1,1
,,,12:00 - 12:14,Cashier,35.51,4,8.88,4,8.88,4,8.88,1,1
,,,12:15 - 12:29,Cashier,44.88,6,7.48,6,7.48,6,7.48,1,1
,,,12:30 - 12:44,Cashier,128.24,16,8.02,16,8.02,16,8.02,1,1
,,,12:45 - 12:59,Cashier,60.49,6,10.08,6,10.08,6,10.08,1,1
,,,13:00 - 13:14,Cashier,84.25,9,9.36,9,9.36,9,9.36,1,1
,,,13:15 - 13:29,Cashier,65.17,7,9.31,7,9.31,7,9.31,1,1
,,,13:45 - 13:59,Cashier,11.4,3,3.8,3,3.8,3,3.8,1,1
,,,14:00 - 14:14,Cashier,42.93,5,8.59,5,8.59,5,8.59,1,1
,,,14:15 - 14:29,Cashier,17.34,3,5.78,3,5.78,3,5.78,1,1
,,,14:30 - 14:44,Cashier,48.59,8,6.07,8,6.07,8,6.07,1,1
,,,14:45 - 14:59,Cashier,7.94,1,7.94,1,7.94,1,7.94,1,1
,,,15:00 - 15:14,Cashier,27.59,5,5.52,5,5.52,5,5.52,1,1
,,,15:15 - 15:29,Cashier,20.65,3,6.88,3,6.88,3,6.88,1,1
,,,15:30 - 15:44,Cashier,42.56,7,6.08,7,6.08,7,6.08,1,1
,,,15:45 - 15:59,Cashier,30.64,5,6.13,5,6.13,5,6.13,1,1
,,,16:00 - 16:14,Cashier,14.85,2,7.42,2,7.42,2,7.42,1,1
,,,16:15 - 16:29,Cashier,11.6,2,5.8,2,5.8,2,5.8,1,1
,,,16:30 - 16:44,Cashier,34.59,4,8.65,4,8.65,4,8.65,1,1
,,,16:45 - 16:59,Cashier,4.08,2,2.04,2,2.04,2,2.04,1,1
,,,17:00 - 17:14,Cashier,12.45,2,6.22,2,6.22,2,6.22,1,1
,,,17:15 - 17:29,Cashier,41.42,3,13.81,3,13.81,3,13.81,1,1
,,,17:30 - 17:44,Cashier,12.87,3,4.29,3,4.29,3,4.29,1,1
,,,17:45 - 17:59,Cashier,8.5,1,8.5,1,8.5,1,8.5,1,1
,,31,---,---,1907.75,249,7.66,249,7.66,249,7.66,1,1
,3,---,---,---,41370.25,5305,7.8,5297,7.81,5305,7.8,1,1
2022,---,---,---,---,41370.25,5305,7.8,5297,7.81,5305,7.8,1,1
Grand Total,---,---,---,---,41370.25,5305,7.8,5297,7.81,5305,7.8,1,1
