Year,Month,Date,Day Part,Table Type,Net Sales,# Trans,Avg / Trans,# Guests,Avg / Guest,# Tables,Avg / Table,# Guest / Trans,# Guest / Table
2022,2,1,07:30 - 07:44,Cashier,11.25,3,3.75,3,3.75,3,3.75,1.0,1.0
,,1,08:00 - 08:14,Cashier,40.65,6,6.78,5,8.13,6,6.78,0.83,0.83
,,1,08:15 - 08:29,Cashier,10.65,2,5.33,2,5.33,2,5.33,1.0,1.0
,,1,08:30 - 08:44,Cashier,28.62,5,5.72,5,5.72,5,5.72,1.0,1.0
,,1,08:45 - 08:59,Cashier,21.25,5,4.25,5,4.25,5,4.25,1.0,1.0
,,1,09:00 - 09:14,Cashier,42.37,7,6.05,7,6.05,7,6.05,1.0,1.0
,,1,09:15 - 09:29,Cashier,72.18,11,6.56,11,6.56,11,6.56,1.0,1.0
,,1,09:30 - 09:44,Cashier,55.11,9,6.12,9,6.12,9,6.12,1.0,1.0
,,1,09:45 - 09:59,Cashier,34.35,5,6.87,5,6.87,5,6.87,1.0,1.0
,,1,10:00 - 10:14,Cashier,39.48,8,4.93,8,4.93,8,4.93,1.0,1.0
,,1,10:15 - 10:29,Cashier,63.07,11,5.73,11,5.73,11,5.73,1.0,1.0
,,1,10:30 - 10:44,Cashier,52.83,8,6.6,8,6.6,8,6.6,1.0,1.0
,,1,10:45 - 10:59,Cashier,47.21,7,6.74,7,6.74,7,6.74,1.0,1.0
,,1,11:00 - 11:14,Cashier,27.24,5,5.45,5,5.45,5,5.45,1.0,1.0
,,1,11:15 - 11:29,Cashier,91.29,15,6.09,15,6.09,15,6.09,1.0,1.0
,,1,11:30 - 11:44,Cashier,100.6,15,6.71,15,6.71,15,6.71,1.0,1.0
,,1,11:45 - 11:59,Cashier,45.99,8,5.75,8,5.75,8,5.75,1.0,1.0
,,1,12:00 - 12:14,Cashier,61.24,9,6.8,9,6.8,9,6.8,1.0,1.0
,,1,12:15 - 12:29,Cashier,135.1,15,9.01,15,9.01,15,9.01,1.0,1.0
,,1,12:30 - 12:44,Cashier,118.04,15,7.87,15,7.87,15,7.87,1.0,1.0
,,1,12:45 - 12:59,Cashier,92.15,13,7.09,13,7.09,13,7.09,1.0,1.0
,,1,13:00 - 13:14,Cashier,84.25,15,5.62,15,5.62,15,5.62,1.0,1.0
,,1,13:15 - 13:29,Cashier,60.84,9,6.76,9,6.76,9,6.76,1.0,1.0
,,1,13:30 - 13:44,Cashier,36.1,5,7.22,5,7.22,5,7.22,1.0,1.0
,,1,13:45 - 13:59,Cashier,62.2,8,7.78,8,7.78,8,7.78,1.0,1.0
,,1,14:00 - 14:14,Cashier,46.79,9,5.2,9,5.2,9,5.2,1.0,1.0
,,1,14:15 - 14:29,Cashier,23.24,6,3.87,6,3.87,6,3.87,1.0,1.0
,,1,14:30 - 14:44,Cashier,48.79,10,4.88,10,4.88,10,4.88,1.0,1.0
,,1,14:45 - 14:59,Cashier,30.27,4,7.57,4,7.57,4,7.57,1.0,1.0
,,1,15:00 - 15:14,Cashier,63.86,9,7.1,9,7.1,9,7.1,1.0,1.0
,,1,15:15 - 15:29,Cashier,57.97,10,5.8,10,5.8,10,5.8,1.0,1.0
,,1,15:30 - 15:44,Cashier,40.39,8,5.05,8,5.05,8,5.05,1.0,1.0
,,1,15:45 - 15:59,Cashier,35.93,5,7.19,5,7.19,5,7.19,1.0,1.0
,,1,16:00 - 16:14,Cashier,33.65,4,8.41,4,8.41,4,8.41,1.0,1.0
,,1,16:15 - 16:29,Cashier,49.64,10,4.96,10,4.96,10,4.96,1.0,1.0
,,1,16:30 - 16:44,Cashier,38.68,5,7.74,5,7.74,5,7.74,1.0,1.0
,,1,16:45 - 16:59,Cashier,32.24,7,4.61,7,4.61,7,4.61,1.0,1.0
,,1,---,---,1935.51,306,6.33,305,6.35,306,6.33,1.0,1.0
,,2,07:30 - 07:44,Cashier,28.73,5,5.75,5,5.75,5,5.75,1.0,1.0
,,2,07:45 - 07:59,Cashier,10.95,3,3.65,3,3.65,3,3.65,1.0,1.0
,,2,08:00 - 08:14,Cashier,30.99,5,6.2,5,6.2,5,6.2,1.0,1.0
,,2,08:15 - 08:29,Cashier,48.55,9,5.39,9,5.39,9,5.39,1.0,1.0
,,2,08:30 - 08:44,Cashier,19.19,4,4.8,4,4.8,4,4.8,1.0,1.0
,,2,08:45 - 08:59,Cashier,53.45,9,5.94,9,5.94,9,5.94,1.0,1.0
,,2,09:00 - 09:14,Cashier,22.95,5,4.59,5,4.59,5,4.59,1.0,1.0
,,2,09:15 - 09:29,Cashier,69.82,16,4.36,16,4.36,16,4.36,1.0,1.0
,,2,09:30 - 09:44,Cashier,82.33,12,6.86,12,6.86,12,6.86,1.0,1.0
,,2,09:45 - 09:59,Cashier,60.6,8,7.58,8,7.58,8,7.58,1.0,1.0
,,2,10:00 - 10:14,Cashier,56.22,9,6.25,9,6.25,9,6.25,1.0,1.0
,,2,10:15 - 10:29,Cashier,93.15,16,5.82,16,5.82,16,5.82,1.0,1.0
,,2,10:30 - 10:44,Cashier,121.76,17,7.16,17,7.16,17,7.16,1.0,1.0
,,2,10:45 - 10:59,Cashier,114.13,10,11.41,10,11.41,10,11.41,1.0,1.0
,,2,11:00 - 11:14,Cashier,35.17,8,4.4,8,4.4,8,4.4,1.0,1.0
,,2,11:15 - 11:29,Cashier,116.7,11,10.61,11,10.61,11,10.61,1.0,1.0
,,2,11:30 - 11:44,Cashier,100.94,14,7.21,14,7.21,14,7.21,1.0,1.0
,,2,11:45 - 11:59,Cashier,27.77,5,5.55,5,5.55,5,5.55,1.0,1.0
,,2,12:00 - 12:14,Cashier,69.55,12,5.8,12,5.8,12,5.8,1.0,1.0
,,2,12:15 - 12:29,Cashier,100.76,18,5.6,18,5.6,18,5.6,1.0,1.0
,,2,12:30 - 12:44,Cashier,105.66,15,7.04,15,7.04,15,7.04,1.0,1.0
,,2,12:45 - 12:59,Cashier,42.74,9,4.75,9,4.75,9,4.75,1.0,1.0
,,2,13:00 - 13:14,Cashier,45.73,8,5.72,8,5.72,8,5.72,1.0,1.0
,,2,13:15 - 13:29,Cashier,64.48,15,4.3,15,4.3,15,4.3,1.0,1.0
,,2,13:30 - 13:44,Cashier,70.81,13,5.45,13,5.45,13,5.45,1.0,1.0
,,2,13:45 - 13:59,Cashier,64.37,9,7.15,9,7.15,9,7.15,1.0,1.0
,,2,14:00 - 14:14,Cashier,47.03,7,6.72,7,6.72,7,6.72,1.0,1.0
,,2,14:15 - 14:29,Cashier,66.37,11,6.03,11,6.03,11,6.03,1.0,1.0
,,2,14:30 - 14:44,Cashier,58.9,12,4.91,12,4.91,12,4.91,1.0,1.0
,,2,14:45 - 14:59,Cashier,32.74,7,4.68,7,4.68,7,4.68,1.0,1.0
,,2,15:00 - 15:14,Cashier,43.95,9,4.88,9,4.88,9,4.88,1.0,1.0
,,2,15:15 - 15:29,Cashier,62.6,14,4.47,14,4.47,14,4.47,1.0,1.0
,,2,15:30 - 15:44,Cashier,33.14,7,4.73,7,4.73,7,4.73,1.0,1.0
,,2,15:45 - 15:59,Cashier,20.59,4,5.15,4,5.15,4,5.15,1.0,1.0
,,2,16:00 - 16:14,Cashier,10.73,3,3.58,3,3.58,3,3.58,1.0,1.0
,,2,16:15 - 16:29,Cashier,40.43,8,5.05,8,5.05,8,5.05,1.0,1.0
,,2,16:30 - 16:44,Cashier,47.53,7,6.79,7,6.79,7,6.79,1.0,1.0
,,2,16:45 - 16:59,Cashier,26.7,5,5.34,5,5.34,5,5.34,1.0,1.0
,,2,17:00 - 17:14,Cashier,20.5,2,10.25,2,10.25,2,10.25,1.0,1.0
,,2,---,---,2168.71,361,6.01,361,6.01,361,6.01,1.0,1.0
,,3,07:30 - 07:44,Cashier,0.15,1,0.15,1,0.15,1,0.15,1.0,1.0
,,3,07:45 - 07:59,Cashier,7.94,2,3.97,2,3.97,2,3.97,1.0,1.0
,,3,08:00 - 08:14,Cashier,43.6,6,7.27,6,7.27,6,7.27,1.0,1.0
,,3,08:15 - 08:29,Cashier,33.97,7,4.85,7,4.85,7,4.85,1.0,1.0
,,3,08:30 - 08:44,Cashier,30.7,5,6.14,5,6.14,5,6.14,1.0,1.0
,,3,08:45 - 08:59,Cashier,51.12,7,7.3,7,7.3,7,7.3,1.0,1.0
,,3,09:00 - 09:14,Cashier,34.39,7,4.91,7,4.91,7,4.91,1.0,1.0
,,3,09:15 - 09:29,Cashier,45.33,8,5.67,8,5.67,8,5.67,1.0,1.0
,,3,09:30 - 09:44,Cashier,31.97,5,6.39,5,6.39,5,6.39,1.0,1.0
,,3,09:45 - 09:59,Cashier,39.38,8,4.92,8,4.92,8,4.92,1.0,1.0
,,3,10:00 - 10:14,Cashier,72.98,9,8.11,9,8.11,9,8.11,1.0,1.0
,,3,10:15 - 10:29,Cashier,53.48,9,5.94,9,5.94,9,5.94,1.0,1.0
,,3,10:30 - 10:44,Cashier,53.74,8,6.72,8,6.72,8,6.72,1.0,1.0
,,3,10:45 - 10:59,Cashier,51.71,5,10.34,5,10.34,5,10.34,1.0,1.0
,,3,11:00 - 11:14,Cashier,35.78,6,5.96,6,5.96,6,5.96,1.0,1.0
,,3,11:15 - 11:29,Cashier,49.01,6,8.17,6,8.17,6,8.17,1.0,1.0
,,3,11:30 - 11:44,Cashier,105.28,12,8.77,12,8.77,12,8.77,1.0,1.0
,,3,11:45 - 11:59,Cashier,20.49,4,5.12,4,5.12,4,5.12,1.0,1.0
,,3,12:00 - 12:14,Cashier,52.64,8,6.58,8,6.58,8,6.58,1.0,1.0
,,3,12:15 - 12:29,Cashier,105.1,16,6.57,16,6.57,16,6.57,1.0,1.0
,,3,12:30 - 12:44,Cashier,75.22,15,5.01,15,5.01,15,5.01,1.0,1.0
,,3,12:45 - 12:59,Cashier,76.14,13,5.86,13,5.86,13,5.86,1.0,1.0
,,3,13:00 - 13:14,Cashier,61.27,10,6.13,10,6.13,10,6.13,1.0,1.0
,,3,13:15 - 13:29,Cashier,69.81,16,4.36,16,4.36,16,4.36,1.0,1.0
,,3,13:30 - 13:44,Cashier,92.54,15,6.17,15,6.17,15,6.17,1.0,1.0
,,3,13:45 - 13:59,Cashier,73.08,14,5.22,14,5.22,14,5.22,1.0,1.0
,,3,14:00 - 14:14,Cashier,45.05,8,5.63,8,5.63,8,5.63,1.0,1.0
,,3,14:15 - 14:29,Cashier,42.4,7,6.06,7,6.06,7,6.06,1.0,1.0
,,3,14:30 - 14:44,Cashier,75.88,11,6.9,11,6.9,11,6.9,1.0,1.0
,,3,14:45 - 14:59,Cashier,34.93,6,5.82,6,5.82,6,5.82,1.0,1.0
,,3,15:00 - 15:14,Cashier,40.18,8,5.02,8,5.02,8,5.02,1.0,1.0
,,3,15:15 - 15:29,Cashier,66.52,13,5.12,13,5.12,13,5.12,1.0,1.0
,,3,15:30 - 15:44,Cashier,37.04,8,4.63,8,4.63,8,4.63,1.0,1.0
,,3,15:45 - 15:59,Cashier,23.75,5,4.75,5,4.75,5,4.75,1.0,1.0
,,3,16:00 - 16:14,Cashier,41.12,6,6.85,6,6.85,6,6.85,1.0,1.0
,,3,16:15 - 16:29,Cashier,15.93,3,5.31,3,5.31,3,5.31,1.0,1.0
,,3,16:30 - 16:44,Cashier,9.14,2,4.57,2,4.57,2,4.57,1.0,1.0
,,3,16:45 - 16:59,Cashier,17.08,3,5.69,3,5.69,3,5.69,1.0,1.0
,,3,---,---,1815.84,302,6.01,302,6.01,302,6.01,1.0,1.0
,,4,07:30 - 07:44,Cashier,13.38,1,13.38,1,13.38,1,13.38,1.0,1.0
,,4,07:45 - 07:59,Cashier,5.55,1,5.55,1,5.55,1,5.55,1.0,1.0
,,4,08:00 - 08:14,Cashier,18.74,5,3.75,5,3.75,5,3.75,1.0,1.0
,,4,08:15 - 08:29,Cashier,38.28,5,7.66,5,7.66,5,7.66,1.0,1.0
,,4,08:30 - 08:44,Cashier,45.33,6,7.55,6,7.55,6,7.55,1.0,1.0
,,4,08:45 - 08:59,Cashier,13.79,2,6.89,2,6.89,2,6.89,1.0,1.0
,,4,09:00 - 09:14,Cashier,49.64,7,7.09,7,7.09,7,7.09,1.0,1.0
,,4,09:15 - 09:29,Cashier,74.91,11,6.81,11,6.81,11,6.81,1.0,1.0
,,4,09:30 - 09:44,Cashier,58.14,6,9.69,6,9.69,6,9.69,1.0,1.0
,,4,09:45 - 09:59,Cashier,42.27,9,4.7,9,4.7,9,4.7,1.0,1.0
,,4,10:00 - 10:14,Cashier,50.38,8,6.3,8,6.3,8,6.3,1.0,1.0
,,4,10:15 - 10:29,Cashier,65.82,10,6.58,10,6.58,10,6.58,1.0,1.0
,,4,10:30 - 10:44,Cashier,83.92,13,6.46,13,6.46,13,6.46,1.0,1.0
,,4,10:45 - 10:59,Cashier,77.05,9,8.56,9,8.56,9,8.56,1.0,1.0
,,4,11:00 - 11:14,Cashier,50.87,7,7.27,7,7.27,7,7.27,1.0,1.0
,,4,11:15 - 11:29,Cashier,97.43,15,6.5,15,6.5,15,6.5,1.0,1.0
,,4,11:30 - 11:44,Cashier,103.98,13,8.0,13,8.0,13,8.0,1.0,1.0
,,4,11:45 - 11:59,Cashier,114.96,13,8.84,13,8.84,13,8.84,1.0,1.0
,,4,12:00 - 12:14,Cashier,96.56,12,8.05,12,8.05,12,8.05,1.0,1.0
,,4,12:15 - 12:29,Cashier,106.46,14,7.6,14,7.6,14,7.6,1.0,1.0
,,4,12:30 - 12:44,Cashier,105.26,15,7.02,15,7.02,15,7.02,1.0,1.0
,,4,12:45 - 12:59,Cashier,33.78,6,5.63,6,5.63,6,5.63,1.0,1.0
,,4,13:00 - 13:14,Cashier,56.23,10,5.62,10,5.62,10,5.62,1.0,1.0
,,4,13:15 - 13:29,Cashier,62.46,11,5.68,11,5.68,11,5.68,1.0,1.0
,,4,13:30 - 13:44,Cashier,29.03,6,4.84,6,4.84,6,4.84,1.0,1.0
,,4,13:45 - 13:59,Cashier,32.69,7,4.67,7,4.67,7,4.67,1.0,1.0
,,4,14:00 - 14:14,Cashier,58.92,12,4.91,12,4.91,12,4.91,1.0,1.0
,,4,14:15 - 14:29,Cashier,29.6,7,4.23,7,4.23,7,4.23,1.0,1.0
,,4,14:30 - 14:44,Cashier,59.09,12,4.92,12,4.92,12,4.92,1.0,1.0
,,4,14:45 - 14:59,Cashier,22.5,5,4.5,5,4.5,5,4.5,1.0,1.0
,,4,15:00 - 15:14,Cashier,23.6,3,7.87,3,7.87,3,7.87,1.0,1.0
,,4,15:15 - 15:29,Cashier,49.54,8,6.19,8,6.19,8,6.19,1.0,1.0
,,4,15:30 - 15:44,Cashier,30.5,7,4.36,7,4.36,7,4.36,1.0,1.0
,,4,15:45 - 15:59,Cashier,23.83,4,5.96,4,5.96,4,5.96,1.0,1.0
,,4,16:00 - 16:14,Cashier,3.75,1,3.75,1,3.75,1,3.75,1.0,1.0
,,4,16:15 - 16:29,Cashier,37.83,6,6.3,6,6.3,6,6.3,1.0,1.0
,,4,16:30 - 16:44,Cashier,29.18,4,7.29,4,7.29,4,7.29,1.0,1.0
,,4,16:45 - 16:59,Cashier,7.25,2,3.63,2,3.63,2,3.63,1.0,1.0
,,4,17:00 - 17:14,Cashier,4.95,1,4.95,1,4.95,1,4.95,1.0,1.0
,,4,---,---,1907.45,294,6.49,294,6.49,294,6.49,1.0,1.0
,,7,07:30 - 07:44,Cashier,3.25,1,3.25,1,3.25,1,3.25,1.0,1.0
,,7,07:45 - 07:59,Cashier,24.34,4,6.08,4,6.08,4,6.08,1.0,1.0
,,7,08:00 - 08:14,Cashier,30.6,7,4.37,7,4.37,7,4.37,1.0,1.0
,,7,08:15 - 08:29,Cashier,47.82,6,7.97,6,7.97,6,7.97,1.0,1.0
,,7,08:30 - 08:44,Cashier,46.24,5,9.25,5,9.25,5,9.25,1.0,1.0
,,7,08:45 - 08:59,Cashier,41.12,6,6.85,6,6.85,6,6.85,1.0,1.0
,,7,09:00 - 09:14,Cashier,29.39,5,5.88,5,5.88,5,5.88,1.0,1.0
,,7,09:15 - 09:29,Cashier,55.48,10,5.55,10,5.55,10,5.55,1.0,1.0
,,7,09:30 - 09:44,Cashier,51.59,6,8.6,6,8.6,6,8.6,1.0,1.0
,,7,09:45 - 09:59,Cashier,79.75,12,6.65,12,6.65,12,6.65,1.0,1.0
,,7,10:00 - 10:14,Cashier,31.43,6,5.24,6,5.24,6,5.24,1.0,1.0
,,7,10:15 - 10:29,Cashier,62.0,10,6.2,10,6.2,10,6.2,1.0,1.0
,,7,10:30 - 10:44,Cashier,69.93,9,7.77,9,7.77,9,7.77,1.0,1.0
,,7,10:45 - 10:59,Cashier,65.97,8,8.25,8,8.25,8,8.25,1.0,1.0
,,7,11:00 - 11:14,Cashier,55.76,8,6.97,8,6.97,8,6.97,1.0,1.0
,,7,11:15 - 11:29,Cashier,150.24,17,8.84,17,8.84,17,8.84,1.0,1.0
,,7,11:30 - 11:44,Cashier,48.24,6,8.04,6,8.04,6,8.04,1.0,1.0
,,7,11:45 - 11:59,Cashier,71.08,8,8.88,8,8.88,8,8.88,1.0,1.0
,,7,12:00 - 12:14,Cashier,90.13,14,6.44,14,6.44,14,6.44,1.0,1.0
,,7,12:15 - 12:29,Cashier,118.77,20,5.94,20,5.94,20,5.94,1.0,1.0
,,7,12:30 - 12:44,Cashier,101.7,12,8.47,12,8.47,12,8.47,1.0,1.0
,,7,12:45 - 12:59,Cashier,91.92,13,7.07,13,7.07,13,7.07,1.0,1.0
,,7,13:00 - 13:14,Cashier,104.94,18,5.83,18,5.83,18,5.83,1.0,1.0
,,7,13:15 - 13:29,Cashier,96.73,19,5.09,19,5.09,19,5.09,1.0,1.0
,,7,13:30 - 13:44,Cashier,57.27,11,5.21,11,5.21,11,5.21,1.0,1.0
,,7,13:45 - 13:59,Cashier,56.98,9,6.33,9,6.33,9,6.33,1.0,1.0
,,7,14:00 - 14:14,Cashier,31.42,6,5.24,6,5.24,6,5.24,1.0,1.0
,,7,14:15 - 14:29,Cashier,74.54,12,6.21,12,6.21,12,6.21,1.0,1.0
,,7,14:30 - 14:44,Cashier,77.59,14,5.54,14,5.54,14,5.54,1.0,1.0
,,7,14:45 - 14:59,Cashier,20.34,4,5.08,4,5.08,4,5.08,1.0,1.0
,,7,15:00 - 15:14,Cashier,40.6,6,6.77,6,6.77,6,6.77,1.0,1.0
,,7,15:15 - 15:29,Cashier,53.34,12,4.45,12,4.45,12,4.45,1.0,1.0
,,7,15:30 - 15:44,Cashier,58.98,10,5.9,10,5.9,10,5.9,1.0,1.0
,,7,15:45 - 15:59,Cashier,33.07,6,5.51,6,5.51,6,5.51,1.0,1.0
,,7,16:00 - 16:14,Cashier,31.84,6,5.31,6,5.31,6,5.31,1.0,1.0
,,7,16:15 - 16:29,Cashier,43.87,7,6.27,7,6.27,7,6.27,1.0,1.0
,,7,16:30 - 16:44,Cashier,2.59,1,2.59,1,2.59,1,2.59,1.0,1.0
,,7,16:45 - 16:59,Cashier,15.08,3,5.03,3,5.03,3,5.03,1.0,1.0
,,7,---,---,2165.93,337,6.43,337,6.43,337,6.43,1.0,1.0
,,8,07:30 - 07:44,Cashier,10.29,2,5.14,2,5.14,2,5.14,1.0,1.0
,,8,07:45 - 07:59,Cashier,16.63,3,5.54,3,5.54,3,5.54,1.0,1.0
,,8,08:00 - 08:14,Cashier,40.08,8,5.01,8,5.01,8,5.01,1.0,1.0
,,8,08:15 - 08:29,Cashier,48.54,7,6.93,7,6.93,7,6.93,1.0,1.0
,,8,08:30 - 08:44,Cashier,7.04,1,7.04,1,7.04,1,7.04,1.0,1.0
,,8,08:45 - 08:59,Cashier,13.39,3,4.46,3,4.46,3,4.46,1.0,1.0
,,8,09:00 - 09:14,Cashier,48.74,9,5.42,9,5.42,9,5.42,1.0,1.0
,,8,09:15 - 09:29,Cashier,36.63,8,4.58,8,4.58,8,4.58,1.0,1.0
,,8,09:30 - 09:44,Cashier,27.52,5,5.5,5,5.5,5,5.5,1.0,1.0
,,8,09:45 - 09:59,Cashier,30.74,6,5.12,6,5.12,6,5.12,1.0,1.0
,,8,10:00 - 10:14,Cashier,44.73,10,4.47,10,4.47,10,4.47,1.0,1.0
,,8,10:15 - 10:29,Cashier,107.4,15,7.16,15,7.16,15,7.16,1.0,1.0
,,8,10:30 - 10:44,Cashier,78.93,11,7.18,11,7.18,11,7.18,1.0,1.0
,,8,10:45 - 10:59,Cashier,42.23,7,6.03,7,6.03,7,6.03,1.0,1.0
,,8,11:00 - 11:14,Cashier,19.94,3,6.65,3,6.65,3,6.65,1.0,1.0
,,8,11:15 - 11:29,Cashier,67.98,9,7.55,9,7.55,9,7.55,1.0,1.0
,,8,11:30 - 11:44,Cashier,64.33,9,7.15,9,7.15,9,7.15,1.0,1.0
,,8,11:45 - 11:59,Cashier,108.58,12,9.05,12,9.05,12,9.05,1.0,1.0
,,8,12:00 - 12:14,Cashier,95.28,13,7.33,13,7.33,13,7.33,1.0,1.0
,,8,12:15 - 12:29,Cashier,90.15,14,6.44,14,6.44,14,6.44,1.0,1.0
,,8,12:30 - 12:44,Cashier,124.46,17,7.32,17,7.32,17,7.32,1.0,1.0
,,8,12:45 - 12:59,Cashier,107.95,14,7.71,14,7.71,14,7.71,1.0,1.0
,,8,13:00 - 13:14,Cashier,56.66,9,6.3,9,6.3,9,6.3,1.0,1.0
,,8,13:15 - 13:29,Cashier,80.21,12,6.68,12,6.68,12,6.68,1.0,1.0
,,8,13:30 - 13:44,Cashier,81.29,11,7.39,11,7.39,11,7.39,1.0,1.0
,,8,13:45 - 13:59,Cashier,30.15,5,6.03,5,6.03,5,6.03,1.0,1.0
,,8,14:00 - 14:14,Cashier,73.67,14,5.26,14,5.26,14,5.26,1.0,1.0
,,8,14:15 - 14:29,Cashier,105.05,14,7.5,14,7.5,14,7.5,1.0,1.0
,,8,14:30 - 14:44,Cashier,28.65,7,4.09,7,4.09,7,4.09,1.0,1.0
,,8,14:45 - 14:59,Cashier,61.32,9,6.81,9,6.81,9,6.81,1.0,1.0
,,8,15:00 - 15:14,Cashier,25.95,7,3.71,7,3.71,7,3.71,1.0,1.0
,,8,15:15 - 15:29,Cashier,52.57,10,5.26,10,5.26,10,5.26,1.0,1.0
,,8,15:30 - 15:44,Cashier,46.08,10,4.61,10,4.61,10,4.61,1.0,1.0
,,8,15:45 - 15:59,Cashier,32.88,5,6.58,5,6.58,5,6.58,1.0,1.0
,,8,16:00 - 16:14,Cashier,40.55,9,4.51,9,4.51,9,4.51,1.0,1.0
,,8,16:15 - 16:29,Cashier,68.23,12,5.69,12,5.69,12,5.69,1.0,1.0
,,8,16:30 - 16:44,Cashier,15.69,4,3.92,4,3.92,4,3.92,1.0,1.0
,,8,16:45 - 16:59,Cashier,18.54,5,3.71,5,3.71,5,3.71,1.0,1.0
,,8,---,---,2049.05,329,6.23,329,6.23,329,6.23,1.0,1.0
,,9,07:30 - 07:44,Cashier,17.7,3,5.9,3,5.9,3,5.9,1.0,1.0
,,9,07:45 - 07:59,Cashier,27.86,5,5.57,5,5.57,5,5.57,1.0,1.0
,,9,08:00 - 08:14,Cashier,34.23,9,3.8,9,3.8,9,3.8,1.0,1.0
,,9,08:15 - 08:29,Cashier,37.34,7,5.33,7,5.33,7,5.33,1.0,1.0
,,9,08:30 - 08:44,Cashier,28.3,6,4.72,6,4.72,6,4.72,1.0,1.0
,,9,08:45 - 08:59,Cashier,35.79,5,7.16,5,7.16,5,7.16,1.0,1.0
,,9,09:00 - 09:14,Cashier,20.34,3,6.78,3,6.78,3,6.78,1.0,1.0
,,9,09:15 - 09:29,Cashier,70.34,12,5.86,12,5.86,12,5.86,1.0,1.0
,,9,09:30 - 09:44,Cashier,80.52,14,5.75,14,5.75,14,5.75,1.0,1.0
,,9,09:45 - 09:59,Cashier,22.5,5,4.5,5,4.5,5,4.5,1.0,1.0
,,9,10:00 - 10:14,Cashier,45.73,8,5.72,8,5.72,8,5.72,1.0,1.0
,,9,10:15 - 10:29,Cashier,107.93,15,7.2,15,7.2,15,7.2,1.0,1.0
,,9,10:30 - 10:44,Cashier,160.34,19,8.44,19,8.44,19,8.44,1.0,1.0
,,9,10:45 - 10:59,Cashier,102.28,12,8.52,12,8.52,12,8.52,1.0,1.0
,,9,11:00 - 11:14,Cashier,67.41,9,7.49,9,7.49,9,7.49,1.0,1.0
,,9,11:15 - 11:29,Cashier,77.56,16,4.85,16,4.85,16,4.85,1.0,1.0
,,9,11:30 - 11:44,Cashier,77.57,12,6.46,12,6.46,12,6.46,1.0,1.0
,,9,11:45 - 11:59,Cashier,112.39,13,8.65,13,8.65,13,8.65,1.0,1.0
,,9,12:00 - 12:14,Cashier,69.04,9,7.67,9,7.67,9,7.67,1.0,1.0
,,9,12:15 - 12:29,Cashier,113.37,14,8.1,14,8.1,14,8.1,1.0,1.0
,,9,12:30 - 12:44,Cashier,110.54,13,8.5,13,8.5,13,8.5,1.0,1.0
,,9,12:45 - 12:59,Cashier,96.94,13,7.46,13,7.46,13,7.46,1.0,1.0
,,9,13:00 - 13:14,Cashier,81.35,10,8.13,10,8.13,10,8.13,1.0,1.0
,,9,13:15 - 13:29,Cashier,74.99,12,6.25,12,6.25,12,6.25,1.0,1.0
,,9,13:30 - 13:44,Cashier,106.39,17,6.26,17,6.26,17,6.26,1.0,1.0
,,9,13:45 - 13:59,Cashier,54.23,11,4.93,11,4.93,11,4.93,1.0,1.0
,,9,14:00 - 14:14,Cashier,57.72,10,5.77,10,5.77,10,5.77,1.0,1.0
,,9,14:15 - 14:29,Cashier,47.32,11,4.3,11,4.3,11,4.3,1.0,1.0
,,9,14:30 - 14:44,Cashier,50.78,10,5.08,10,5.08,10,5.08,1.0,1.0
,,9,14:45 - 14:59,Cashier,26.29,3,8.76,3,8.76,3,8.76,1.0,1.0
,,9,15:00 - 15:14,Cashier,43.47,9,4.83,9,4.83,9,4.83,1.0,1.0
,,9,15:15 - 15:29,Cashier,66.67,13,5.13,13,5.13,13,5.13,1.0,1.0
,,9,15:30 - 15:44,Cashier,42.27,9,4.7,9,4.7,9,4.7,1.0,1.0
,,9,15:45 - 15:59,Cashier,23.68,6,3.95,6,3.95,6,3.95,1.0,1.0
,,9,16:00 - 16:14,Cashier,29.28,7,4.18,7,4.18,7,4.18,1.0,1.0
,,9,16:15 - 16:29,Cashier,34.69,6,5.78,6,5.78,6,5.78,1.0,1.0
,,9,16:30 - 16:44,Cashier,16.7,3,5.57,3,5.57,3,5.57,1.0,1.0
,,9,16:45 - 16:59,Cashier,48.2,7,6.89,7,6.89,7,6.89,1.0,1.0
,,9,17:00 - 17:14,Cashier,8.55,2,4.28,2,4.28,2,4.28,1.0,1.0
,,9,---,---,2328.6,368,6.33,368,6.33,368,6.33,1.0,1.0
,,10,07:45 - 07:59,Cashier,32.99,6,5.5,6,5.5,6,5.5,1.0,1.0
,,10,08:00 - 08:14,Cashier,53.94,10,5.39,10,5.39,10,5.39,1.0,1.0
,,10,08:15 - 08:29,Cashier,37.29,5,7.46,5,7.46,5,7.46,1.0,1.0
,,10,08:30 - 08:44,Cashier,31.83,6,5.3,6,5.3,6,5.3,1.0,1.0
,,10,08:45 - 08:59,Cashier,26.6,5,5.32,5,5.32,5,5.32,1.0,1.0
,,10,09:00 - 09:14,Cashier,56.06,8,7.01,8,7.01,8,7.01,1.0,1.0
,,10,09:15 - 09:29,Cashier,28.96,6,4.83,6,4.83,6,4.83,1.0,1.0
,,10,09:30 - 09:44,Cashier,28.44,6,4.74,6,4.74,6,4.74,1.0,1.0
,,10,09:45 - 09:59,Cashier,171.74,13,13.21,13,13.21,13,13.21,1.0,1.0
,,10,10:00 - 10:14,Cashier,96.83,15,6.46,15,6.46,15,6.46,1.0,1.0
,,10,10:15 - 10:29,Cashier,65.2,12,5.43,12,5.43,12,5.43,1.0,1.0
,,10,10:30 - 10:44,Cashier,84.92,10,8.49,10,8.49,10,8.49,1.0,1.0
,,10,10:45 - 10:59,Cashier,24.32,4,6.08,4,6.08,4,6.08,1.0,1.0
,,10,11:00 - 11:14,Cashier,48.16,7,6.88,7,6.88,7,6.88,1.0,1.0
,,10,11:15 - 11:29,Cashier,95.72,13,7.36,13,7.36,13,7.36,1.0,1.0
,,10,11:30 - 11:44,Cashier,78.9,12,6.58,12,6.58,12,6.58,1.0,1.0
,,10,11:45 - 11:59,Cashier,27.24,4,6.81,4,6.81,4,6.81,1.0,1.0
,,10,12:00 - 12:14,Cashier,51.79,7,7.4,7,7.4,7,7.4,1.0,1.0
,,10,12:15 - 12:29,Cashier,103.0,13,7.92,13,7.92,13,7.92,1.0,1.0
,,10,12:30 - 12:44,Cashier,101.54,10,10.15,10,10.15,10,10.15,1.0,1.0
,,10,12:45 - 12:59,Cashier,84.82,9,9.42,9,9.42,9,9.42,1.0,1.0
,,10,13:00 - 13:14,Cashier,81.35,11,7.4,11,7.4,11,7.4,1.0,1.0
,,10,13:15 - 13:29,Cashier,85.03,14,6.07,14,6.07,14,6.07,1.0,1.0
,,10,13:30 - 13:44,Cashier,95.02,15,6.33,15,6.33,15,6.33,1.0,1.0
,,10,13:45 - 13:59,Cashier,70.67,9,7.85,9,7.85,9,7.85,1.0,1.0
,,10,14:00 - 14:14,Cashier,37.92,8,4.74,8,4.74,8,4.74,1.0,1.0
,,10,14:15 - 14:29,Cashier,72.49,16,4.53,16,4.53,16,4.53,1.0,1.0
,,10,14:30 - 14:44,Cashier,39.35,9,4.37,9,4.37,9,4.37,1.0,1.0
,,10,14:45 - 14:59,Cashier,38.24,8,4.78,8,4.78,8,4.78,1.0,1.0
,,10,15:00 - 15:14,Cashier,47.11,7,6.73,7,6.73,7,6.73,1.0,1.0
,,10,15:15 - 15:29,Cashier,47.28,12,3.94,12,3.94,12,3.94,1.0,1.0
,,10,15:30 - 15:44,Cashier,20.68,5,4.14,5,4.14,5,4.14,1.0,1.0
,,10,15:45 - 15:59,Cashier,16.98,4,4.25,4,4.25,4,4.25,1.0,1.0
,,10,16:00 - 16:14,Cashier,15.75,4,3.94,4,3.94,4,3.94,1.0,1.0
,,10,16:15 - 16:29,Cashier,6.05,1,6.05,1,6.05,1,6.05,1.0,1.0
,,10,16:30 - 16:44,Cashier,22.43,4,5.61,4,5.61,4,5.61,1.0,1.0
,,10,16:45 - 16:59,Cashier,27.85,6,4.64,6,4.64,6,4.64,1.0,1.0
,,10,---,---,2054.49,314,6.54,314,6.54,314,6.54,1.0,1.0
,,11,07:30 - 07:44,Cashier,24.14,3,8.05,3,8.05,3,8.05,1.0,1.0
,,11,07:45 - 07:59,Cashier,7.75,1,7.75,1,7.75,1,7.75,1.0,1.0
,,11,08:00 - 08:14,Cashier,21.93,5,4.39,5,4.39,5,4.39,1.0,1.0
,,11,08:15 - 08:29,Cashier,23.39,4,5.85,4,5.85,4,5.85,1.0,1.0
,,11,08:30 - 08:44,Cashier,18.8,2,9.4,2,9.4,2,9.4,1.0,1.0
,,11,08:45 - 08:59,Cashier,58.17,9,6.46,9,6.46,9,6.46,1.0,1.0
,,11,09:00 - 09:14,Cashier,35.28,5,7.06,5,7.06,5,7.06,1.0,1.0
,,11,09:15 - 09:29,Cashier,76.71,12,6.39,12,6.39,12,6.39,1.0,1.0
,,11,09:30 - 09:44,Cashier,146.75,16,9.17,16,9.17,16,9.17,1.0,1.0
,,11,09:45 - 09:59,Cashier,43.79,6,7.3,6,7.3,6,7.3,1.0,1.0
,,11,10:00 - 10:14,Cashier,34.07,4,8.52,4,8.52,4,8.52,1.0,1.0
,,11,10:15 - 10:29,Cashier,44.23,7,6.32,7,6.32,7,6.32,1.0,1.0
,,11,10:30 - 10:44,Cashier,47.82,9,5.31,9,5.31,9,5.31,1.0,1.0
,,11,10:45 - 10:59,Cashier,26.58,5,5.32,5,5.32,5,5.32,1.0,1.0
,,11,11:00 - 11:14,Cashier,49.28,8,6.16,8,6.16,8,6.16,1.0,1.0
,,11,11:15 - 11:29,Cashier,118.75,16,7.42,16,7.42,16,7.42,1.0,1.0
,,11,11:30 - 11:44,Cashier,64.1,6,10.68,6,10.68,6,10.68,1.0,1.0
,,11,11:45 - 11:59,Cashier,51.34,7,7.33,7,7.33,7,7.33,1.0,1.0
,,11,12:00 - 12:14,Cashier,41.43,5,8.29,5,8.29,5,8.29,1.0,1.0
,,11,12:15 - 12:29,Cashier,93.32,14,6.67,14,6.67,14,6.67,1.0,1.0
,,11,12:30 - 12:44,Cashier,101.08,12,8.42,12,8.42,12,8.42,1.0,1.0
,,11,12:45 - 12:59,Cashier,44.17,7,6.31,7,6.31,7,6.31,1.0,1.0
,,11,13:00 - 13:14,Cashier,59.21,9,6.58,9,6.58,9,6.58,1.0,1.0
,,11,13:15 - 13:29,Cashier,54.64,9,6.07,9,6.07,9,6.07,1.0,1.0
,,11,13:30 - 13:44,Cashier,71.83,12,5.99,12,5.99,12,5.99,1.0,1.0
,,11,13:45 - 13:59,Cashier,83.85,13,6.45,13,6.45,13,6.45,1.0,1.0
,,11,14:00 - 14:14,Cashier,73.02,10,7.3,10,7.3,10,7.3,1.0,1.0
,,11,14:15 - 14:29,Cashier,61.63,9,6.85,9,6.85,9,6.85,1.0,1.0
,,11,14:30 - 14:44,Cashier,34.15,5,6.83,5,6.83,5,6.83,1.0,1.0
,,11,14:45 - 14:59,Cashier,13.05,3,4.35,3,4.35,3,4.35,1.0,1.0
,,11,15:00 - 15:14,Cashier,19.54,4,4.88,4,4.88,4,4.88,1.0,1.0
,,11,15:15 - 15:29,Cashier,78.57,14,5.61,14,5.61,14,5.61,1.0,1.0
,,11,15:30 - 15:44,Cashier,32.19,6,5.37,6,5.37,6,5.37,1.0,1.0
,,11,15:45 - 15:59,Cashier,8.65,3,2.88,3,2.88,3,2.88,1.0,1.0
,,11,16:00 - 16:14,Cashier,35.25,6,5.88,6,5.88,6,5.88,1.0,1.0
,,11,16:15 - 16:29,Cashier,24.64,6,4.11,6,4.11,6,4.11,1.0,1.0
,,11,16:30 - 16:44,Cashier,26.22,4,6.55,4,6.55,4,6.55,1.0,1.0
,,11,16:45 - 16:59,Cashier,7.5,2,3.75,2,3.75,2,3.75,1.0,1.0
,,11,---,---,1856.82,278,6.68,278,6.68,278,6.68,1.0,1.0
,,14,07:30 - 07:44,Cashier,6.2,2,3.1,2,3.1,2,3.1,1.0,1.0
,,14,07:45 - 07:59,Cashier,9.39,3,3.13,3,3.13,3,3.13,1.0,1.0
,,14,08:00 - 08:14,Cashier,18.43,3,6.14,3,6.14,3,6.14,1.0,1.0
,,14,08:15 - 08:29,Cashier,43.65,7,6.24,7,6.24,7,6.24,1.0,1.0
,,14,08:45 - 08:59,Cashier,35.18,6,5.86,6,5.86,6,5.86,1.0,1.0
,,14,09:00 - 09:14,Cashier,62.7,11,5.7,11,5.7,11,5.7,1.0,1.0
,,14,09:15 - 09:29,Cashier,51.83,8,6.48,8,6.48,8,6.48,1.0,1.0
,,14,09:30 - 09:44,Cashier,126.59,14,9.04,14,9.04,14,9.04,1.0,1.0
,,14,09:45 - 09:59,Cashier,67.94,10,6.79,10,6.79,10,6.79,1.0,1.0
,,14,10:00 - 10:14,Cashier,9.24,1,9.24,1,9.24,1,9.24,1.0,1.0
,,14,10:15 - 10:29,Cashier,92.98,13,7.15,13,7.15,13,7.15,1.0,1.0
,,14,10:30 - 10:44,Cashier,25.23,3,8.41,3,8.41,3,8.41,1.0,1.0
,,14,10:45 - 10:59,Cashier,59.15,8,7.39,8,7.39,8,7.39,1.0,1.0
,,14,11:00 - 11:14,Cashier,19.62,4,4.91,4,4.91,4,4.91,1.0,1.0
,,14,11:15 - 11:29,Cashier,70.73,13,5.44,13,5.44,13,5.44,1.0,1.0
,,14,11:30 - 11:44,Cashier,56.76,8,7.09,8,7.09,8,7.09,1.0,1.0
,,14,11:45 - 11:59,Cashier,20.2,5,4.04,5,4.04,5,4.04,1.0,1.0
,,14,12:00 - 12:14,Cashier,50.76,7,7.25,7,7.25,7,7.25,1.0,1.0
,,14,12:15 - 12:29,Cashier,117.07,16,7.32,16,7.32,16,7.32,1.0,1.0
,,14,12:30 - 12:44,Cashier,75.42,15,5.03,15,5.03,15,5.03,1.0,1.0
,,14,12:45 - 12:59,Cashier,50.28,8,6.29,8,6.29,8,6.29,1.0,1.0
,,14,13:00 - 13:14,Cashier,57.23,11,5.2,11,5.2,11,5.2,1.0,1.0
,,14,13:15 - 13:29,Cashier,73.27,14,5.23,14,5.23,14,5.23,1.0,1.0
,,14,13:30 - 13:44,Cashier,92.94,12,7.75,12,7.75,12,7.75,1.0,1.0
,,14,13:45 - 13:59,Cashier,14.7,2,7.35,2,7.35,2,7.35,1.0,1.0
,,14,14:00 - 14:14,Cashier,40.74,5,8.15,5,8.15,5,8.15,1.0,1.0
,,14,14:15 - 14:29,Cashier,42.59,10,4.26,10,4.26,10,4.26,1.0,1.0
,,14,14:30 - 14:44,Cashier,56.93,10,5.69,10,5.69,10,5.69,1.0,1.0
,,14,14:45 - 14:59,Cashier,35.99,8,4.5,8,4.5,8,4.5,1.0,1.0
,,14,15:00 - 15:14,Cashier,47.57,11,4.32,11,4.32,11,4.32,1.0,1.0
,,14,15:15 - 15:29,Cashier,61.58,13,4.74,13,4.74,13,4.74,1.0,1.0
,,14,15:30 - 15:44,Cashier,54.45,9,6.05,9,6.05,9,6.05,1.0,1.0
,,14,15:45 - 15:59,Cashier,15.48,4,3.87,4,3.87,4,3.87,1.0,1.0
,,14,16:00 - 16:14,Cashier,5.63,3,1.88,3,1.88,3,1.88,1.0,1.0
,,14,16:15 - 16:29,Cashier,35.07,6,5.84,6,5.84,6,5.84,1.0,1.0
,,14,16:30 - 16:44,Cashier,10.7,1,10.7,1,10.7,1,10.7,1.0,1.0
,,14,16:45 - 16:59,Cashier,9.2,3,3.07,3,3.07,3,3.07,1.0,1.0
,,14,---,---,1723.42,287,6.0,287,6.0,287,6.0,1.0,1.0
,,15,07:30 - 07:44,Cashier,7.19,2,3.6,2,3.6,2,3.6,1.0,1.0
,,15,07:45 - 07:59,Cashier,16.1,4,4.03,4,4.03,4,4.03,1.0,1.0
,,15,08:00 - 08:14,Cashier,7.75,1,7.75,1,7.75,1,7.75,1.0,1.0
,,15,08:15 - 08:29,Cashier,31.6,6,5.27,6,5.27,6,5.27,1.0,1.0
,,15,08:30 - 08:44,Cashier,9.5,2,4.75,2,4.75,2,4.75,1.0,1.0
,,15,08:45 - 08:59,Cashier,13.55,4,3.39,4,3.39,4,3.39,1.0,1.0
,,15,09:00 - 09:14,Cashier,42.55,6,7.09,6,7.09,6,7.09,1.0,1.0
,,15,09:15 - 09:29,Cashier,65.48,12,5.46,12,5.46,12,5.46,1.0,1.0
,,15,09:30 - 09:44,Cashier,24.93,5,4.99,5,4.99,5,4.99,1.0,1.0
,,15,09:45 - 09:59,Cashier,67.0,11,6.09,11,6.09,11,6.09,1.0,1.0
,,15,10:00 - 10:14,Cashier,31.03,5,6.21,5,6.21,5,6.21,1.0,1.0
,,15,10:15 - 10:29,Cashier,34.03,6,5.67,6,5.67,6,5.67,1.0,1.0
,,15,10:30 - 10:44,Cashier,55.53,8,6.94,8,6.94,8,6.94,1.0,1.0
,,15,10:45 - 10:59,Cashier,18.04,3,6.01,3,6.01,3,6.01,1.0,1.0
,,15,11:00 - 11:14,Cashier,34.52,6,5.75,6,5.75,6,5.75,1.0,1.0
,,15,11:15 - 11:29,Cashier,47.9,8,5.99,8,5.99,8,5.99,1.0,1.0
,,15,11:30 - 11:44,Cashier,92.13,17,5.42,17,5.42,17,5.42,1.0,1.0
,,15,11:45 - 11:59,Cashier,34.24,5,6.85,5,6.85,5,6.85,1.0,1.0
,,15,12:00 - 12:14,Cashier,66.13,12,5.51,12,5.51,12,5.51,1.0,1.0
,,15,12:15 - 12:29,Cashier,76.39,17,4.49,17,4.49,17,4.49,1.0,1.0
,,15,12:30 - 12:44,Cashier,80.66,12,6.72,12,6.72,12,6.72,1.0,1.0
,,15,12:45 - 12:59,Cashier,43.03,8,5.38,8,5.38,8,5.38,1.0,1.0
,,15,13:00 - 13:14,Cashier,73.88,13,5.68,13,5.68,13,5.68,1.0,1.0
,,15,13:15 - 13:29,Cashier,98.78,12,8.23,12,8.23,12,8.23,1.0,1.0
,,15,13:30 - 13:44,Cashier,32.13,6,5.36,6,5.36,6,5.36,1.0,1.0
,,15,13:45 - 13:59,Cashier,44.42,8,5.55,8,5.55,8,5.55,1.0,1.0
,,15,14:00 - 14:14,Cashier,37.18,7,5.31,7,5.31,7,5.31,1.0,1.0
,,15,14:15 - 14:29,Cashier,78.39,15,5.23,15,5.23,15,5.23,1.0,1.0
,,15,14:30 - 14:44,Cashier,16.7,4,4.17,4,4.17,4,4.17,1.0,1.0
,,15,14:45 - 14:59,Cashier,34.32,8,4.29,8,4.29,8,4.29,1.0,1.0
,,15,15:00 - 15:14,Cashier,38.03,7,5.43,7,5.43,7,5.43,1.0,1.0
,,15,15:15 - 15:29,Cashier,57.28,12,4.77,12,4.77,12,4.77,1.0,1.0
,,15,15:30 - 15:44,Cashier,50.97,10,5.1,10,5.1,10,5.1,1.0,1.0
,,15,15:45 - 15:59,Cashier,28.85,6,4.81,6,4.81,6,4.81,1.0,1.0
,,15,16:00 - 16:14,Cashier,39.75,6,6.63,6,6.63,6,6.63,1.0,1.0
,,15,16:15 - 16:29,Cashier,88.84,15,5.92,15,5.92,15,5.92,1.0,1.0
,,15,16:30 - 16:44,Cashier,15.65,2,7.83,2,7.83,2,7.83,1.0,1.0
,,15,16:45 - 16:59,Cashier,12.19,3,4.06,3,4.06,3,4.06,1.0,1.0
,,15,---,---,1646.64,294,5.6,294,5.6,294,5.6,1.0,1.0
,,16,07:30 - 07:44,Cashier,37.88,7,5.41,7,5.41,7,5.41,1.0,1.0
,,16,07:45 - 07:59,Cashier,11.25,3,3.75,3,3.75,3,3.75,1.0,1.0
,,16,08:00 - 08:14,Cashier,55.54,10,5.55,10,5.55,10,5.55,1.0,1.0
,,16,08:15 - 08:29,Cashier,73.63,12,6.14,12,6.14,12,6.14,1.0,1.0
,,16,08:30 - 08:44,Cashier,9.63,2,4.82,2,4.82,2,4.82,1.0,1.0
,,16,08:45 - 08:59,Cashier,20.94,2,10.47,2,10.47,2,10.47,1.0,1.0
,,16,09:00 - 09:14,Cashier,23.09,3,7.7,3,7.7,3,7.7,1.0,1.0
,,16,09:15 - 09:29,Cashier,50.41,8,6.3,8,6.3,8,6.3,1.0,1.0
,,16,09:30 - 09:44,Cashier,38.48,6,6.41,6,6.41,6,6.41,1.0,1.0
,,16,09:45 - 09:59,Cashier,84.31,11,7.66,11,7.66,11,7.66,1.0,1.0
,,16,10:00 - 10:14,Cashier,112.97,16,7.06,16,7.06,16,7.06,1.0,1.0
,,16,10:15 - 10:29,Cashier,109.04,19,5.74,19,5.74,19,5.74,1.0,1.0
,,16,10:30 - 10:44,Cashier,101.23,15,6.75,15,6.75,15,6.75,1.0,1.0
,,16,10:45 - 10:59,Cashier,63.98,8,8.0,8,8.0,8,8.0,1.0,1.0
,,16,11:00 - 11:14,Cashier,27.33,3,9.11,3,9.11,3,9.11,1.0,1.0
,,16,11:15 - 11:29,Cashier,104.09,17,6.12,17,6.12,17,6.12,1.0,1.0
,,16,11:30 - 11:44,Cashier,74.48,8,9.31,8,9.31,8,9.31,1.0,1.0
,,16,11:45 - 11:59,Cashier,92.21,10,9.22,10,9.22,10,9.22,1.0,1.0
,,16,12:00 - 12:14,Cashier,105.48,15,7.03,15,7.03,15,7.03,1.0,1.0
,,16,12:15 - 12:29,Cashier,110.85,16,6.93,16,6.93,16,6.93,1.0,1.0
,,16,12:30 - 12:44,Cashier,181.06,19,9.53,19,9.53,19,9.53,1.0,1.0
,,16,12:45 - 12:59,Cashier,84.79,14,6.06,14,6.06,14,6.06,1.0,1.0
,,16,13:00 - 13:14,Cashier,111.57,13,8.58,13,8.58,13,8.58,1.0,1.0
,,16,13:15 - 13:29,Cashier,86.41,13,6.65,13,6.65,13,6.65,1.0,1.0
,,16,13:30 - 13:44,Cashier,69.52,12,5.79,12,5.79,12,5.79,1.0,1.0
,,16,13:45 - 13:59,Cashier,34.58,5,6.92,5,6.92,5,6.92,1.0,1.0
,,16,14:00 - 14:14,Cashier,29.44,4,7.36,4,7.36,4,7.36,1.0,1.0
,,16,14:15 - 14:29,Cashier,36.43,7,5.2,7,5.2,7,5.2,1.0,1.0
,,16,14:30 - 14:44,Cashier,73.05,11,6.64,11,6.64,11,6.64,1.0,1.0
,,16,14:45 - 14:59,Cashier,27.85,4,6.96,4,6.96,4,6.96,1.0,1.0
,,16,15:00 - 15:14,Cashier,47.79,9,5.31,9,5.31,9,5.31,1.0,1.0
,,16,15:15 - 15:29,Cashier,60.18,11,5.47,11,5.47,11,5.47,1.0,1.0
,,16,15:30 - 15:44,Cashier,80.81,12,6.73,12,6.73,12,6.73,1.0,1.0
,,16,15:45 - 15:59,Cashier,23.52,5,4.7,5,4.7,5,4.7,1.0,1.0
,,16,16:15 - 16:29,Cashier,57.8,8,7.22,8,7.22,8,7.22,1.0,1.0
,,16,16:30 - 16:44,Cashier,19.74,5,3.95,5,3.95,5,3.95,1.0,1.0
,,16,16:45 - 16:59,Cashier,36.42,7,5.2,7,5.2,7,5.2,1.0,1.0
,,16,---,---,2367.78,350,6.77,350,6.77,350,6.77,1.0,1.0
,,17,07:30 - 07:44,Cashier,20.8,3,6.93,3,6.93,3,6.93,1.0,1.0
,,17,07:45 - 07:59,Cashier,20.49,4,5.12,4,5.12,4,5.12,1.0,1.0
,,17,08:00 - 08:14,Cashier,62.87,10,6.29,10,6.29,10,6.29,1.0,1.0
,,17,08:15 - 08:29,Cashier,38.79,5,7.76,5,7.76,5,7.76,1.0,1.0
,,17,08:30 - 08:44,Cashier,27.79,4,6.95,4,6.95,4,6.95,1.0,1.0
,,17,08:45 - 08:59,Cashier,30.98,5,6.2,5,6.2,5,6.2,1.0,1.0
,,17,09:00 - 09:14,Cashier,36.08,5,7.22,5,7.22,5,7.22,1.0,1.0
,,17,09:15 - 09:29,Cashier,35.75,8,4.47,8,4.47,8,4.47,1.0,1.0
,,17,09:30 - 09:44,Cashier,67.56,10,6.76,10,6.76,10,6.76,1.0,1.0
,,17,09:45 - 09:59,Cashier,60.96,9,6.77,9,6.77,9,6.77,1.0,1.0
,,17,10:00 - 10:14,Cashier,93.16,14,6.65,14,6.65,14,6.65,1.0,1.0
,,17,10:15 - 10:29,Cashier,99.52,18,5.53,18,5.53,18,5.53,1.0,1.0
,,17,10:30 - 10:44,Cashier,60.22,10,6.02,10,6.02,10,6.02,1.0,1.0
,,17,10:45 - 10:59,Cashier,41.17,7,5.88,7,5.88,7,5.88,1.0,1.0
,,17,11:00 - 11:14,Cashier,97.87,14,6.99,14,6.99,14,6.99,1.0,1.0
,,17,11:15 - 11:29,Cashier,76.78,10,7.68,10,7.68,10,7.68,1.0,1.0
,,17,11:30 - 11:44,Cashier,111.46,15,7.43,15,7.43,15,7.43,1.0,1.0
,,17,11:45 - 11:59,Cashier,37.48,6,6.25,6,6.25,6,6.25,1.0,1.0
,,17,12:00 - 12:14,Cashier,96.29,14,6.88,14,6.88,14,6.88,1.0,1.0
,,17,12:15 - 12:29,Cashier,95.18,16,5.95,16,5.95,16,5.95,1.0,1.0
,,17,12:30 - 12:44,Cashier,100.1,14,7.15,14,7.15,14,7.15,1.0,1.0
,,17,12:45 - 12:59,Cashier,123.22,13,9.48,13,9.48,13,9.48,1.0,1.0
,,17,13:00 - 13:14,Cashier,96.65,18,5.37,18,5.37,18,5.37,1.0,1.0
,,17,13:15 - 13:29,Cashier,67.7,9,7.52,9,7.52,9,7.52,1.0,1.0
,,17,13:30 - 13:44,Cashier,86.35,10,8.63,10,8.63,10,8.63,1.0,1.0
,,17,13:45 - 13:59,Cashier,13.65,3,4.55,3,4.55,3,4.55,1.0,1.0
,,17,14:00 - 14:14,Cashier,44.52,6,7.42,6,7.42,6,7.42,1.0,1.0
,,17,14:15 - 14:29,Cashier,74.42,14,5.32,14,5.32,14,5.32,1.0,1.0
,,17,14:30 - 14:44,Cashier,59.98,10,6.0,10,6.0,10,6.0,1.0,1.0
,,17,14:45 - 14:59,Cashier,35.15,5,7.03,5,7.03,5,7.03,1.0,1.0
,,17,15:00 - 15:14,Cashier,60.88,7,8.7,7,8.7,7,8.7,1.0,1.0
,,17,15:15 - 15:29,Cashier,53.82,10,5.38,10,5.38,10,5.38,1.0,1.0
,,17,15:30 - 15:44,Cashier,37.78,6,6.3,6,6.3,6,6.3,1.0,1.0
,,17,15:45 - 15:59,Cashier,28.91,5,5.78,5,5.78,5,5.78,1.0,1.0
,,17,16:00 - 16:14,Cashier,5.45,1,5.45,1,5.45,1,5.45,1.0,1.0
,,17,16:15 - 16:29,Cashier,65.15,12,5.43,12,5.43,12,5.43,1.0,1.0
,,17,16:30 - 16:44,Cashier,26.96,4,6.74,4,6.74,4,6.74,1.0,1.0
,,17,16:45 - 16:59,Cashier,27.19,6,4.53,6,4.53,6,4.53,1.0,1.0
,,17,---,---,2219.08,340,6.53,340,6.53,340,6.53,1.0,1.0
,,18,07:30 - 07:44,Cashier,13.19,2,6.59,2,6.59,2,6.59,1.0,1.0
,,18,07:45 - 07:59,Cashier,37.54,5,7.51,5,7.51,5,7.51,1.0,1.0
,,18,08:00 - 08:14,Cashier,28.94,6,4.82,6,4.82,6,4.82,1.0,1.0
,,18,08:15 - 08:29,Cashier,21.7,4,5.42,4,5.42,4,5.42,1.0,1.0
,,18,08:30 - 08:44,Cashier,35.76,5,7.15,5,7.15,5,7.15,1.0,1.0
,,18,08:45 - 08:59,Cashier,53.12,10,5.31,10,5.31,10,5.31,1.0,1.0
,,18,09:00 - 09:14,Cashier,49.08,8,6.13,8,6.13,8,6.13,1.0,1.0
,,18,09:15 - 09:29,Cashier,69.47,12,5.79,12,5.79,12,5.79,1.0,1.0
,,18,09:30 - 09:44,Cashier,72.3,10,7.23,10,7.23,10,7.23,1.0,1.0
,,18,09:45 - 09:59,Cashier,108.43,14,7.75,14,7.75,14,7.75,1.0,1.0
,,18,10:00 - 10:14,Cashier,50.3,7,7.19,7,7.19,7,7.19,1.0,1.0
,,18,10:15 - 10:29,Cashier,56.59,11,5.14,11,5.14,11,5.14,1.0,1.0
,,18,10:30 - 10:44,Cashier,61.73,9,6.86,9,6.86,9,6.86,1.0,1.0
,,18,10:45 - 10:59,Cashier,38.91,3,12.97,3,12.97,3,12.97,1.0,1.0
,,18,11:00 - 11:14,Cashier,50.03,8,6.25,8,6.25,8,6.25,1.0,1.0
,,18,11:15 - 11:29,Cashier,89.03,14,6.36,14,6.36,14,6.36,1.0,1.0
,,18,11:30 - 11:44,Cashier,36.62,7,5.23,7,5.23,7,5.23,1.0,1.0
,,18,11:45 - 11:59,Cashier,38.53,7,5.5,7,5.5,7,5.5,1.0,1.0
,,18,12:00 - 12:14,Cashier,65.16,9,7.24,9,7.24,9,7.24,1.0,1.0
,,18,12:15 - 12:29,Cashier,138.51,19,7.29,19,7.29,19,7.29,1.0,1.0
,,18,12:30 - 12:44,Cashier,71.88,11,6.53,11,6.53,11,6.53,1.0,1.0
,,18,12:45 - 12:59,Cashier,14.95,2,7.47,2,7.47,2,7.47,1.0,1.0
,,18,13:00 - 13:14,Cashier,59.34,8,7.42,8,7.42,8,7.42,1.0,1.0
,,18,13:15 - 13:29,Cashier,81.2,13,6.25,13,6.25,13,6.25,1.0,1.0
,,18,13:30 - 13:44,Cashier,45.89,7,6.56,7,6.56,7,6.56,1.0,1.0
,,18,13:45 - 13:59,Cashier,39.33,6,6.55,6,6.55,6,6.55,1.0,1.0
,,18,14:00 - 14:14,Cashier,31.1,6,5.18,6,5.18,6,5.18,1.0,1.0
,,18,14:15 - 14:29,Cashier,43.19,8,5.4,8,5.4,8,5.4,1.0,1.0
,,18,14:30 - 14:44,Cashier,62.17,8,7.77,8,7.77,8,7.77,1.0,1.0
,,18,14:45 - 14:59,Cashier,60.59,7,8.66,7,8.66,7,8.66,1.0,1.0
,,18,15:00 - 15:14,Cashier,8.14,2,4.07,2,4.07,2,4.07,1.0,1.0
,,18,15:15 - 15:29,Cashier,70.44,11,6.4,11,6.4,11,6.4,1.0,1.0
,,18,15:30 - 15:44,Cashier,14.45,4,3.61,4,3.61,4,3.61,1.0,1.0
,,18,15:45 - 15:59,Cashier,45.39,7,6.48,7,6.48,7,6.48,1.0,1.0
,,18,16:00 - 16:14,Cashier,24.45,4,6.11,4,6.11,4,6.11,1.0,1.0
,,18,---,---,1787.45,274,6.52,274,6.52,274,6.52,1.0,1.0
,,22,07:30 - 07:44,Cashier,25.89,5,5.18,5,5.18,5,5.18,1.0,1.0
,,22,07:45 - 07:59,Cashier,42.28,7,6.04,7,6.04,7,6.04,1.0,1.0
,,22,08:00 - 08:14,Cashier,14.0,3,4.67,3,4.67,3,4.67,1.0,1.0
,,22,08:15 - 08:29,Cashier,39.94,8,4.99,8,4.99,8,4.99,1.0,1.0
,,22,08:30 - 08:44,Cashier,27.93,6,4.66,6,4.66,6,4.66,1.0,1.0
,,22,08:45 - 08:59,Cashier,13.59,3,4.53,3,4.53,3,4.53,1.0,1.0
,,22,09:00 - 09:14,Cashier,41.44,7,5.92,7,5.92,7,5.92,1.0,1.0
,,22,09:15 - 09:29,Cashier,33.42,7,4.77,7,4.77,7,4.77,1.0,1.0
,,22,09:30 - 09:44,Cashier,32.63,8,4.08,8,4.08,8,4.08,1.0,1.0
,,22,09:45 - 09:59,Cashier,57.76,8,7.22,8,7.22,8,7.22,1.0,1.0
,,22,10:00 - 10:14,Cashier,46.13,7,6.59,7,6.59,7,6.59,1.0,1.0
,,22,10:15 - 10:29,Cashier,107.88,17,6.35,17,6.35,17,6.35,1.0,1.0
,,22,10:30 - 10:44,Cashier,48.47,7,6.92,7,6.92,7,6.92,1.0,1.0
,,22,10:45 - 10:59,Cashier,24.65,4,6.16,4,6.16,4,6.16,1.0,1.0
,,22,11:00 - 11:14,Cashier,38.54,5,7.71,5,7.71,5,7.71,1.0,1.0
,,22,11:15 - 11:29,Cashier,70.58,11,6.42,11,6.42,11,6.42,1.0,1.0
,,22,11:30 - 11:44,Cashier,72.31,11,6.57,11,6.57,11,6.57,1.0,1.0
,,22,11:45 - 11:59,Cashier,18.42,5,3.68,5,3.68,5,3.68,1.0,1.0
,,22,12:00 - 12:14,Cashier,66.61,12,5.55,12,5.55,12,5.55,1.0,1.0
,,22,12:15 - 12:29,Cashier,67.04,13,5.16,13,5.16,13,5.16,1.0,1.0
,,22,12:30 - 12:44,Cashier,20.79,5,4.16,5,4.16,5,4.16,1.0,1.0
,,22,12:45 - 12:59,Cashier,90.82,16,5.68,16,5.68,16,5.68,1.0,1.0
,,22,13:00 - 13:14,Cashier,44.45,9,4.94,9,4.94,9,4.94,1.0,1.0
,,22,13:15 - 13:29,Cashier,38.55,7,5.51,7,5.51,7,5.51,1.0,1.0
,,22,13:30 - 13:44,Cashier,26.89,6,4.48,6,4.48,6,4.48,1.0,1.0
,,22,13:45 - 13:59,Cashier,33.35,6,5.56,6,5.56,6,5.56,1.0,1.0
,,22,14:00 - 14:14,Cashier,20.63,5,4.13,5,4.13,5,4.13,1.0,1.0
,,22,14:15 - 14:29,Cashier,35.72,7,5.1,7,5.1,7,5.1,1.0,1.0
,,22,14:30 - 14:44,Cashier,48.53,9,5.39,9,5.39,9,5.39,1.0,1.0
,,22,14:45 - 14:59,Cashier,29.7,4,7.42,4,7.42,4,7.42,1.0,1.0
,,22,15:00 - 15:14,Cashier,17.65,4,4.41,4,4.41,4,4.41,1.0,1.0
,,22,15:15 - 15:29,Cashier,30.33,7,4.33,7,4.33,7,4.33,1.0,1.0
,,22,15:30 - 15:44,Cashier,48.54,10,4.85,10,4.85,10,4.85,1.0,1.0
,,22,15:45 - 15:59,Cashier,25.24,4,6.31,4,6.31,4,6.31,1.0,1.0
,,22,16:00 - 16:14,Cashier,45.37,6,7.56,6,7.56,6,7.56,1.0,1.0
,,22,16:15 - 16:29,Cashier,10.59,3,3.53,3,3.53,3,3.53,1.0,1.0
,,22,16:30 - 16:44,Cashier,27.75,5,5.55,5,5.55,5,5.55,1.0,1.0
,,22,16:45 - 16:59,Cashier,46.97,8,5.87,8,5.87,8,5.87,1.0,1.0
,,22,17:00 - 17:14,Cashier,3.55,1,3.55,1,3.55,1,3.55,1.0,1.0
,,22,---,---,1534.93,276,5.56,276,5.56,276,5.56,1.0,1.0
,,23,07:30 - 07:44,Cashier,39.36,5,7.87,5,7.87,5,7.87,1.0,1.0
,,23,08:00 - 08:14,Cashier,15.77,3,5.26,3,5.26,3,5.26,1.0,1.0
,,23,08:15 - 08:29,Cashier,84.54,11,7.69,11,7.69,11,7.69,1.0,1.0
,,23,08:30 - 08:44,Cashier,42.18,6,7.03,6,7.03,6,7.03,1.0,1.0
,,23,08:45 - 08:59,Cashier,27.29,4,6.82,4,6.82,4,6.82,1.0,1.0
,,23,09:00 - 09:14,Cashier,34.4,7,4.91,7,4.91,7,4.91,1.0,1.0
,,23,09:15 - 09:29,Cashier,63.45,12,5.29,12,5.29,12,5.29,1.0,1.0
,,23,09:30 - 09:44,Cashier,70.25,11,6.39,11,6.39,11,6.39,1.0,1.0
,,23,09:45 - 09:59,Cashier,67.1,11,6.1,11,6.1,11,6.1,1.0,1.0
,,23,10:00 - 10:14,Cashier,43.31,6,7.22,6,7.22,6,7.22,1.0,1.0
,,23,10:15 - 10:29,Cashier,110.06,14,7.86,14,7.86,14,7.86,1.0,1.0
,,23,10:30 - 10:44,Cashier,88.94,13,6.84,13,6.84,13,6.84,1.0,1.0
,,23,10:45 - 10:59,Cashier,89.56,12,7.46,12,7.46,12,7.46,1.0,1.0
,,23,11:00 - 11:14,Cashier,23.64,4,5.91,4,5.91,4,5.91,1.0,1.0
,,23,11:15 - 11:29,Cashier,104.71,14,7.48,14,7.48,14,7.48,1.0,1.0
,,23,11:30 - 11:44,Cashier,130.04,18,7.22,17,7.65,18,7.22,0.94,0.94
,,23,11:45 - 11:59,Cashier,81.28,14,5.81,14,5.81,14,5.81,1.0,1.0
,,23,12:00 - 12:14,Cashier,78.58,12,6.55,12,6.55,12,6.55,1.0,1.0
,,23,12:15 - 12:29,Cashier,84.7,12,7.06,12,7.06,12,7.06,1.0,1.0
,,23,12:30 - 12:44,Cashier,117.81,16,7.36,16,7.36,16,7.36,1.0,1.0
,,23,12:45 - 12:59,Cashier,56.54,8,7.07,8,7.07,8,7.07,1.0,1.0
,,23,13:00 - 13:14,Cashier,94.29,14,6.74,14,6.74,14,6.74,1.0,1.0
,,23,13:15 - 13:29,Cashier,120.91,18,6.72,18,6.72,18,6.72,1.0,1.0
,,23,13:30 - 13:44,Cashier,82.26,12,6.86,12,6.86,12,6.86,1.0,1.0
,,23,13:45 - 13:59,Cashier,36.28,7,5.18,7,5.18,7,5.18,1.0,1.0
,,23,14:00 - 14:14,Cashier,8.24,1,8.24,1,8.24,1,8.24,1.0,1.0
,,23,14:30 - 14:44,Cashier,76.0,11,6.91,11,6.91,11,6.91,1.0,1.0
,,23,14:45 - 14:59,Cashier,45.72,8,5.71,8,5.71,8,5.71,1.0,1.0
,,23,15:00 - 15:14,Cashier,16.04,3,5.35,3,5.35,3,5.35,1.0,1.0
,,23,15:15 - 15:29,Cashier,85.57,17,5.03,17,5.03,17,5.03,1.0,1.0
,,23,15:30 - 15:44,Cashier,71.61,14,5.12,14,5.12,14,5.12,1.0,1.0
,,23,15:45 - 15:59,Cashier,43.4,8,5.42,8,5.42,8,5.42,1.0,1.0
,,23,16:00 - 16:14,Cashier,49.48,7,7.07,7,7.07,7,7.07,1.0,1.0
,,23,16:15 - 16:29,Cashier,29.59,7,4.23,7,4.23,7,4.23,1.0,1.0
,,23,16:30 - 16:44,Cashier,60.75,12,5.06,12,5.06,12,5.06,1.0,1.0
,,23,16:45 - 16:59,Cashier,13.14,3,4.38,3,4.38,3,4.38,1.0,1.0
,,23,---,---,2286.79,355,6.44,354,6.46,355,6.44,1.0,1.0
,,24,07:30 - 07:44,Cashier,32.41,3,10.8,3,10.8,3,10.8,1.0,1.0
,,24,07:45 - 07:59,Cashier,36.79,4,9.2,4,9.2,4,9.2,1.0,1.0
,,24,08:00 - 08:14,Cashier,30.25,5,6.05,5,6.05,5,6.05,1.0,1.0
,,24,08:15 - 08:29,Cashier,40.29,5,8.06,5,8.06,5,8.06,1.0,1.0
,,24,08:30 - 08:44,Cashier,44.39,5,8.88,5,8.88,5,8.88,1.0,1.0
,,24,08:45 - 08:59,Cashier,39.54,7,5.65,7,5.65,7,5.65,1.0,1.0
,,24,09:00 - 09:14,Cashier,26.68,3,8.89,3,8.89,3,8.89,1.0,1.0
,,24,09:15 - 09:29,Cashier,37.84,6,6.31,6,6.31,6,6.31,1.0,1.0
,,24,09:30 - 09:44,Cashier,83.32,11,7.57,11,7.57,11,7.57,1.0,1.0
,,24,09:45 - 09:59,Cashier,48.93,8,6.12,8,6.12,8,6.12,1.0,1.0
,,24,10:00 - 10:14,Cashier,112.32,12,9.36,12,9.36,12,9.36,1.0,1.0
,,24,10:15 - 10:29,Cashier,59.19,12,4.93,12,4.93,12,4.93,1.0,1.0
,,24,10:30 - 10:44,Cashier,36.54,6,6.09,6,6.09,6,6.09,1.0,1.0
,,24,10:45 - 10:59,Cashier,53.98,7,7.71,7,7.71,7,7.71,1.0,1.0
,,24,11:00 - 11:14,Cashier,38.99,5,7.8,5,7.8,5,7.8,1.0,1.0
,,24,11:15 - 11:29,Cashier,51.23,8,6.4,8,6.4,8,6.4,1.0,1.0
,,24,11:30 - 11:44,Cashier,77.35,11,7.03,11,7.03,11,7.03,1.0,1.0
,,24,11:45 - 11:59,Cashier,45.74,6,7.62,6,7.62,6,7.62,1.0,1.0
,,24,12:00 - 12:14,Cashier,81.8,11,7.44,11,7.44,11,7.44,1.0,1.0
,,24,12:15 - 12:29,Cashier,122.96,16,7.68,16,7.68,16,7.68,1.0,1.0
,,24,12:30 - 12:44,Cashier,71.77,11,6.52,11,6.52,11,6.52,1.0,1.0
,,24,12:45 - 12:59,Cashier,84.72,13,6.52,13,6.52,13,6.52,1.0,1.0
,,24,13:00 - 13:14,Cashier,82.27,9,9.14,9,9.14,9,9.14,1.0,1.0
,,24,13:15 - 13:29,Cashier,62.55,11,5.69,11,5.69,11,5.69,1.0,1.0
,,24,13:30 - 13:44,Cashier,65.71,9,7.3,9,7.3,9,7.3,1.0,1.0
,,24,13:45 - 13:59,Cashier,55.06,10,5.51,10,5.51,10,5.51,1.0,1.0
,,24,14:00 - 14:14,Cashier,24.9,5,4.98,5,4.98,5,4.98,1.0,1.0
,,24,14:15 - 14:29,Cashier,89.87,12,7.49,12,7.49,12,7.49,1.0,1.0
,,24,14:30 - 14:44,Cashier,28.36,8,3.54,8,3.54,8,3.54,1.0,1.0
,,24,14:45 - 14:59,Cashier,46.23,10,4.62,10,4.62,10,4.62,1.0,1.0
,,24,15:00 - 15:14,Cashier,40.54,8,5.07,8,5.07,8,5.07,1.0,1.0
,,24,15:15 - 15:29,Cashier,34.03,7,4.86,7,4.86,7,4.86,1.0,1.0
,,24,15:30 - 15:44,Cashier,5.75,1,5.75,1,5.75,1,5.75,1.0,1.0
,,24,15:45 - 15:59,Cashier,63.42,12,5.29,12,5.29,12,5.29,1.0,1.0
,,24,16:00 - 16:14,Cashier,35.17,7,5.02,7,5.02,7,5.02,1.0,1.0
,,24,16:15 - 16:29,Cashier,54.46,8,6.81,8,6.81,8,6.81,1.0,1.0
,,24,16:30 - 16:44,Cashier,66.83,6,11.14,6,11.14,6,11.14,1.0,1.0
,,24,16:45 - 16:59,Cashier,43.32,7,6.19,7,6.19,7,6.19,1.0,1.0
,,24,17:00 - 17:14,Cashier,4.99,1,4.99,1,4.99,1,4.99,1.0,1.0
,,24,---,---,2060.49,306,6.73,306,6.73,306,6.73,1.0,1.0
,,25,07:30 - 07:44,Cashier,26.79,3,8.93,3,8.93,3,8.93,1.0,1.0
,,25,07:45 - 07:59,Cashier,10.8,3,3.6,3,3.6,3,3.6,1.0,1.0
,,25,08:00 - 08:14,Cashier,45.22,7,6.46,7,6.46,7,6.46,1.0,1.0
,,25,08:15 - 08:29,Cashier,13.45,3,4.48,3,4.48,3,4.48,1.0,1.0
,,25,08:30 - 08:44,Cashier,35.06,5,7.01,5,7.01,5,7.01,1.0,1.0
,,25,08:45 - 08:59,Cashier,12.2,3,4.07,3,4.07,3,4.07,1.0,1.0
,,25,09:00 - 09:14,Cashier,34.44,5,6.89,5,6.89,5,6.89,1.0,1.0
,,25,09:15 - 09:29,Cashier,83.42,14,5.96,14,5.96,14,5.96,1.0,1.0
,,25,09:30 - 09:44,Cashier,89.41,11,8.13,11,8.13,11,8.13,1.0,1.0
,,25,09:45 - 09:59,Cashier,29.15,6,4.86,6,4.86,6,4.86,1.0,1.0
,,25,10:00 - 10:14,Cashier,72.91,10,7.29,10,7.29,10,7.29,1.0,1.0
,,25,10:15 - 10:29,Cashier,87.34,12,7.28,12,7.28,12,7.28,1.0,1.0
,,25,10:30 - 10:44,Cashier,31.48,6,5.25,6,5.25,6,5.25,1.0,1.0
,,25,10:45 - 10:59,Cashier,31.83,5,6.37,5,6.37,5,6.37,1.0,1.0
,,25,11:00 - 11:14,Cashier,13.18,2,6.59,2,6.59,2,6.59,1.0,1.0
,,25,11:15 - 11:29,Cashier,48.27,10,4.83,10,4.83,10,4.83,1.0,1.0
,,25,11:30 - 11:44,Cashier,80.03,11,7.28,11,7.28,11,7.28,1.0,1.0
,,25,11:45 - 11:59,Cashier,69.91,8,8.74,8,8.74,8,8.74,1.0,1.0
,,25,12:00 - 12:14,Cashier,76.74,11,6.98,11,6.98,11,6.98,1.0,1.0
,,25,12:15 - 12:29,Cashier,151.29,16,9.46,16,9.46,16,9.46,1.0,1.0
,,25,12:30 - 12:44,Cashier,100.52,12,8.38,12,8.38,12,8.38,1.0,1.0
,,25,12:45 - 12:59,Cashier,25.84,4,6.46,4,6.46,4,6.46,1.0,1.0
,,25,13:00 - 13:14,Cashier,46.09,8,5.76,8,5.76,8,5.76,1.0,1.0
,,25,13:15 - 13:29,Cashier,47.42,8,5.93,8,5.93,8,5.93,1.0,1.0
,,25,13:30 - 13:44,Cashier,85.44,14,6.1,14,6.1,14,6.1,1.0,1.0
,,25,13:45 - 13:59,Cashier,76.34,11,6.94,11,6.94,11,6.94,1.0,1.0
,,25,14:00 - 14:14,Cashier,12.48,3,4.16,3,4.16,3,4.16,1.0,1.0
,,25,14:15 - 14:29,Cashier,76.69,10,7.67,10,7.67,10,7.67,1.0,1.0
,,25,14:30 - 14:44,Cashier,60.81,12,5.07,12,5.07,12,5.07,1.0,1.0
,,25,14:45 - 14:59,Cashier,43.68,6,7.28,6,7.28,6,7.28,1.0,1.0
,,25,15:00 - 15:14,Cashier,37.0,7,5.29,7,5.29,7,5.29,1.0,1.0
,,25,15:15 - 15:29,Cashier,28.6,6,4.77,6,4.77,6,4.77,1.0,1.0
,,25,15:30 - 15:44,Cashier,19.49,3,6.5,3,6.5,3,6.5,1.0,1.0
,,25,15:45 - 15:59,Cashier,24.75,4,6.19,4,6.19,4,6.19,1.0,1.0
,,25,16:00 - 16:14,Cashier,27.54,4,6.88,4,6.88,4,6.88,1.0,1.0
,,25,16:15 - 16:29,Cashier,46.43,7,6.63,7,6.63,7,6.63,1.0,1.0
,,25,16:30 - 16:44,Cashier,58.42,7,8.35,7,8.35,7,8.35,1.0,1.0
,,25,16:45 - 16:59,Cashier,12.85,3,4.28,3,4.28,3,4.28,1.0,1.0
,,25,---,---,1873.31,280,6.69,280,6.69,280,6.69,1.0,1.0
,,28,07:30 - 07:44,Cashier,8.95,3,2.98,3,2.98,3,2.98,1.0,1.0
,,28,08:15 - 08:29,Cashier,14.54,3,4.85,3,4.85,3,4.85,1.0,1.0
,,28,08:30 - 08:44,Cashier,16.54,2,8.27,2,8.27,2,8.27,1.0,1.0
,,28,08:45 - 08:59,Cashier,22.28,4,5.57,4,5.57,4,5.57,1.0,1.0
,,28,09:00 - 09:14,Cashier,64.88,12,5.41,12,5.41,12,5.41,1.0,1.0
,,28,09:15 - 09:29,Cashier,33.28,7,4.75,7,4.75,7,4.75,1.0,1.0
,,28,09:30 - 09:44,Cashier,31.75,5,6.35,5,6.35,5,6.35,1.0,1.0
,,28,09:45 - 09:59,Cashier,43.66,6,7.28,6,7.28,6,7.28,1.0,1.0
,,28,10:00 - 10:14,Cashier,58.02,7,8.29,7,8.29,7,8.29,1.0,1.0
,,28,10:15 - 10:29,Cashier,31.63,7,4.52,7,4.52,7,4.52,1.0,1.0
,,28,10:30 - 10:44,Cashier,57.11,8,7.14,8,7.14,8,7.14,1.0,1.0
,,28,10:45 - 10:59,Cashier,37.37,5,7.47,5,7.47,5,7.47,1.0,1.0
,,28,11:00 - 11:14,Cashier,33.37,6,5.56,6,5.56,6,5.56,1.0,1.0
,,28,11:15 - 11:29,Cashier,48.16,9,5.35,9,5.35,9,5.35,1.0,1.0
,,28,11:30 - 11:44,Cashier,44.93,5,8.99,5,8.99,5,8.99,1.0,1.0
,,28,11:45 - 11:59,Cashier,45.03,5,9.01,5,9.01,5,9.01,1.0,1.0
,,28,12:00 - 12:14,Cashier,82.11,10,8.21,10,8.21,10,8.21,1.0,1.0
,,28,12:15 - 12:29,Cashier,89.87,11,8.17,11,8.17,11,8.17,1.0,1.0
,,28,12:30 - 12:44,Cashier,122.25,14,8.73,14,8.73,14,8.73,1.0,1.0
,,28,12:45 - 12:59,Cashier,83.35,8,10.42,8,10.42,8,10.42,1.0,1.0
,,28,13:00 - 13:14,Cashier,66.21,9,7.36,9,7.36,9,7.36,1.0,1.0
,,28,13:15 - 13:29,Cashier,138.0,15,9.2,15,9.2,15,9.2,1.0,1.0
,,28,13:30 - 13:44,Cashier,36.65,6,6.11,6,6.11,6,6.11,1.0,1.0
,,28,13:45 - 13:59,Cashier,78.92,12,6.58,12,6.58,12,6.58,1.0,1.0
,,28,14:00 - 14:14,Cashier,19.45,4,4.86,4,4.86,4,4.86,1.0,1.0
,,28,14:15 - 14:29,Cashier,42.74,10,4.27,10,4.27,10,4.27,1.0,1.0
,,28,14:30 - 14:44,Cashier,50.31,7,7.19,7,7.19,7,7.19,1.0,1.0
,,28,14:45 - 14:59,Cashier,26.44,5,5.29,5,5.29,5,5.29,1.0,1.0
,,28,15:00 - 15:14,Cashier,27.47,5,5.49,5,5.49,5,5.49,1.0,1.0
,,28,15:15 - 15:29,Cashier,69.73,10,6.97,10,6.97,10,6.97,1.0,1.0
,,28,15:30 - 15:44,Cashier,70.57,11,6.42,11,6.42,11,6.42,1.0,1.0
,,28,15:45 - 15:59,Cashier,5.88,2,2.94,2,2.94,2,2.94,1.0,1.0
,,28,16:00 - 16:14,Cashier,31.99,4,8.0,4,8.0,4,8.0,1.0,1.0
,,28,16:15 - 16:29,Cashier,56.84,8,7.11,8,7.11,8,7.11,1.0,1.0
,,28,16:30 - 16:44,Cashier,25.14,6,4.19,6,4.19,6,4.19,1.0,1.0
,,28,16:45 - 16:59,Cashier,18.35,3,6.12,3,6.12,3,6.12,1.0,1.0
,,28,17:00 - 17:14,Cashier,8.2,1,8.2,1,8.2,1,8.2,1.0,1.0
,,28,---,---,1741.97,255,6.83,255,6.83,255,6.83,1.0,1.0
,2,---,---,---,37524.26,5906,6.35,5904,6.36,5906,6.35,1.0,1.0
,3,1,07:30 - 07:44,Cashier,15.83,2,7.92,2,7.92,2,7.92,1.0,1.0
,,1,07:45 - 07:59,Cashier,10.05,2,5.03,2,5.03,2,5.03,1.0,1.0
,,1,08:00 - 08:14,Cashier,23.2,6,3.87,6,3.87,6,3.87,1.0,1.0
,,1,08:15 - 08:29,Cashier,10.75,2,5.38,2,5.38,2,5.38,1.0,1.0
,,1,08:30 - 08:44,Cashier,49.63,5,9.93,5,9.93,5,9.93,1.0,1.0
,,1,08:45 - 08:59,Cashier,44.63,8,5.58,8,5.58,8,5.58,1.0,1.0
,,1,09:00 - 09:14,Cashier,45.54,8,5.69,8,5.69,8,5.69,1.0,1.0
,,1,09:15 - 09:29,Cashier,66.18,11,6.02,11,6.02,11,6.02,1.0,1.0
,,1,09:30 - 09:44,Cashier,46.08,8,5.76,8,5.76,8,5.76,1.0,1.0
,,1,09:45 - 09:59,Cashier,47.25,6,7.88,6,7.88,6,7.88,1.0,1.0
,,1,10:00 - 10:14,Cashier,40.46,10,4.05,10,4.05,10,4.05,1.0,1.0
,,1,10:15 - 10:29,Cashier,68.51,11,6.23,11,6.23,11,6.23,1.0,1.0
,,1,10:30 - 10:44,Cashier,40.08,7,5.73,7,5.73,7,5.73,1.0,1.0
,,1,10:45 - 10:59,Cashier,41.84,7,5.98,7,5.98,7,5.98,1.0,1.0
,,1,11:00 - 11:14,Cashier,41.57,5,8.31,5,8.31,5,8.31,1.0,1.0
,,1,11:15 - 11:29,Cashier,85.75,11,7.8,11,7.8,11,7.8,1.0,1.0
,,1,11:30 - 11:44,Cashier,108.86,14,7.78,14,7.78,14,7.78,1.0,1.0
,,1,11:45 - 11:59,Cashier,55.44,9,6.16,9,6.16,9,6.16,1.0,1.0
,,1,12:00 - 12:14,Cashier,87.11,10,8.71,10,8.71,10,8.71,1.0,1.0
,,1,12:15 - 12:29,Cashier,90.95,16,5.68,16,5.68,16,5.68,1.0,1.0
,,1,12:30 - 12:44,Cashier,81.74,10,8.17,10,8.17,10,8.17,1.0,1.0
,,1,12:45 - 12:59,Cashier,115.14,16,7.2,16,7.2,16,7.2,1.0,1.0
,,1,13:00 - 13:14,Cashier,157.85,18,8.77,18,8.77,18,8.77,1.0,1.0
,,1,13:15 - 13:29,Cashier,53.34,8,6.67,8,6.67,8,6.67,1.0,1.0
,,1,13:30 - 13:44,Cashier,48.49,6,8.08,6,8.08,6,8.08,1.0,1.0
,,1,13:45 - 13:59,Cashier,44.22,8,5.53,8,5.53,8,5.53,1.0,1.0
,,1,14:00 - 14:14,Cashier,69.35,11,6.3,11,6.3,11,6.3,1.0,1.0
,,1,14:15 - 14:29,Cashier,41.49,7,5.93,7,5.93,7,5.93,1.0,1.0
,,1,14:30 - 14:44,Cashier,47.37,7,6.77,7,6.77,7,6.77,1.0,1.0
,,1,14:45 - 14:59,Cashier,37.36,7,5.34,7,5.34,7,5.34,1.0,1.0
,,1,15:00 - 15:14,Cashier,67.79,10,6.78,10,6.78,10,6.78,1.0,1.0
,,1,15:15 - 15:29,Cashier,70.46,12,5.87,12,5.87,12,5.87,1.0,1.0
,,1,15:30 - 15:44,Cashier,49.38,7,7.05,7,7.05,7,7.05,1.0,1.0
,,1,15:45 - 15:59,Cashier,93.74,17,5.51,17,5.51,17,5.51,1.0,1.0
,,1,16:00 - 16:14,Cashier,59.05,10,5.91,10,5.91,10,5.91,1.0,1.0
,,1,16:15 - 16:29,Cashier,26.83,6,4.47,6,4.47,6,4.47,1.0,1.0
,,1,16:30 - 16:44,Cashier,5.88,2,2.94,2,2.94,2,2.94,1.0,1.0
,,1,16:45 - 16:59,Cashier,16.94,4,4.24,4,4.24,4,4.24,1.0,1.0
,,1,17:00 - 17:14,Cashier,3.0,1,3.0,1,3.0,1,3.0,1.0,1.0
,,1,---,---,2109.13,325,6.49,325,6.49,325,6.49,1.0,1.0
,,2,07:15 - 07:29,Cashier,2.95,1,2.95,1,2.95,1,2.95,1.0,1.0
,,2,07:30 - 07:44,Cashier,35.53,6,5.92,6,5.92,6,5.92,1.0,1.0
,,2,08:00 - 08:14,Cashier,38.74,9,4.3,9,4.3,9,4.3,1.0,1.0
,,2,08:15 - 08:29,Cashier,63.47,11,5.77,11,5.77,11,5.77,1.0,1.0
,,2,08:30 - 08:44,Cashier,13.69,3,4.56,3,4.56,3,4.56,1.0,1.0
,,2,08:45 - 08:59,Cashier,56.77,9,6.31,9,6.31,9,6.31,1.0,1.0
,,2,09:00 - 09:14,Cashier,8.0,2,4.0,2,4.0,2,4.0,1.0,1.0
,,2,09:15 - 09:29,Cashier,73.17,12,6.1,12,6.1,12,6.1,1.0,1.0
,,2,09:30 - 09:44,Cashier,68.14,12,5.68,12,5.68,12,5.68,1.0,1.0
,,2,09:45 - 09:59,Cashier,30.6,6,5.1,6,5.1,6,5.1,1.0,1.0
,,2,10:00 - 10:14,Cashier,29.89,5,5.98,5,5.98,5,5.98,1.0,1.0
,,2,10:15 - 10:29,Cashier,103.21,10,10.32,10,10.32,10,10.32,1.0,1.0
,,2,10:30 - 10:44,Cashier,130.55,17,7.68,17,7.68,17,7.68,1.0,1.0
,,2,10:45 - 10:59,Cashier,51.66,9,5.74,9,5.74,9,5.74,1.0,1.0
,,2,11:00 - 11:14,Cashier,33.94,6,5.66,6,5.66,6,5.66,1.0,1.0
,,2,11:15 - 11:29,Cashier,81.38,11,7.4,11,7.4,11,7.4,1.0,1.0
,,2,11:30 - 11:44,Cashier,162.13,19,8.53,19,8.53,19,8.53,1.0,1.0
,,2,11:45 - 11:59,Cashier,115.64,13,8.9,13,8.9,13,8.9,1.0,1.0
,,2,12:00 - 12:14,Cashier,140.47,16,8.78,16,8.78,16,8.78,1.0,1.0
,,2,12:15 - 12:29,Cashier,137.42,17,8.08,17,8.08,17,8.08,1.0,1.0
,,2,12:30 - 12:44,Cashier,139.34,21,6.64,21,6.64,21,6.64,1.0,1.0
,,2,12:45 - 12:59,Cashier,122.12,15,8.14,15,8.14,15,8.14,1.0,1.0
,,2,13:00 - 13:14,Cashier,65.72,10,6.57,10,6.57,10,6.57,1.0,1.0
,,2,13:15 - 13:29,Cashier,79.51,12,6.63,12,6.63,12,6.63,1.0,1.0
,,2,13:30 - 13:44,Cashier,100.27,14,7.16,14,7.16,14,7.16,1.0,1.0
,,2,13:45 - 13:59,Cashier,61.47,10,6.15,10,6.15,10,6.15,1.0,1.0
,,2,14:00 - 14:14,Cashier,57.01,9,6.33,9,6.33,9,6.33,1.0,1.0
,,2,14:15 - 14:29,Cashier,92.15,16,5.76,16,5.76,16,5.76,1.0,1.0
,,2,14:30 - 14:44,Cashier,50.6,9,5.62,9,5.62,9,5.62,1.0,1.0
,,2,14:45 - 14:59,Cashier,69.79,12,5.82,12,5.82,12,5.82,1.0,1.0
,,2,15:00 - 15:14,Cashier,40.05,10,4.0,10,4.0,10,4.0,1.0,1.0
,,2,15:15 - 15:29,Cashier,67.22,12,5.6,12,5.6,12,5.6,1.0,1.0
,,2,15:30 - 15:44,Cashier,51.88,10,5.19,10,5.19,10,5.19,1.0,1.0
,,2,15:45 - 15:59,Cashier,19.88,4,4.97,4,4.97,4,4.97,1.0,1.0
,,2,16:00 - 16:14,Cashier,40.79,8,5.1,8,5.1,8,5.1,1.0,1.0
,,2,16:15 - 16:29,Cashier,48.54,9,5.39,9,5.39,9,5.39,1.0,1.0
,,2,16:30 - 16:44,Cashier,43.19,9,4.8,9,4.8,9,4.8,1.0,1.0
,,2,16:45 - 16:59,Cashier,35.4,5,7.08,5,7.08,5,7.08,1.0,1.0
,,2,---,---,2562.28,389,6.59,389,6.59,389,6.59,1.0,1.0
,,3,07:30 - 07:44,Cashier,9.99,1,9.99,1,9.99,1,9.99,1.0,1.0
,,3,07:45 - 07:59,Cashier,6.2,2,3.1,2,3.1,2,3.1,1.0,1.0
,,3,08:00 - 08:14,Cashier,31.23,4,7.81,4,7.81,4,7.81,1.0,1.0
,,3,08:15 - 08:29,Cashier,30.35,7,4.34,7,4.34,7,4.34,1.0,1.0
,,3,08:30 - 08:44,Cashier,54.13,10,5.41,10,5.41,10,5.41,1.0,1.0
,,3,08:45 - 08:59,Cashier,36.74,6,6.12,6,6.12,6,6.12,1.0,1.0
,,3,09:00 - 09:14,Cashier,53.97,10,5.4,10,5.4,10,5.4,1.0,1.0
,,3,09:15 - 09:29,Cashier,60.51,7,8.64,7,8.64,7,8.64,1.0,1.0
,,3,09:30 - 09:44,Cashier,75.88,11,6.9,11,6.9,11,6.9,1.0,1.0
,,3,09:45 - 09:59,Cashier,54.68,10,5.47,10,5.47,10,5.47,1.0,1.0
,,3,10:00 - 10:14,Cashier,75.46,7,10.78,7,10.78,7,10.78,1.0,1.0
,,3,10:15 - 10:29,Cashier,84.46,14,6.03,14,6.03,14,6.03,1.0,1.0
,,3,10:30 - 10:44,Cashier,58.53,9,6.5,9,6.5,9,6.5,1.0,1.0
,,3,10:45 - 10:59,Cashier,41.3,6,6.88,6,6.88,6,6.88,1.0,1.0
,,3,11:00 - 11:14,Cashier,57.77,10,5.78,10,5.78,10,5.78,1.0,1.0
,,3,11:15 - 11:29,Cashier,98.57,11,8.96,11,8.96,11,8.96,1.0,1.0
,,3,11:30 - 11:44,Cashier,130.79,15,8.72,15,8.72,15,8.72,1.0,1.0
,,3,11:45 - 11:59,Cashier,68.26,6,11.38,6,11.38,6,11.38,1.0,1.0
,,3,12:00 - 12:14,Cashier,41.88,6,6.98,6,6.98,6,6.98,1.0,1.0
,,3,12:15 - 12:29,Cashier,64.31,11,5.85,11,5.85,11,5.85,1.0,1.0
,,3,12:30 - 12:44,Cashier,80.04,10,8.0,10,8.0,10,8.0,1.0,1.0
,,3,12:45 - 12:59,Cashier,84.36,14,6.03,14,6.03,14,6.03,1.0,1.0
,,3,13:00 - 13:14,Cashier,88.69,13,6.82,13,6.82,13,6.82,1.0,1.0
,,3,13:15 - 13:29,Cashier,54.67,8,6.83,8,6.83,8,6.83,1.0,1.0
,,3,13:30 - 13:44,Cashier,146.94,20,7.35,20,7.35,20,7.35,1.0,1.0
,,3,13:45 - 13:59,Cashier,53.48,9,5.94,9,5.94,9,5.94,1.0,1.0
,,3,14:00 - 14:14,Cashier,52.33,11,4.76,11,4.76,11,4.76,1.0,1.0
,,3,14:15 - 14:29,Cashier,73.34,13,5.64,13,5.64,13,5.64,1.0,1.0
,,3,14:30 - 14:44,Cashier,54.63,9,6.07,9,6.07,9,6.07,1.0,1.0
,,3,14:45 - 14:59,Cashier,22.22,4,5.55,4,5.55,4,5.55,1.0,1.0
,,3,15:00 - 15:14,Cashier,9.4,3,3.13,3,3.13,3,3.13,1.0,1.0
,,3,15:15 - 15:29,Cashier,51.18,9,5.69,9,5.69,9,5.69,1.0,1.0
,,3,15:30 - 15:44,Cashier,49.51,10,4.95,10,4.95,10,4.95,1.0,1.0
,,3,15:45 - 15:59,Cashier,33.63,6,5.61,6,5.61,6,5.61,1.0,1.0
,,3,16:00 - 16:14,Cashier,39.66,6,6.61,6,6.61,6,6.61,1.0,1.0
,,3,16:15 - 16:29,Cashier,29.24,6,4.87,6,4.87,6,4.87,1.0,1.0
,,3,16:30 - 16:44,Cashier,28.03,7,4.0,7,4.0,7,4.0,1.0,1.0
,,3,16:45 - 16:59,Cashier,57.83,3,19.28,3,19.28,3,19.28,1.0,1.0
,,3,---,---,2144.19,324,6.62,324,6.62,324,6.62,1.0,1.0
,,4,07:30 - 07:44,Cashier,27.0,3,9.0,3,9.0,3,9.0,1.0,1.0
,,4,07:45 - 07:59,Cashier,22.63,2,11.31,2,11.31,2,11.31,1.0,1.0
,,4,08:00 - 08:14,Cashier,16.25,4,4.06,4,4.06,4,4.06,1.0,1.0
,,4,08:15 - 08:29,Cashier,16.75,3,5.58,3,5.58,3,5.58,1.0,1.0
,,4,08:30 - 08:44,Cashier,39.57,7,5.65,7,5.65,7,5.65,1.0,1.0
,,4,08:45 - 08:59,Cashier,41.21,8,5.15,8,5.15,8,5.15,1.0,1.0
,,4,09:00 - 09:14,Cashier,28.94,5,5.79,5,5.79,5,5.79,1.0,1.0
,,4,09:15 - 09:29,Cashier,80.3,12,6.69,12,6.69,12,6.69,1.0,1.0
,,4,09:30 - 09:44,Cashier,51.78,7,7.4,7,7.4,7,7.4,1.0,1.0
,,4,09:45 - 09:59,Cashier,36.62,7,5.23,7,5.23,7,5.23,1.0,1.0
,,4,10:00 - 10:14,Cashier,11.44,2,5.72,2,5.72,2,5.72,1.0,1.0
,,4,10:15 - 10:29,Cashier,62.63,10,6.26,10,6.26,10,6.26,1.0,1.0
,,4,10:30 - 10:44,Cashier,83.13,7,11.88,7,11.88,7,11.88,1.0,1.0
,,4,10:45 - 10:59,Cashier,22.79,4,5.7,4,5.7,4,5.7,1.0,1.0
,,4,11:00 - 11:14,Cashier,84.01,9,9.33,9,9.33,9,9.33,1.0,1.0
,,4,11:15 - 11:29,Cashier,136.31,18,7.57,18,7.57,18,7.57,1.0,1.0
,,4,11:30 - 11:44,Cashier,124.15,13,9.55,13,9.55,13,9.55,1.0,1.0
,,4,11:45 - 11:59,Cashier,79.55,10,7.96,10,7.96,10,7.96,1.0,1.0
,,4,12:00 - 12:14,Cashier,97.75,13,7.52,13,7.52,13,7.52,1.0,1.0
,,4,12:15 - 12:29,Cashier,100.21,16,6.26,16,6.26,16,6.26,1.0,1.0
,,4,12:30 - 12:44,Cashier,83.59,13,6.43,13,6.43,13,6.43,1.0,1.0
,,4,12:45 - 12:59,Cashier,27.0,5,5.4,5,5.4,5,5.4,1.0,1.0
,,4,13:00 - 13:14,Cashier,57.77,6,9.63,6,9.63,6,9.63,1.0,1.0
,,4,13:15 - 13:29,Cashier,46.34,9,5.15,9,5.15,9,5.15,1.0,1.0
,,4,13:30 - 13:44,Cashier,69.46,10,6.95,10,6.95,10,6.95,1.0,1.0
,,4,13:45 - 13:59,Cashier,56.54,8,7.07,8,7.07,8,7.07,1.0,1.0
,,4,14:00 - 14:14,Cashier,93.79,11,8.53,11,8.53,11,8.53,1.0,1.0
,,4,14:15 - 14:29,Cashier,48.73,7,6.96,7,6.96,7,6.96,1.0,1.0
,,4,14:30 - 14:44,Cashier,66.64,11,6.06,11,6.06,11,6.06,1.0,1.0
,,4,14:45 - 14:59,Cashier,52.67,10,5.27,10,5.27,10,5.27,1.0,1.0
,,4,15:00 - 15:14,Cashier,43.73,7,6.25,7,6.25,7,6.25,1.0,1.0
,,4,15:15 - 15:29,Cashier,43.85,9,4.87,9,4.87,9,4.87,1.0,1.0
,,4,15:30 - 15:44,Cashier,20.17,5,4.03,5,4.03,5,4.03,1.0,1.0
,,4,15:45 - 15:59,Cashier,10.2,1,10.2,1,10.2,1,10.2,1.0,1.0
,,4,16:00 - 16:14,Cashier,37.84,6,6.31,6,6.31,6,6.31,1.0,1.0
,,4,16:15 - 16:29,Cashier,27.66,3,9.22,3,9.22,3,9.22,1.0,1.0
,,4,16:30 - 16:44,Cashier,43.42,8,5.43,8,5.43,8,5.43,1.0,1.0
,,4,16:45 - 16:59,Cashier,9.9,1,9.9,1,9.9,1,9.9,1.0,1.0
,,4,---,---,2002.32,290,6.9,290,6.9,290,6.9,1.0,1.0
,,7,07:30 - 07:44,Cashier,16.59,2,8.29,2,8.29,2,8.29,1.0,1.0
,,7,07:45 - 07:59,Cashier,12.49,2,6.25,2,6.25,2,6.25,1.0,1.0
,,7,08:00 - 08:14,Cashier,37.58,6,6.26,6,6.26,6,6.26,1.0,1.0
,,7,08:15 - 08:29,Cashier,55.48,9,6.16,9,6.16,9,6.16,1.0,1.0
,,7,08:30 - 08:44,Cashier,8.45,1,8.45,1,8.45,1,8.45,1.0,1.0
,,7,08:45 - 08:59,Cashier,33.69,7,4.81,7,4.81,7,4.81,1.0,1.0
,,7,09:00 - 09:14,Cashier,44.79,7,6.4,7,6.4,7,6.4,1.0,1.0
,,7,09:15 - 09:29,Cashier,62.3,10,6.23,10,6.23,10,6.23,1.0,1.0
,,7,09:30 - 09:44,Cashier,40.84,7,5.83,7,5.83,7,5.83,1.0,1.0
,,7,09:45 - 09:59,Cashier,14.45,4,3.61,4,3.61,4,3.61,1.0,1.0
,,7,10:00 - 10:14,Cashier,65.37,8,8.17,8,8.17,8,8.17,1.0,1.0
,,7,10:15 - 10:29,Cashier,87.71,11,7.97,11,7.97,11,7.97,1.0,1.0
,,7,10:30 - 10:44,Cashier,78.92,13,6.07,13,6.07,13,6.07,1.0,1.0
,,7,10:45 - 10:59,Cashier,34.73,6,5.79,6,5.79,6,5.79,1.0,1.0
,,7,11:00 - 11:14,Cashier,28.59,5,5.72,5,5.72,5,5.72,1.0,1.0
,,7,11:15 - 11:29,Cashier,85.39,11,7.76,11,7.76,11,7.76,1.0,1.0
,,7,11:30 - 11:44,Cashier,39.01,7,5.57,7,5.57,7,5.57,1.0,1.0
,,7,11:45 - 11:59,Cashier,59.71,7,8.53,7,8.53,7,8.53,1.0,1.0
,,7,12:00 - 12:14,Cashier,156.41,16,9.78,16,9.78,16,9.78,1.0,1.0
,,7,12:15 - 12:29,Cashier,170.4,18,9.47,18,9.47,18,9.47,1.0,1.0
,,7,12:30 - 12:44,Cashier,97.31,13,7.49,13,7.49,13,7.49,1.0,1.0
,,7,12:45 - 12:59,Cashier,80.21,11,7.29,11,7.29,11,7.29,1.0,1.0
,,7,13:00 - 13:14,Cashier,50.53,8,6.32,8,6.32,8,6.32,1.0,1.0
,,7,13:15 - 13:29,Cashier,127.25,15,8.48,15,8.48,15,8.48,1.0,1.0
,,7,13:30 - 13:44,Cashier,136.49,20,6.82,20,6.82,20,6.82,1.0,1.0
,,7,13:45 - 13:59,Cashier,58.26,7,8.32,7,8.32,7,8.32,1.0,1.0
,,7,14:00 - 14:14,Cashier,53.2,10,5.32,10,5.32,10,5.32,1.0,1.0
,,7,14:15 - 14:29,Cashier,76.66,13,5.9,13,5.9,13,5.9,1.0,1.0
,,7,14:30 - 14:44,Cashier,100.49,14,7.18,14,7.18,14,7.18,1.0,1.0
,,7,14:45 - 14:59,Cashier,27.69,5,5.54,5,5.54,5,5.54,1.0,1.0
,,7,15:00 - 15:14,Cashier,77.17,13,5.94,13,5.94,13,5.94,1.0,1.0
,,7,15:15 - 15:29,Cashier,69.9,14,4.99,14,4.99,14,4.99,1.0,1.0
,,7,15:30 - 15:44,Cashier,41.92,7,5.99,7,5.99,7,5.99,1.0,1.0
,,7,15:45 - 15:59,Cashier,35.97,6,6.0,6,6.0,6,6.0,1.0,1.0
,,7,16:00 - 16:14,Cashier,37.49,7,5.36,7,5.36,7,5.36,1.0,1.0
,,7,16:15 - 16:29,Cashier,70.98,9,7.89,9,7.89,9,7.89,1.0,1.0
,,7,16:30 - 16:44,Cashier,46.58,6,7.76,6,7.76,6,7.76,1.0,1.0
,,7,16:45 - 16:59,Cashier,37.5,6,6.25,6,6.25,6,6.25,1.0,1.0
,,7,17:00 - 17:14,Cashier,2.35,1,2.35,1,2.35,1,2.35,1.0,1.0
,,7,---,---,2360.85,342,6.9,342,6.9,342,6.9,1.0,1.0
,,8,07:30 - 07:44,Cashier,26.49,5,5.3,5,5.3,5,5.3,1.0,1.0
,,8,07:45 - 07:59,Cashier,15.34,3,5.11,3,5.11,3,5.11,1.0,1.0
,,8,08:00 - 08:14,Cashier,39.38,6,6.56,6,6.56,6,6.56,1.0,1.0
,,8,08:15 - 08:29,Cashier,17.89,3,5.96,3,5.96,3,5.96,1.0,1.0
,,8,08:30 - 08:44,Cashier,31.03,5,6.21,5,6.21,5,6.21,1.0,1.0
,,8,08:45 - 08:59,Cashier,23.79,4,5.95,4,5.95,4,5.95,1.0,1.0
,,8,09:00 - 09:14,Cashier,63.44,9,7.05,9,7.05,9,7.05,1.0,1.0
,,8,09:15 - 09:29,Cashier,55.68,11,5.06,11,5.06,11,5.06,1.0,1.0
,,8,09:30 - 09:44,Cashier,38.69,9,4.3,9,4.3,9,4.3,1.0,1.0
,,8,09:45 - 09:59,Cashier,19.14,5,3.83,5,3.83,5,3.83,1.0,1.0
,,8,10:00 - 10:14,Cashier,26.09,5,5.22,5,5.22,5,5.22,1.0,1.0
,,8,10:15 - 10:29,Cashier,85.75,15,5.72,15,5.72,15,5.72,1.0,1.0
,,8,10:30 - 10:44,Cashier,41.93,9,4.66,9,4.66,9,4.66,1.0,1.0
,,8,10:45 - 10:59,Cashier,56.25,7,8.04,7,8.04,7,8.04,1.0,1.0
,,8,11:00 - 11:14,Cashier,45.45,8,5.68,8,5.68,8,5.68,1.0,1.0
,,8,11:15 - 11:29,Cashier,70.02,13,5.39,13,5.39,13,5.39,1.0,1.0
,,8,11:30 - 11:44,Cashier,124.28,19,6.54,19,6.54,19,6.54,1.0,1.0
,,8,11:45 - 11:59,Cashier,95.71,17,5.63,17,5.63,17,5.63,1.0,1.0
,,8,12:00 - 12:14,Cashier,117.71,16,7.36,16,7.36,16,7.36,1.0,1.0
,,8,12:15 - 12:29,Cashier,94.38,11,8.58,11,8.58,11,8.58,1.0,1.0
,,8,12:30 - 12:44,Cashier,123.36,19,6.49,19,6.49,19,6.49,1.0,1.0
,,8,12:45 - 12:59,Cashier,151.71,20,7.59,20,7.59,20,7.59,1.0,1.0
,,8,13:00 - 13:14,Cashier,91.56,13,7.04,13,7.04,13,7.04,1.0,1.0
,,8,13:15 - 13:29,Cashier,126.77,18,7.04,18,7.04,18,7.04,1.0,1.0
,,8,13:30 - 13:44,Cashier,42.9,7,6.13,7,6.13,7,6.13,1.0,1.0
,,8,13:45 - 13:59,Cashier,40.67,5,8.13,5,8.13,5,8.13,1.0,1.0
,,8,14:00 - 14:14,Cashier,55.64,6,9.27,6,9.27,6,9.27,1.0,1.0
,,8,14:15 - 14:29,Cashier,83.05,13,6.39,13,6.39,13,6.39,1.0,1.0
,,8,14:30 - 14:44,Cashier,72.92,9,8.1,9,8.1,9,8.1,1.0,1.0
,,8,14:45 - 14:59,Cashier,78.95,11,7.18,11,7.18,11,7.18,1.0,1.0
,,8,15:00 - 15:14,Cashier,34.3,6,5.72,6,5.72,6,5.72,1.0,1.0
,,8,15:15 - 15:29,Cashier,38.3,5,7.66,5,7.66,5,7.66,1.0,1.0
,,8,15:30 - 15:44,Cashier,51.76,10,5.18,10,5.18,10,5.18,1.0,1.0
,,8,15:45 - 15:59,Cashier,48.91,9,5.43,9,5.43,9,5.43,1.0,1.0
,,8,16:00 - 16:14,Cashier,49.43,10,4.94,10,4.94,10,4.94,1.0,1.0
,,8,16:15 - 16:29,Cashier,64.56,9,7.17,9,7.17,9,7.17,1.0,1.0
,,8,16:30 - 16:44,Cashier,25.84,6,4.31,6,4.31,6,4.31,1.0,1.0
,,8,16:45 - 16:59,Cashier,39.5,6,6.58,6,6.58,6,6.58,1.0,1.0
,,8,17:00 - 17:14,Cashier,7.5,1,7.5,1,7.5,1,7.5,1.0,1.0
,,8,---,---,2316.07,363,6.38,363,6.38,363,6.38,1.0,1.0
,,9,07:30 - 07:44,Cashier,19.29,3,6.43,3,6.43,3,6.43,1.0,1.0
,,9,07:45 - 07:59,Cashier,2.45,1,2.45,1,2.45,1,2.45,1.0,1.0
,,9,08:00 - 08:14,Cashier,59.54,10,5.95,10,5.95,10,5.95,1.0,1.0
,,9,08:15 - 08:29,Cashier,35.98,6,6.0,6,6.0,6,6.0,1.0,1.0
,,9,08:30 - 08:44,Cashier,20.65,4,5.16,4,5.16,4,5.16,1.0,1.0
,,9,08:45 - 08:59,Cashier,77.25,12,6.44,12,6.44,12,6.44,1.0,1.0
,,9,09:00 - 09:14,Cashier,46.72,6,7.79,6,7.79,6,7.79,1.0,1.0
,,9,09:15 - 09:29,Cashier,77.51,16,4.84,16,4.84,16,4.84,1.0,1.0
,,9,09:30 - 09:44,Cashier,58.42,6,9.74,6,9.74,6,9.74,1.0,1.0
,,9,09:45 - 09:59,Cashier,86.41,13,6.65,13,6.65,13,6.65,1.0,1.0
,,9,10:00 - 10:14,Cashier,50.25,7,7.18,7,7.18,7,7.18,1.0,1.0
,,9,10:15 - 10:29,Cashier,82.91,10,8.29,10,8.29,10,8.29,1.0,1.0
,,9,10:30 - 10:44,Cashier,68.42,11,6.22,11,6.22,11,6.22,1.0,1.0
,,9,10:45 - 10:59,Cashier,57.11,9,6.35,9,6.35,9,6.35,1.0,1.0
,,9,11:00 - 11:14,Cashier,51.27,9,5.7,9,5.7,9,5.7,1.0,1.0
,,9,11:15 - 11:29,Cashier,123.33,15,8.22,15,8.22,15,8.22,1.0,1.0
,,9,11:30 - 11:44,Cashier,152.28,18,8.46,18,8.46,18,8.46,1.0,1.0
,,9,11:45 - 11:59,Cashier,82.26,11,7.48,11,7.48,11,7.48,1.0,1.0
,,9,12:00 - 12:14,Cashier,64.35,9,7.15,9,7.15,9,7.15,1.0,1.0
,,9,12:15 - 12:29,Cashier,137.69,17,8.1,17,8.1,17,8.1,1.0,1.0
,,9,12:30 - 12:44,Cashier,93.5,12,7.79,12,7.79,12,7.79,1.0,1.0
,,9,12:45 - 12:59,Cashier,91.02,14,6.5,14,6.5,14,6.5,1.0,1.0
,,9,13:00 - 13:14,Cashier,40.67,6,6.78,6,6.78,6,6.78,1.0,1.0
,,9,13:15 - 13:29,Cashier,124.66,18,6.93,18,6.93,18,6.93,1.0,1.0
,,9,13:30 - 13:44,Cashier,138.03,20,6.9,20,6.9,20,6.9,1.0,1.0
,,9,13:45 - 13:59,Cashier,16.89,4,4.22,4,4.22,4,4.22,1.0,1.0
,,9,14:00 - 14:14,Cashier,49.79,7,7.11,7,7.11,7,7.11,1.0,1.0
,,9,14:15 - 14:29,Cashier,41.89,9,4.65,9,4.65,9,4.65,1.0,1.0
,,9,14:30 - 14:44,Cashier,61.45,7,8.78,7,8.78,7,8.78,1.0,1.0
,,9,14:45 - 14:59,Cashier,29.58,5,5.92,5,5.92,5,5.92,1.0,1.0
,,9,15:00 - 15:14,Cashier,59.46,8,7.43,8,7.43,8,7.43,1.0,1.0
,,9,15:15 - 15:29,Cashier,87.19,14,6.23,14,6.23,14,6.23,1.0,1.0
,,9,15:30 - 15:44,Cashier,60.82,10,6.08,10,6.08,10,6.08,1.0,1.0
,,9,15:45 - 15:59,Cashier,48.45,10,4.84,10,4.84,10,4.84,1.0,1.0
,,9,16:00 - 16:14,Cashier,54.75,11,4.98,11,4.98,11,4.98,1.0,1.0
,,9,16:15 - 16:29,Cashier,31.54,8,3.94,8,3.94,8,3.94,1.0,1.0
,,9,16:30 - 16:44,Cashier,41.17,9,4.57,9,4.57,9,4.57,1.0,1.0
,,9,16:45 - 16:59,Cashier,33.47,7,4.78,7,4.78,7,4.78,1.0,1.0
,,9,17:00 - 17:14,Cashier,2.59,1,2.59,1,2.59,1,2.59,1.0,1.0
,,9,---,---,2461.01,373,6.6,373,6.6,373,6.6,1.0,1.0
,,10,08:15 - 08:29,Cashier,5.25,1,5.25,1,5.25,1,5.25,1.0,1.0
,,10,08:30 - 08:44,Cashier,64.07,11,5.82,11,5.82,11,5.82,1.0,1.0
,,10,08:45 - 08:59,Cashier,38.83,6,6.47,6,6.47,6,6.47,1.0,1.0
,,10,09:00 - 09:14,Cashier,66.17,10,6.62,10,6.62,10,6.62,1.0,1.0
,,10,09:15 - 09:29,Cashier,39.17,5,7.83,5,7.83,5,7.83,1.0,1.0
,,10,09:30 - 09:44,Cashier,65.8,8,8.22,8,8.22,8,8.22,1.0,1.0
,,10,09:45 - 09:59,Cashier,48.21,11,4.38,11,4.38,11,4.38,1.0,1.0
,,10,10:00 - 10:14,Cashier,108.56,13,8.35,13,8.35,13,8.35,1.0,1.0
,,10,10:15 - 10:29,Cashier,81.26,12,6.77,12,6.77,12,6.77,1.0,1.0
,,10,10:30 - 10:44,Cashier,89.87,12,7.49,12,7.49,12,7.49,1.0,1.0
,,10,10:45 - 10:59,Cashier,46.48,10,4.65,10,4.65,10,4.65,1.0,1.0
,,10,11:00 - 11:14,Cashier,52.24,8,6.53,8,6.53,8,6.53,1.0,1.0
,,10,11:15 - 11:29,Cashier,98.55,9,10.95,9,10.95,9,10.95,1.0,1.0
,,10,11:30 - 11:44,Cashier,57.07,8,7.13,8,7.13,8,7.13,1.0,1.0
,,10,11:45 - 11:59,Cashier,87.43,11,7.95,11,7.95,11,7.95,1.0,1.0
,,10,12:00 - 12:14,Cashier,120.03,17,7.06,17,7.06,17,7.06,1.0,1.0
,,10,12:15 - 12:29,Cashier,94.57,13,7.27,13,7.27,13,7.27,1.0,1.0
,,10,12:30 - 12:44,Cashier,87.5,9,9.72,9,9.72,9,9.72,1.0,1.0
,,10,12:45 - 12:59,Cashier,54.26,10,5.43,10,5.43,10,5.43,1.0,1.0
,,10,13:00 - 13:14,Cashier,86.92,13,6.69,13,6.69,13,6.69,1.0,1.0
,,10,13:15 - 13:29,Cashier,54.68,7,7.81,7,7.81,7,7.81,1.0,1.0
,,10,13:30 - 13:44,Cashier,35.41,5,7.08,5,7.08,5,7.08,1.0,1.0
,,10,13:45 - 13:59,Cashier,57.44,8,7.18,8,7.18,8,7.18,1.0,1.0
,,10,14:00 - 14:14,Cashier,43.72,7,6.25,7,6.25,7,6.25,1.0,1.0
,,10,14:15 - 14:29,Cashier,89.98,11,8.18,11,8.18,11,8.18,1.0,1.0
,,10,14:30 - 14:44,Cashier,96.13,13,7.39,13,7.39,13,7.39,1.0,1.0
,,10,14:45 - 14:59,Cashier,31.44,6,5.24,6,5.24,6,5.24,1.0,1.0
,,10,15:00 - 15:14,Cashier,78.32,11,7.12,11,7.12,11,7.12,1.0,1.0
,,10,15:15 - 15:29,Cashier,79.02,13,6.08,13,6.08,13,6.08,1.0,1.0
,,10,15:30 - 15:44,Cashier,90.16,12,7.51,12,7.51,12,7.51,1.0,1.0
,,10,15:45 - 15:59,Cashier,15.73,4,3.93,4,3.93,4,3.93,1.0,1.0
,,10,16:00 - 16:14,Cashier,25.46,4,6.37,4,6.37,4,6.37,1.0,1.0
,,10,16:15 - 16:29,Cashier,17.69,3,5.9,3,5.9,3,5.9,1.0,1.0
,,10,16:30 - 16:44,Cashier,42.94,6,7.16,6,7.16,6,7.16,1.0,1.0
,,10,16:45 - 16:59,Cashier,2.95,1,2.95,1,2.95,1,2.95,1.0,1.0
,,10,---,---,2153.31,308,6.99,308,6.99,308,6.99,1.0,1.0
,,11,07:30 - 07:44,Cashier,18.69,3,6.23,3,6.23,3,6.23,1.0,1.0
,,11,07:45 - 07:59,Cashier,13.44,3,4.48,3,4.48,3,4.48,1.0,1.0
,,11,08:00 - 08:14,Cashier,38.28,6,6.38,6,6.38,6,6.38,1.0,1.0
,,11,08:15 - 08:29,Cashier,51.12,8,6.39,8,6.39,8,6.39,1.0,1.0
,,11,08:30 - 08:44,Cashier,41.58,8,5.2,8,5.2,8,5.2,1.0,1.0
,,11,08:45 - 08:59,Cashier,46.17,7,6.6,7,6.6,7,6.6,1.0,1.0
,,11,09:00 - 09:14,Cashier,47.74,9,5.3,9,5.3,9,5.3,1.0,1.0
,,11,09:15 - 09:29,Cashier,61.97,11,5.63,11,5.63,11,5.63,1.0,1.0
,,11,09:30 - 09:44,Cashier,50.99,7,7.28,7,7.28,7,7.28,1.0,1.0
,,11,09:45 - 09:59,Cashier,27.93,5,5.59,5,5.59,5,5.59,1.0,1.0
,,11,10:00 - 10:14,Cashier,76.26,10,7.63,10,7.63,10,7.63,1.0,1.0
,,11,10:15 - 10:29,Cashier,103.59,14,7.4,14,7.4,14,7.4,1.0,1.0
,,11,10:30 - 10:44,Cashier,69.89,10,6.99,10,6.99,10,6.99,1.0,1.0
,,11,10:45 - 10:59,Cashier,26.4,4,6.6,4,6.6,4,6.6,1.0,1.0
,,11,11:00 - 11:14,Cashier,86.53,9,9.61,9,9.61,9,9.61,1.0,1.0
,,11,11:15 - 11:29,Cashier,113.34,15,7.56,15,7.56,15,7.56,1.0,1.0
,,11,11:30 - 11:44,Cashier,108.3,12,9.03,12,9.03,12,9.03,1.0,1.0
,,11,11:45 - 11:59,Cashier,81.59,11,7.42,11,7.42,11,7.42,1.0,1.0
,,11,12:00 - 12:14,Cashier,86.87,9,9.65,9,9.65,9,9.65,1.0,1.0
,,11,12:15 - 12:29,Cashier,147.29,17,8.66,17,8.66,17,8.66,1.0,1.0
,,11,12:30 - 12:44,Cashier,107.23,13,8.25,13,8.25,13,8.25,1.0,1.0
,,11,12:45 - 12:59,Cashier,44.93,8,5.62,8,5.62,8,5.62,1.0,1.0
,,11,13:00 - 13:14,Cashier,76.0,11,6.91,11,6.91,11,6.91,1.0,1.0
,,11,13:15 - 13:29,Cashier,115.97,14,8.28,14,8.28,14,8.28,1.0,1.0
,,11,13:30 - 13:44,Cashier,82.05,12,6.84,12,6.84,12,6.84,1.0,1.0
,,11,13:45 - 13:59,Cashier,16.9,3,5.63,3,5.63,3,5.63,1.0,1.0
,,11,14:00 - 14:14,Cashier,82.73,11,7.52,11,7.52,11,7.52,1.0,1.0
,,11,14:15 - 14:29,Cashier,36.22,10,3.62,10,3.62,10,3.62,1.0,1.0
,,11,14:30 - 14:44,Cashier,33.58,7,4.8,7,4.8,7,4.8,1.0,1.0
,,11,14:45 - 14:59,Cashier,17.44,3,5.81,3,5.81,3,5.81,1.0,1.0
,,11,15:00 - 15:14,Cashier,42.67,10,4.27,10,4.27,10,4.27,1.0,1.0
,,11,15:15 - 15:29,Cashier,33.32,9,3.7,9,3.7,9,3.7,1.0,1.0
,,11,15:30 - 15:44,Cashier,34.68,7,4.95,7,4.95,7,4.95,1.0,1.0
,,11,15:45 - 15:59,Cashier,26.89,5,5.38,5,5.38,5,5.38,1.0,1.0
,,11,16:00 - 16:14,Cashier,14.04,4,3.51,4,3.51,4,3.51,1.0,1.0
,,11,16:15 - 16:29,Cashier,25.48,6,4.25,6,4.25,6,4.25,1.0,1.0
,,11,16:30 - 16:44,Cashier,13.95,3,4.65,3,4.65,3,4.65,1.0,1.0
,,11,16:45 - 16:59,Cashier,10.2,3,3.4,3,3.4,3,3.4,1.0,1.0
,,11,---,---,2112.25,317,6.66,317,6.66,317,6.66,1.0,1.0
,,14,07:30 - 07:44,Cashier,24.74,6,4.12,6,4.12,6,4.12,1.0,1.0
,,14,07:45 - 07:59,Cashier,8.0,2,4.0,2,4.0,2,4.0,1.0,1.0
,,14,08:00 - 08:14,Cashier,4.75,1,4.75,1,4.75,1,4.75,1.0,1.0
,,14,08:15 - 08:29,Cashier,7.5,2,3.75,2,3.75,2,3.75,1.0,1.0
,,14,08:30 - 08:44,Cashier,2.59,1,2.59,1,2.59,1,2.59,1.0,1.0
,,14,08:45 - 08:59,Cashier,15.4,4,3.85,4,3.85,4,3.85,1.0,1.0
,,14,09:00 - 09:14,Cashier,32.25,4,8.06,4,8.06,4,8.06,1.0,1.0
,,14,09:15 - 09:29,Cashier,33.6,3,11.2,3,11.2,3,11.2,1.0,1.0
,,14,09:30 - 09:44,Cashier,37.18,6,6.2,6,6.2,6,6.2,1.0,1.0
,,14,09:45 - 09:59,Cashier,57.98,9,6.44,9,6.44,9,6.44,1.0,1.0
,,14,10:00 - 10:14,Cashier,22.85,4,5.71,4,5.71,4,5.71,1.0,1.0
,,14,10:15 - 10:29,Cashier,73.9,10,7.39,10,7.39,10,7.39,1.0,1.0
,,14,10:30 - 10:44,Cashier,64.67,10,6.47,10,6.47,10,6.47,1.0,1.0
,,14,10:45 - 10:59,Cashier,37.5,6,6.25,6,6.25,6,6.25,1.0,1.0
,,14,11:00 - 11:14,Cashier,45.03,5,9.01,5,9.01,5,9.01,1.0,1.0
,,14,11:15 - 11:29,Cashier,27.24,4,6.81,4,6.81,4,6.81,1.0,1.0
,,14,11:30 - 11:44,Cashier,99.2,6,16.53,6,16.53,6,16.53,1.0,1.0
,,14,11:45 - 11:59,Cashier,54.51,5,10.9,5,10.9,5,10.9,1.0,1.0
,,14,12:00 - 12:14,Cashier,95.98,10,9.6,10,9.6,10,9.6,1.0,1.0
,,14,12:15 - 12:29,Cashier,51.07,7,7.3,7,7.3,7,7.3,1.0,1.0
,,14,12:30 - 12:44,Cashier,74.41,10,7.44,10,7.44,10,7.44,1.0,1.0
,,14,12:45 - 12:59,Cashier,100.63,15,6.71,15,6.71,15,6.71,1.0,1.0
,,14,13:00 - 13:14,Cashier,34.82,7,4.97,7,4.97,7,4.97,1.0,1.0
,,14,13:15 - 13:29,Cashier,29.73,3,9.91,3,9.91,3,9.91,1.0,1.0
,,14,13:30 - 13:44,Cashier,32.59,6,5.43,6,5.43,6,5.43,1.0,1.0
,,14,13:45 - 13:59,Cashier,57.38,9,6.38,9,6.38,9,6.38,1.0,1.0
,,14,14:00 - 14:14,Cashier,42.24,9,4.69,9,4.69,9,4.69,1.0,1.0
,,14,14:15 - 14:29,Cashier,27.69,6,4.62,6,4.62,6,4.62,1.0,1.0
,,14,14:30 - 14:44,Cashier,21.74,4,5.43,4,5.43,4,5.43,1.0,1.0
,,14,15:00 - 15:14,Cashier,69.74,8,8.72,8,8.72,8,8.72,1.0,1.0
,,14,15:15 - 15:29,Cashier,6.89,2,3.44,2,3.44,2,3.44,1.0,1.0
,,14,15:30 - 15:44,Cashier,33.53,4,8.38,4,8.38,4,8.38,1.0,1.0
,,14,15:45 - 15:59,Cashier,33.92,5,6.78,5,6.78,5,6.78,1.0,1.0
,,14,16:00 - 16:14,Cashier,2.45,1,2.45,1,2.45,1,2.45,1.0,1.0
,,14,16:15 - 16:29,Cashier,29.89,4,7.47,4,7.47,4,7.47,1.0,1.0
,,14,16:30 - 16:44,Cashier,27.97,6,4.66,6,4.66,6,4.66,1.0,1.0
,,14,16:45 - 16:59,Cashier,30.1,4,7.53,4,7.53,4,7.53,1.0,1.0
,,14,---,---,1451.66,208,6.98,208,6.98,208,6.98,1.0,1.0
,,15,07:30 - 07:44,Cashier,9.39,2,4.7,2,4.7,2,4.7,1.0,1.0
,,15,08:00 - 08:14,Cashier,39.33,5,7.87,5,7.87,5,7.87,1.0,1.0
,,15,08:15 - 08:29,Cashier,16.0,4,4.0,4,4.0,4,4.0,1.0,1.0
,,15,08:30 - 08:44,Cashier,15.8,3,5.27,3,5.27,3,5.27,1.0,1.0
,,15,08:45 - 08:59,Cashier,16.55,3,5.52,3,5.52,3,5.52,1.0,1.0
,,15,09:00 - 09:14,Cashier,44.59,4,11.15,4,11.15,4,11.15,1.0,1.0
,,15,09:15 - 09:29,Cashier,23.58,6,3.93,6,3.93,6,3.93,1.0,1.0
,,15,09:30 - 09:44,Cashier,25.3,4,6.33,4,6.33,4,6.33,1.0,1.0
,,15,09:45 - 09:59,Cashier,25.9,4,6.47,4,6.47,4,6.47,1.0,1.0
,,15,10:00 - 10:14,Cashier,33.88,5,6.78,5,6.78,5,6.78,1.0,1.0
,,15,10:15 - 10:29,Cashier,54.67,6,9.11,6,9.11,6,9.11,1.0,1.0
,,15,10:30 - 10:44,Cashier,10.65,3,3.55,3,3.55,3,3.55,1.0,1.0
,,15,10:45 - 10:59,Cashier,21.54,3,7.18,3,7.18,3,7.18,1.0,1.0
,,15,11:00 - 11:14,Cashier,25.44,3,8.48,3,8.48,3,8.48,1.0,1.0
,,15,11:15 - 11:29,Cashier,5.55,1,5.55,1,5.55,1,5.55,1.0,1.0
,,15,11:30 - 11:44,Cashier,35.71,5,7.14,5,7.14,5,7.14,1.0,1.0
,,15,11:45 - 11:59,Cashier,40.09,5,8.02,5,8.02,5,8.02,1.0,1.0
,,15,12:00 - 12:14,Cashier,53.95,9,5.99,9,5.99,9,5.99,1.0,1.0
,,15,12:15 - 12:29,Cashier,58.15,5,11.63,5,11.63,5,11.63,1.0,1.0
,,15,12:30 - 12:44,Cashier,33.12,5,6.62,5,6.62,5,6.62,1.0,1.0
,,15,12:45 - 12:59,Cashier,36.79,5,7.36,5,7.36,5,7.36,1.0,1.0
,,15,13:00 - 13:14,Cashier,62.83,7,8.98,7,8.98,7,8.98,1.0,1.0
,,15,13:15 - 13:29,Cashier,26.15,4,6.54,4,6.54,4,6.54,1.0,1.0
,,15,13:30 - 13:44,Cashier,10.95,3,3.65,3,3.65,3,3.65,1.0,1.0
,,15,13:45 - 13:59,Cashier,68.75,11,6.25,11,6.25,11,6.25,1.0,1.0
,,15,14:00 - 14:14,Cashier,23.08,6,3.85,6,3.85,6,3.85,1.0,1.0
,,15,14:15 - 14:29,Cashier,75.5,7,10.79,7,10.79,7,10.79,1.0,1.0
,,15,14:30 - 14:44,Cashier,35.52,5,7.1,5,7.1,5,7.1,1.0,1.0
,,15,14:45 - 14:59,Cashier,48.37,5,9.67,5,9.67,5,9.67,1.0,1.0
,,15,15:00 - 15:14,Cashier,42.51,5,8.5,5,8.5,5,8.5,1.0,1.0
,,15,15:15 - 15:29,Cashier,38.7,6,6.45,6,6.45,6,6.45,1.0,1.0
,,15,15:30 - 15:44,Cashier,38.13,6,6.36,6,6.36,6,6.36,1.0,1.0
,,15,15:45 - 15:59,Cashier,13.45,2,6.72,2,6.72,2,6.72,1.0,1.0
,,15,16:00 - 16:14,Cashier,29.4,6,4.9,6,4.9,6,4.9,1.0,1.0
,,15,16:15 - 16:29,Cashier,18.19,4,4.55,4,4.55,4,4.55,1.0,1.0
,,15,16:30 - 16:44,Cashier,39.12,6,6.52,6,6.52,6,6.52,1.0,1.0
,,15,16:45 - 16:59,Cashier,21.99,3,7.33,3,7.33,3,7.33,1.0,1.0
,,15,17:00 - 17:14,Cashier,5.44,1,5.44,1,5.44,1,5.44,1.0,1.0
,,15,---,---,1224.06,177,6.92,177,6.92,177,6.92,1.0,1.0
,,16,07:30 - 07:44,Cashier,28.09,5,5.62,5,5.62,5,5.62,1.0,1.0
,,16,07:45 - 07:59,Cashier,8.3,2,4.15,2,4.15,2,4.15,1.0,1.0
,,16,08:00 - 08:14,Cashier,28.29,2,14.14,2,14.14,2,14.14,1.0,1.0
,,16,08:15 - 08:29,Cashier,13.99,2,7.0,2,7.0,2,7.0,1.0,1.0
,,16,08:30 - 08:44,Cashier,7.74,2,3.87,2,3.87,2,3.87,1.0,1.0
,,16,08:45 - 08:59,Cashier,35.08,6,5.85,6,5.85,6,5.85,1.0,1.0
,,16,09:00 - 09:14,Cashier,57.98,7,8.28,7,8.28,7,8.28,1.0,1.0
,,16,09:30 - 09:44,Cashier,38.33,5,7.67,5,7.67,5,7.67,1.0,1.0
,,16,09:45 - 09:59,Cashier,14.78,3,4.93,3,4.93,3,4.93,1.0,1.0
,,16,10:00 - 10:14,Cashier,49.88,7,7.13,7,7.13,7,7.13,1.0,1.0
,,16,10:15 - 10:29,Cashier,57.98,6,9.66,6,9.66,6,9.66,1.0,1.0
,,16,10:30 - 10:44,Cashier,66.19,8,8.27,8,8.27,8,8.27,1.0,1.0
,,16,10:45 - 10:59,Cashier,28.23,6,4.71,6,4.71,6,4.71,1.0,1.0
,,16,11:00 - 11:14,Cashier,53.38,9,5.93,9,5.93,9,5.93,1.0,1.0
,,16,11:15 - 11:29,Cashier,37.59,4,9.4,4,9.4,4,9.4,1.0,1.0
,,16,11:30 - 11:44,Cashier,16.89,3,5.63,3,5.63,3,5.63,1.0,1.0
,,16,11:45 - 11:59,Cashier,68.88,8,8.61,8,8.61,8,8.61,1.0,1.0
,,16,12:00 - 12:14,Cashier,67.29,8,8.41,8,8.41,8,8.41,1.0,1.0
,,16,12:15 - 12:29,Cashier,87.52,11,7.96,11,7.96,11,7.96,1.0,1.0
,,16,12:30 - 12:44,Cashier,42.46,6,7.08,6,7.08,6,7.08,1.0,1.0
,,16,12:45 - 12:59,Cashier,74.55,10,7.46,10,7.46,10,7.46,1.0,1.0
,,16,13:00 - 13:14,Cashier,39.19,5,7.84,5,7.84,5,7.84,1.0,1.0
,,16,13:15 - 13:29,Cashier,48.45,8,6.06,8,6.06,8,6.06,1.0,1.0
,,16,13:30 - 13:44,Cashier,24.78,5,4.96,5,4.96,5,4.96,1.0,1.0
,,16,13:45 - 13:59,Cashier,3.0,1,3.0,1,3.0,1,3.0,1.0,1.0
,,16,14:00 - 14:14,Cashier,7.49,2,3.75,2,3.75,2,3.75,1.0,1.0
,,16,14:15 - 14:29,Cashier,41.33,6,6.89,6,6.89,6,6.89,1.0,1.0
,,16,14:30 - 14:44,Cashier,54.05,7,7.72,7,7.72,7,7.72,1.0,1.0
,,16,14:45 - 14:59,Cashier,26.49,5,5.3,5,5.3,5,5.3,1.0,1.0
,,16,15:00 - 15:14,Cashier,39.04,6,6.51,6,6.51,6,6.51,1.0,1.0
,,16,15:15 - 15:29,Cashier,28.33,3,9.44,3,9.44,3,9.44,1.0,1.0
,,16,15:30 - 15:44,Cashier,40.88,7,5.84,7,5.84,7,5.84,1.0,1.0
,,16,15:45 - 15:59,Cashier,55.2,5,11.04,5,11.04,5,11.04,1.0,1.0
,,16,16:00 - 16:14,Cashier,7.34,2,3.67,2,3.67,2,3.67,1.0,1.0
,,16,16:15 - 16:29,Cashier,4.25,1,4.25,1,4.25,1,4.25,1.0,1.0
,,16,16:30 - 16:44,Cashier,30.88,4,7.72,4,7.72,4,7.72,1.0,1.0
,,16,16:45 - 16:59,Cashier,39.89,4,9.97,4,9.97,4,9.97,1.0,1.0
,,16,---,---,1374.01,191,7.19,191,7.19,191,7.19,1.0,1.0
,,17,07:30 - 07:44,Cashier,12.34,3,4.11,3,4.11,3,4.11,1.0,1.0
,,17,07:45 - 07:59,Cashier,22.39,4,5.6,4,5.6,4,5.6,1.0,1.0
,,17,08:00 - 08:14,Cashier,30.95,4,7.74,4,7.74,4,7.74,1.0,1.0
,,17,08:15 - 08:29,Cashier,11.8,4,2.95,4,2.95,4,2.95,1.0,1.0
,,17,08:30 - 08:44,Cashier,26.51,6,4.42,6,4.42,6,4.42,1.0,1.0
,,17,08:45 - 08:59,Cashier,24.03,3,8.01,3,8.01,3,8.01,1.0,1.0
,,17,09:00 - 09:14,Cashier,9.7,2,4.85,2,4.85,2,4.85,1.0,1.0
,,17,09:15 - 09:29,Cashier,50.48,9,5.61,9,5.61,9,5.61,1.0,1.0
,,17,09:30 - 09:44,Cashier,29.09,3,9.7,3,9.7,3,9.7,1.0,1.0
,,17,09:45 - 09:59,Cashier,3.95,1,3.95,1,3.95,1,3.95,1.0,1.0
,,17,10:00 - 10:14,Cashier,39.84,3,13.28,3,13.28,3,13.28,1.0,1.0
,,17,10:15 - 10:29,Cashier,26.17,4,6.54,4,6.54,4,6.54,1.0,1.0
,,17,10:30 - 10:44,Cashier,16.7,3,5.57,3,5.57,3,5.57,1.0,1.0
,,17,10:45 - 10:59,Cashier,15.24,3,5.08,3,5.08,3,5.08,1.0,1.0
,,17,11:00 - 11:14,Cashier,48.29,5,9.66,5,9.66,5,9.66,1.0,1.0
,,17,11:15 - 11:29,Cashier,49.0,7,7.0,7,7.0,7,7.0,1.0,1.0
,,17,11:30 - 11:44,Cashier,37.62,6,6.27,6,6.27,6,6.27,1.0,1.0
,,17,11:45 - 11:59,Cashier,59.08,8,7.38,8,7.38,8,7.38,1.0,1.0
,,17,12:00 - 12:14,Cashier,11.04,1,11.04,1,11.04,1,11.04,1.0,1.0
,,17,12:15 - 12:29,Cashier,27.58,4,6.89,4,6.89,4,6.89,1.0,1.0
,,17,12:30 - 12:44,Cashier,28.68,6,4.78,6,4.78,6,4.78,1.0,1.0
,,17,12:45 - 12:59,Cashier,54.57,6,9.1,6,9.1,6,9.1,1.0,1.0
,,17,13:00 - 13:14,Cashier,59.56,9,6.62,9,6.62,9,6.62,1.0,1.0
,,17,13:15 - 13:29,Cashier,65.28,10,6.53,10,6.53,10,6.53,1.0,1.0
,,17,13:30 - 13:44,Cashier,53.9,6,8.98,6,8.98,6,8.98,1.0,1.0
,,17,13:45 - 13:59,Cashier,56.24,7,8.03,7,8.03,7,8.03,1.0,1.0
,,17,14:00 - 14:14,Cashier,40.21,8,5.03,8,5.03,8,5.03,1.0,1.0
,,17,14:15 - 14:29,Cashier,40.8,6,6.8,6,6.8,6,6.8,1.0,1.0
,,17,14:30 - 14:44,Cashier,25.04,3,8.35,3,8.35,3,8.35,1.0,1.0
,,17,14:45 - 14:59,Cashier,18.3,3,6.1,3,6.1,3,6.1,1.0,1.0
,,17,15:00 - 15:14,Cashier,84.53,10,8.45,10,8.45,10,8.45,1.0,1.0
,,17,15:15 - 15:29,Cashier,29.72,7,4.25,7,4.25,7,4.25,1.0,1.0
,,17,15:30 - 15:44,Cashier,25.49,3,8.5,3,8.5,3,8.5,1.0,1.0
,,17,15:45 - 15:59,Cashier,19.55,3,6.52,3,6.52,3,6.52,1.0,1.0
,,17,16:00 - 16:14,Cashier,36.98,6,6.16,6,6.16,6,6.16,1.0,1.0
,,17,16:15 - 16:29,Cashier,3.45,1,3.45,1,3.45,1,3.45,1.0,1.0
,,17,16:30 - 16:44,Cashier,6.75,1,6.75,1,6.75,1,6.75,1.0,1.0
,,17,16:45 - 16:59,Cashier,15.03,2,7.51,2,7.51,2,7.51,1.0,1.0
,,17,17:30 - 17:44,Cashier,2.5,1,2.5,1,2.5,1,2.5,1.0,1.0
,,17,---,---,1218.38,181,6.73,181,6.73,181,6.73,1.0,1.0
,,18,07:30 - 07:44,Cashier,5.64,1,5.64,1,5.64,1,5.64,1.0,1.0
,,18,07:45 - 07:59,Cashier,3.0,1,3.0,1,3.0,1,3.0,1.0,1.0
,,18,08:00 - 08:14,Cashier,11.09,3,3.7,3,3.7,3,3.7,1.0,1.0
,,18,08:15 - 08:29,Cashier,7.2,2,3.6,2,3.6,2,3.6,1.0,1.0
,,18,08:30 - 08:44,Cashier,29.85,5,5.97,5,5.97,5,5.97,1.0,1.0
,,18,08:45 - 08:59,Cashier,4.25,1,4.25,1,4.25,1,4.25,1.0,1.0
,,18,09:00 - 09:14,Cashier,19.54,2,9.77,2,9.77,2,9.77,1.0,1.0
,,18,09:15 - 09:29,Cashier,67.5,5,13.5,5,13.5,5,13.5,1.0,1.0
,,18,09:30 - 09:44,Cashier,20.99,5,4.2,5,4.2,5,4.2,1.0,1.0
,,18,09:45 - 09:59,Cashier,45.9,5,9.18,5,9.18,5,9.18,1.0,1.0
,,18,10:00 - 10:14,Cashier,35.65,5,7.13,5,7.13,5,7.13,1.0,1.0
,,18,10:15 - 10:29,Cashier,44.63,6,7.44,6,7.44,6,7.44,1.0,1.0
,,18,10:30 - 10:44,Cashier,32.42,5,6.48,5,6.48,5,6.48,1.0,1.0
,,18,10:45 - 10:59,Cashier,14.99,2,7.5,2,7.5,2,7.5,1.0,1.0
,,18,11:15 - 11:29,Cashier,2.75,1,2.75,1,2.75,1,2.75,1.0,1.0
,,18,11:45 - 11:59,Cashier,29.3,4,7.33,4,7.33,4,7.33,1.0,1.0
,,18,12:00 - 12:14,Cashier,22.69,3,7.56,3,7.56,3,7.56,1.0,1.0
,,18,12:15 - 12:29,Cashier,42.93,7,6.13,6,7.16,7,6.13,0.86,0.86
,,18,12:30 - 12:44,Cashier,48.22,6,8.04,6,8.04,6,8.04,1.0,1.0
,,18,12:45 - 12:59,Cashier,30.48,4,7.62,4,7.62,4,7.62,1.0,1.0
,,18,13:00 - 13:14,Cashier,54.06,9,6.01,9,6.01,9,6.01,1.0,1.0
,,18,13:30 - 13:44,Cashier,48.7,7,6.96,7,6.96,7,6.96,1.0,1.0
,,18,13:45 - 13:59,Cashier,43.76,5,8.75,5,8.75,5,8.75,1.0,1.0
,,18,14:00 - 14:14,Cashier,23.9,3,7.97,3,7.97,3,7.97,1.0,1.0
,,18,14:15 - 14:29,Cashier,27.5,3,9.17,3,9.17,3,9.17,1.0,1.0
,,18,14:30 - 14:44,Cashier,23.09,4,5.77,4,5.77,4,5.77,1.0,1.0
,,18,14:45 - 14:59,Cashier,20.4,3,6.8,3,6.8,3,6.8,1.0,1.0
,,18,15:00 - 15:14,Cashier,25.78,3,8.59,3,8.59,3,8.59,1.0,1.0
,,18,15:15 - 15:29,Cashier,65.19,4,16.3,4,16.3,4,16.3,1.0,1.0
,,18,15:45 - 15:59,Cashier,22.93,3,7.64,3,7.64,3,7.64,1.0,1.0
,,18,16:00 - 16:14,Cashier,17.35,5,3.47,5,3.47,5,3.47,1.0,1.0
,,18,16:15 - 16:29,Cashier,25.89,5,5.18,5,5.18,5,5.18,1.0,1.0
,,18,16:30 - 16:44,Cashier,9.0,1,9.0,1,9.0,1,9.0,1.0,1.0
,,18,16:45 - 16:59,Cashier,53.31,6,8.88,6,8.88,6,8.88,1.0,1.0
,,18,---,---,979.88,134,7.31,133,7.37,134,7.31,0.99,0.99
,,21,08:45 - 08:59,Cashier,18.3,4,4.58,4,4.58,4,4.58,1.0,1.0
,,21,09:00 - 09:14,Cashier,21.7,3,7.23,3,7.23,3,7.23,1.0,1.0
,,21,09:15 - 09:29,Cashier,32.32,5,6.46,5,6.46,5,6.46,1.0,1.0
,,21,09:30 - 09:44,Cashier,11.14,3,3.71,3,3.71,3,3.71,1.0,1.0
,,21,09:45 - 09:59,Cashier,4.25,1,4.25,1,4.25,1,4.25,1.0,1.0
,,21,10:00 - 10:14,Cashier,9.8,2,4.9,2,4.9,2,4.9,1.0,1.0
,,21,10:15 - 10:29,Cashier,51.94,1,51.94,1,51.94,1,51.94,1.0,1.0
,,21,10:30 - 10:44,Cashier,22.44,4,5.61,4,5.61,4,5.61,1.0,1.0
,,21,10:45 - 10:59,Cashier,37.32,6,6.22,6,6.22,6,6.22,1.0,1.0
,,21,11:00 - 11:14,Cashier,13.65,2,6.83,2,6.83,2,6.83,1.0,1.0
,,21,11:15 - 11:29,Cashier,25.75,4,6.44,4,6.44,4,6.44,1.0,1.0
,,21,11:30 - 11:44,Cashier,34.02,6,5.67,6,5.67,6,5.67,1.0,1.0
,,21,11:45 - 11:59,Cashier,22.13,3,7.38,3,7.38,3,7.38,1.0,1.0
,,21,12:00 - 12:14,Cashier,44.02,7,6.29,7,6.29,7,6.29,1.0,1.0
,,21,12:15 - 12:29,Cashier,40.83,6,6.8,6,6.8,6,6.8,1.0,1.0
,,21,12:30 - 12:44,Cashier,45.0,6,7.5,6,7.5,6,7.5,1.0,1.0
,,21,12:45 - 12:59,Cashier,32.93,4,8.23,4,8.23,4,8.23,1.0,1.0
,,21,13:00 - 13:14,Cashier,23.17,3,7.72,3,7.72,3,7.72,1.0,1.0
,,21,13:15 - 13:29,Cashier,23.24,3,7.75,3,7.75,3,7.75,1.0,1.0
,,21,13:30 - 13:44,Cashier,44.95,7,6.42,7,6.42,7,6.42,1.0,1.0
,,21,13:45 - 13:59,Cashier,4.25,1,4.25,1,4.25,1,4.25,1.0,1.0
,,21,14:00 - 14:14,Cashier,7.5,1,7.5,1,7.5,1,7.5,1.0,1.0
,,21,---,---,570.65,82,6.96,82,6.96,82,6.96,1.0,1.0
,,22,08:30 - 08:44,Cashier,5.25,1,5.25,1,5.25,1,5.25,1.0,1.0
,,22,08:45 - 08:59,Cashier,34.12,6,5.69,6,5.69,6,5.69,1.0,1.0
,,22,09:00 - 09:14,Cashier,5.35,2,2.67,2,2.67,2,2.67,1.0,1.0
,,22,09:15 - 09:29,Cashier,32.14,4,8.04,4,8.04,4,8.04,1.0,1.0
,,22,09:30 - 09:44,Cashier,17.08,4,4.27,4,4.27,4,4.27,1.0,1.0
,,22,09:45 - 09:59,Cashier,15.1,3,5.03,3,5.03,3,5.03,1.0,1.0
,,22,10:00 - 10:14,Cashier,21.18,4,5.29,4,5.29,4,5.29,1.0,1.0
,,22,10:15 - 10:29,Cashier,35.8,5,7.16,5,7.16,5,7.16,1.0,1.0
,,22,10:30 - 10:44,Cashier,2.75,1,2.75,1,2.75,1,2.75,1.0,1.0
,,22,10:45 - 10:59,Cashier,4.55,1,4.55,1,4.55,1,4.55,1.0,1.0
,,22,11:00 - 11:14,Cashier,63.52,5,12.7,5,12.7,5,12.7,1.0,1.0
,,22,11:15 - 11:29,Cashier,26.24,3,8.75,3,8.75,3,8.75,1.0,1.0
,,22,11:30 - 11:44,Cashier,25.89,3,8.63,3,8.63,3,8.63,1.0,1.0
,,22,11:45 - 11:59,Cashier,16.2,3,5.4,3,5.4,3,5.4,1.0,1.0
,,22,12:00 - 12:14,Cashier,69.04,6,11.51,6,11.51,6,11.51,1.0,1.0
,,22,12:15 - 12:29,Cashier,36.9,7,5.27,7,5.27,7,5.27,1.0,1.0
,,22,12:30 - 12:44,Cashier,58.02,8,7.25,8,7.25,8,7.25,1.0,1.0
,,22,12:45 - 12:59,Cashier,46.7,9,5.19,9,5.19,9,5.19,1.0,1.0
,,22,13:00 - 13:14,Cashier,31.27,8,3.91,8,3.91,8,3.91,1.0,1.0
,,22,13:15 - 13:29,Cashier,26.16,5,5.23,5,5.23,5,5.23,1.0,1.0
,,22,13:30 - 13:44,Cashier,14.53,4,3.63,4,3.63,4,3.63,1.0,1.0
,,22,13:45 - 13:59,Cashier,11.19,2,5.59,2,5.59,2,5.59,1.0,1.0
,,22,---,---,598.98,94,6.37,94,6.37,94,6.37,1.0,1.0
,,23,08:30 - 08:44,Cashier,6.2,1,6.2,1,6.2,1,6.2,1.0,1.0
,,23,08:45 - 08:59,Cashier,33.2,7,4.74,7,4.74,7,4.74,1.0,1.0
,,23,09:00 - 09:14,Cashier,69.8,9,7.76,9,7.76,9,7.76,1.0,1.0
,,23,09:15 - 09:29,Cashier,43.47,6,7.25,6,7.25,6,7.25,1.0,1.0
,,23,09:30 - 09:44,Cashier,55.26,5,11.05,5,11.05,5,11.05,1.0,1.0
,,23,09:45 - 09:59,Cashier,13.69,3,4.56,3,4.56,3,4.56,1.0,1.0
,,23,10:00 - 10:14,Cashier,18.74,2,9.37,2,9.37,2,9.37,1.0,1.0
,,23,10:15 - 10:29,Cashier,12.79,1,12.79,1,12.79,1,12.79,1.0,1.0
,,23,10:30 - 10:44,Cashier,10.0,2,5.0,2,5.0,2,5.0,1.0,1.0
,,23,10:45 - 10:59,Cashier,14.64,2,7.32,2,7.32,2,7.32,1.0,1.0
,,23,11:00 - 11:14,Cashier,22.84,3,7.61,3,7.61,3,7.61,1.0,1.0
,,23,11:15 - 11:29,Cashier,41.81,6,6.97,6,6.97,6,6.97,1.0,1.0
,,23,11:30 - 11:44,Cashier,73.05,7,10.44,7,10.44,7,10.44,1.0,1.0
,,23,11:45 - 11:59,Cashier,46.18,7,6.6,7,6.6,7,6.6,1.0,1.0
,,23,12:00 - 12:14,Cashier,43.01,5,8.6,5,8.6,5,8.6,1.0,1.0
,,23,12:15 - 12:29,Cashier,44.17,6,7.36,6,7.36,6,7.36,1.0,1.0
,,23,12:30 - 12:44,Cashier,59.9,9,6.66,9,6.66,9,6.66,1.0,1.0
,,23,12:45 - 12:59,Cashier,17.81,2,8.9,2,8.9,2,8.9,1.0,1.0
,,23,13:00 - 13:14,Cashier,28.24,6,4.71,6,4.71,6,4.71,1.0,1.0
,,23,13:15 - 13:29,Cashier,38.86,7,5.55,7,5.55,7,5.55,1.0,1.0
,,23,13:30 - 13:44,Cashier,34.3,6,5.72,6,5.72,6,5.72,1.0,1.0
,,23,13:45 - 13:59,Cashier,14.75,2,7.38,2,7.38,2,7.38,1.0,1.0
,,23,---,---,742.71,104,7.14,104,7.14,104,7.14,1.0,1.0
,,24,08:30 - 08:44,Cashier,36.89,4,9.22,4,9.22,4,9.22,1.0,1.0
,,24,08:45 - 08:59,Cashier,17.49,5,3.5,5,3.5,5,3.5,1.0,1.0
,,24,09:00 - 09:14,Cashier,52.94,9,5.88,9,5.88,9,5.88,1.0,1.0
,,24,09:15 - 09:29,Cashier,12.08,2,6.04,2,6.04,2,6.04,1.0,1.0
,,24,09:30 - 09:44,Cashier,19.49,2,9.74,2,9.74,2,9.74,1.0,1.0
,,24,09:45 - 09:59,Cashier,5.75,1,5.75,1,5.75,1,5.75,1.0,1.0
,,24,10:00 - 10:14,Cashier,39.25,3,13.08,3,13.08,3,13.08,1.0,1.0
,,24,10:15 - 10:29,Cashier,18.58,3,6.19,3,6.19,3,6.19,1.0,1.0
,,24,10:30 - 10:44,Cashier,15.3,2,7.65,2,7.65,2,7.65,1.0,1.0
,,24,10:45 - 10:59,Cashier,20.13,3,6.71,3,6.71,3,6.71,1.0,1.0
,,24,11:00 - 11:14,Cashier,43.88,4,10.97,4,10.97,4,10.97,1.0,1.0
,,24,11:15 - 11:29,Cashier,27.23,5,5.45,5,5.45,5,5.45,1.0,1.0
,,24,11:30 - 11:44,Cashier,10.0,1,10.0,1,10.0,1,10.0,1.0,1.0
,,24,11:45 - 11:59,Cashier,46.12,5,9.22,5,9.22,5,9.22,1.0,1.0
,,24,12:00 - 12:14,Cashier,38.14,6,6.36,6,6.36,6,6.36,1.0,1.0
,,24,12:15 - 12:29,Cashier,27.75,5,5.55,5,5.55,5,5.55,1.0,1.0
,,24,12:30 - 12:44,Cashier,43.66,7,6.24,7,6.24,7,6.24,1.0,1.0
,,24,12:45 - 12:59,Cashier,27.63,5,5.53,5,5.53,5,5.53,1.0,1.0
,,24,13:00 - 13:14,Cashier,45.86,7,6.55,7,6.55,7,6.55,1.0,1.0
,,24,13:15 - 13:29,Cashier,16.2,3,5.4,3,5.4,3,5.4,1.0,1.0
,,24,13:30 - 13:44,Cashier,12.95,3,4.32,3,4.32,3,4.32,1.0,1.0
,,24,13:45 - 13:59,Cashier,11.64,3,3.88,3,3.88,3,3.88,1.0,1.0
,,24,---,---,588.96,88,6.69,88,6.69,88,6.69,1.0,1.0
,,25,08:30 - 08:44,Cashier,16.04,3,5.35,3,5.35,3,5.35,1.0,1.0
,,25,08:45 - 08:59,Cashier,33.6,5,6.72,5,6.72,5,6.72,1.0,1.0
,,25,09:00 - 09:14,Cashier,34.75,6,5.79,6,5.79,6,5.79,1.0,1.0
,,25,09:15 - 09:29,Cashier,15.4,4,3.85,4,3.85,4,3.85,1.0,1.0
,,25,09:45 - 09:59,Cashier,9.25,1,9.25,1,9.25,1,9.25,1.0,1.0
,,25,10:00 - 10:14,Cashier,26.0,4,6.5,4,6.5,4,6.5,1.0,1.0
,,25,10:15 - 10:29,Cashier,35.49,4,8.87,4,8.87,4,8.87,1.0,1.0
,,25,10:30 - 10:44,Cashier,25.48,5,5.1,5,5.1,5,5.1,1.0,1.0
,,25,10:45 - 10:59,Cashier,45.58,6,7.6,6,7.6,6,7.6,1.0,1.0
,,25,11:00 - 11:14,Cashier,24.9,4,6.22,4,6.22,4,6.22,1.0,1.0
,,25,11:15 - 11:29,Cashier,26.84,2,13.42,2,13.42,2,13.42,1.0,1.0
,,25,11:30 - 11:44,Cashier,31.08,6,5.18,6,5.18,6,5.18,1.0,1.0
,,25,11:45 - 11:59,Cashier,56.06,9,6.23,9,6.23,9,6.23,1.0,1.0
,,25,12:00 - 12:14,Cashier,49.23,7,7.03,7,7.03,7,7.03,1.0,1.0
,,25,12:15 - 12:29,Cashier,25.88,5,5.18,5,5.18,5,5.18,1.0,1.0
,,25,12:30 - 12:44,Cashier,31.85,5,6.37,5,6.37,5,6.37,1.0,1.0
,,25,12:45 - 12:59,Cashier,26.44,4,6.61,4,6.61,4,6.61,1.0,1.0
,,25,13:00 - 13:14,Cashier,21.49,4,5.37,4,5.37,4,5.37,1.0,1.0
,,25,13:15 - 13:29,Cashier,25.3,5,5.06,5,5.06,5,5.06,1.0,1.0
,,25,13:30 - 13:44,Cashier,13.5,4,3.38,4,3.38,4,3.38,1.0,1.0
,,25,13:45 - 13:59,Cashier,32.09,3,10.7,3,10.7,3,10.7,1.0,1.0
,,25,---,---,606.25,96,6.32,96,6.32,96,6.32,1.0,1.0
,,28,07:45 - 07:59,Cashier,23.59,4,5.9,4,5.9,4,5.9,1.0,1.0
,,28,08:00 - 08:14,Cashier,55.08,10,5.51,10,5.51,10,5.51,1.0,1.0
,,28,08:15 - 08:29,Cashier,35.44,9,3.94,9,3.94,9,3.94,1.0,1.0
,,28,08:30 - 08:44,Cashier,52.63,6,8.77,6,8.77,6,8.77,1.0,1.0
,,28,08:45 - 08:59,Cashier,90.68,14,6.48,14,6.48,14,6.48,1.0,1.0
,,28,09:00 - 09:14,Cashier,37.17,9,4.13,9,4.13,9,4.13,1.0,1.0
,,28,09:15 - 09:29,Cashier,115.45,13,8.88,13,8.88,13,8.88,1.0,1.0
,,28,09:30 - 09:44,Cashier,137.31,19,7.23,19,7.23,19,7.23,1.0,1.0
,,28,09:45 - 09:59,Cashier,75.11,13,5.78,13,5.78,13,5.78,1.0,1.0
,,28,10:00 - 10:14,Cashier,82.97,13,6.38,13,6.38,13,6.38,1.0,1.0
,,28,10:15 - 10:29,Cashier,106.67,18,5.93,18,5.93,18,5.93,1.0,1.0
,,28,10:30 - 10:44,Cashier,148.56,24,6.19,24,6.19,24,6.19,1.0,1.0
,,28,10:45 - 10:59,Cashier,98.1,15,6.54,15,6.54,15,6.54,1.0,1.0
,,28,11:00 - 11:14,Cashier,91.03,15,6.07,15,6.07,15,6.07,1.0,1.0
,,28,11:15 - 11:29,Cashier,120.25,15,8.02,15,8.02,15,8.02,1.0,1.0
,,28,11:30 - 11:44,Cashier,151.64,23,6.59,23,6.59,23,6.59,1.0,1.0
,,28,11:45 - 11:59,Cashier,125.37,17,7.37,17,7.37,17,7.37,1.0,1.0
,,28,12:00 - 12:14,Cashier,123.36,18,6.85,18,6.85,18,6.85,1.0,1.0
,,28,12:15 - 12:29,Cashier,164.51,19,8.66,19,8.66,19,8.66,1.0,1.0
,,28,12:30 - 12:44,Cashier,159.95,15,10.66,15,10.66,15,10.66,1.0,1.0
,,28,12:45 - 12:59,Cashier,178.48,21,8.5,21,8.5,21,8.5,1.0,1.0
,,28,13:00 - 13:14,Cashier,95.99,16,6.0,16,6.0,16,6.0,1.0,1.0
,,28,13:15 - 13:29,Cashier,120.31,20,6.02,20,6.02,20,6.02,1.0,1.0
,,28,13:30 - 13:44,Cashier,86.4,12,7.2,12,7.2,12,7.2,1.0,1.0
,,28,13:45 - 13:59,Cashier,63.86,11,5.81,11,5.81,11,5.81,1.0,1.0
,,28,14:00 - 14:14,Cashier,100.93,17,5.94,17,5.94,17,5.94,1.0,1.0
,,28,14:15 - 14:29,Cashier,106.85,17,6.29,17,6.29,17,6.29,1.0,1.0
,,28,14:30 - 14:44,Cashier,74.11,14,5.29,14,5.29,14,5.29,1.0,1.0
,,28,14:45 - 14:59,Cashier,69.51,15,4.63,15,4.63,15,4.63,1.0,1.0
,,28,15:00 - 15:14,Cashier,62.48,10,6.25,10,6.25,10,6.25,1.0,1.0
,,28,15:15 - 15:29,Cashier,36.59,7,5.23,7,5.23,7,5.23,1.0,1.0
,,28,15:30 - 15:44,Cashier,64.34,13,4.95,13,4.95,13,4.95,1.0,1.0
,,28,15:45 - 15:59,Cashier,27.13,7,3.88,7,3.88,7,3.88,1.0,1.0
,,28,16:00 - 16:14,Cashier,23.18,6,3.86,6,3.86,6,3.86,1.0,1.0
,,28,16:15 - 16:29,Cashier,32.92,6,5.49,6,5.49,6,5.49,1.0,1.0
,,28,16:30 - 16:44,Cashier,48.52,7,6.93,7,6.93,7,6.93,1.0,1.0
,,28,16:45 - 16:59,Cashier,37.72,8,4.71,8,4.71,8,4.71,1.0,1.0
,,28,---,---,3224.19,496,6.5,496,6.5,496,6.5,1.0,1.0
,,29,07:45 - 07:59,Cashier,24.7,4,6.17,4,6.17,4,6.17,1.0,1.0
,,29,08:00 - 08:14,Cashier,21.18,6,3.53,6,3.53,6,3.53,1.0,1.0
,,29,08:15 - 08:29,Cashier,21.97,4,5.49,4,5.49,4,5.49,1.0,1.0
,,29,08:30 - 08:44,Cashier,47.73,7,6.82,7,6.82,7,6.82,1.0,1.0
,,29,08:45 - 08:59,Cashier,65.15,8,8.14,8,8.14,8,8.14,1.0,1.0
,,29,09:00 - 09:14,Cashier,49.29,8,6.16,8,6.16,8,6.16,1.0,1.0
,,29,09:15 - 09:29,Cashier,94.79,9,10.53,9,10.53,9,10.53,1.0,1.0
,,29,09:30 - 09:44,Cashier,89.54,12,7.46,12,7.46,12,7.46,1.0,1.0
,,29,09:45 - 09:59,Cashier,69.82,11,6.35,11,6.35,11,6.35,1.0,1.0
,,29,10:00 - 10:14,Cashier,51.6,8,6.45,8,6.45,8,6.45,1.0,1.0
,,29,10:15 - 10:29,Cashier,145.35,19,7.65,19,7.65,19,7.65,1.0,1.0
,,29,10:30 - 10:44,Cashier,60.39,11,5.49,11,5.49,11,5.49,1.0,1.0
,,29,10:45 - 10:59,Cashier,109.77,16,6.86,16,6.86,16,6.86,1.0,1.0
,,29,11:00 - 11:14,Cashier,96.84,14,6.92,14,6.92,14,6.92,1.0,1.0
,,29,11:15 - 11:29,Cashier,158.93,21,7.57,21,7.57,21,7.57,1.0,1.0
,,29,11:30 - 11:44,Cashier,155.21,19,8.17,19,8.17,19,8.17,1.0,1.0
,,29,11:45 - 11:59,Cashier,178.36,15,11.89,15,11.89,15,11.89,1.0,1.0
,,29,12:00 - 12:14,Cashier,131.29,16,8.21,16,8.21,16,8.21,1.0,1.0
,,29,12:15 - 12:29,Cashier,146.57,19,7.71,19,7.71,19,7.71,1.0,1.0
,,29,12:30 - 12:44,Cashier,130.27,20,6.51,20,6.51,20,6.51,1.0,1.0
,,29,12:45 - 12:59,Cashier,124.38,19,6.55,19,6.55,19,6.55,1.0,1.0
,,29,13:00 - 13:14,Cashier,146.57,17,8.62,17,8.62,17,8.62,1.0,1.0
,,29,13:15 - 13:29,Cashier,170.56,19,8.98,19,8.98,19,8.98,1.0,1.0
,,29,13:30 - 13:44,Cashier,113.97,13,8.77,13,8.77,13,8.77,1.0,1.0
,,29,13:45 - 13:59,Cashier,89.01,16,5.56,16,5.56,16,5.56,1.0,1.0
,,29,14:00 - 14:14,Cashier,74.63,14,5.33,14,5.33,14,5.33,1.0,1.0
,,29,14:15 - 14:29,Cashier,109.64,17,6.45,17,6.45,17,6.45,1.0,1.0
,,29,14:30 - 14:44,Cashier,106.66,17,6.27,17,6.27,17,6.27,1.0,1.0
,,29,14:45 - 14:59,Cashier,73.42,12,6.12,12,6.12,12,6.12,1.0,1.0
,,29,15:00 - 15:14,Cashier,68.42,14,4.89,14,4.89,14,4.89,1.0,1.0
,,29,15:15 - 15:29,Cashier,72.44,16,4.53,16,4.53,16,4.53,1.0,1.0
,,29,15:30 - 15:44,Cashier,59.3,11,5.39,11,5.39,11,5.39,1.0,1.0
,,29,15:45 - 15:59,Cashier,44.59,9,4.95,9,4.95,9,4.95,1.0,1.0
,,29,16:00 - 16:14,Cashier,44.4,9,4.93,9,4.93,9,4.93,1.0,1.0
,,29,16:15 - 16:29,Cashier,20.0,4,5.0,4,5.0,4,5.0,1.0,1.0
,,29,16:30 - 16:44,Cashier,26.34,6,4.39,6,4.39,6,4.39,1.0,1.0
,,29,16:45 - 16:59,Cashier,10.5,2,5.25,2,5.25,2,5.25,1.0,1.0
,,29,---,---,3203.58,462,6.93,462,6.93,462,6.93,1.0,1.0
,,30,07:30 - 07:44,Cashier,6.2,1,6.2,1,6.2,1,6.2,1.0,1.0
,,30,07:45 - 07:59,Cashier,26.19,5,5.24,5,5.24,5,5.24,1.0,1.0
,,30,08:00 - 08:14,Cashier,42.29,7,6.04,7,6.04,7,6.04,1.0,1.0
,,30,08:15 - 08:29,Cashier,44.85,7,6.41,7,6.41,7,6.41,1.0,1.0
,,30,08:30 - 08:44,Cashier,30.33,4,7.58,4,7.58,4,7.58,1.0,1.0
,,30,08:45 - 08:59,Cashier,59.93,11,5.45,11,5.45,11,5.45,1.0,1.0
,,30,09:00 - 09:14,Cashier,63.3,10,6.33,10,6.33,10,6.33,1.0,1.0
,,30,09:15 - 09:29,Cashier,100.37,17,5.9,17,5.9,17,5.9,1.0,1.0
,,30,09:30 - 09:44,Cashier,113.39,14,8.1,14,8.1,14,8.1,1.0,1.0
,,30,09:45 - 09:59,Cashier,105.69,18,5.87,18,5.87,18,5.87,1.0,1.0
,,30,10:00 - 10:14,Cashier,93.43,17,5.5,17,5.5,17,5.5,1.0,1.0
,,30,10:15 - 10:29,Cashier,123.52,15,8.23,15,8.23,15,8.23,1.0,1.0
,,30,10:30 - 10:44,Cashier,141.5,18,7.86,18,7.86,18,7.86,1.0,1.0
,,30,10:45 - 10:59,Cashier,133.16,18,7.4,18,7.4,18,7.4,1.0,1.0
,,30,11:00 - 11:14,Cashier,79.9,16,4.99,16,4.99,16,4.99,1.0,1.0
,,30,11:15 - 11:29,Cashier,117.59,17,6.92,17,6.92,17,6.92,1.0,1.0
,,30,11:30 - 11:44,Cashier,164.05,19,8.63,19,8.63,19,8.63,1.0,1.0
,,30,11:45 - 11:59,Cashier,153.09,18,8.51,18,8.51,18,8.51,1.0,1.0
,,30,12:00 - 12:14,Cashier,164.98,20,8.25,20,8.25,20,8.25,1.0,1.0
,,30,12:15 - 12:29,Cashier,144.38,21,6.88,21,6.88,21,6.88,1.0,1.0
,,30,12:30 - 12:44,Cashier,187.93,16,11.75,16,11.75,16,11.75,1.0,1.0
,,30,12:45 - 12:59,Cashier,109.76,15,7.32,15,7.32,15,7.32,1.0,1.0
,,30,13:00 - 13:14,Cashier,150.99,19,7.95,19,7.95,19,7.95,1.0,1.0
,,30,13:15 - 13:29,Cashier,139.07,21,6.62,21,6.62,21,6.62,1.0,1.0
,,30,13:30 - 13:44,Cashier,141.97,15,9.46,15,9.46,15,9.46,1.0,1.0
,,30,13:45 - 13:59,Cashier,116.94,17,6.88,17,6.88,17,6.88,1.0,1.0
,,30,14:00 - 14:14,Cashier,67.17,12,5.6,12,5.6,12,5.6,1.0,1.0
,,30,14:15 - 14:29,Cashier,120.25,19,6.33,19,6.33,19,6.33,1.0,1.0
,,30,14:30 - 14:44,Cashier,130.51,16,8.16,16,8.16,16,8.16,1.0,1.0
,,30,14:45 - 14:59,Cashier,69.68,12,5.81,12,5.81,12,5.81,1.0,1.0
,,30,15:00 - 15:14,Cashier,20.39,3,6.8,3,6.8,3,6.8,1.0,1.0
,,30,15:15 - 15:29,Cashier,74.24,15,4.95,15,4.95,15,4.95,1.0,1.0
,,30,15:30 - 15:44,Cashier,53.58,9,5.95,9,5.95,9,5.95,1.0,1.0
,,30,15:45 - 15:59,Cashier,51.12,10,5.11,10,5.11,10,5.11,1.0,1.0
,,30,16:00 - 16:14,Cashier,34.98,7,5.0,7,5.0,7,5.0,1.0,1.0
,,30,16:15 - 16:29,Cashier,87.16,11,7.92,11,7.92,11,7.92,1.0,1.0
,,30,16:30 - 16:44,Cashier,79.37,15,5.29,15,5.29,15,5.29,1.0,1.0
,,30,16:45 - 16:59,Cashier,21.45,3,7.15,3,7.15,3,7.15,1.0,1.0
,,30,---,---,3564.7,508,7.02,508,7.02,508,7.02,1.0,1.0
,,31,07:30 - 07:44,Cashier,6.14,1,6.14,1,6.14,1,6.14,1.0,1.0
,,31,07:45 - 07:59,Cashier,24.13,5,4.83,5,4.83,5,4.83,1.0,1.0
,,31,08:00 - 08:14,Cashier,34.36,6,5.73,6,5.73,6,5.73,1.0,1.0
,,31,08:15 - 08:29,Cashier,45.28,9,5.03,9,5.03,9,5.03,1.0,1.0
,,31,08:30 - 08:44,Cashier,55.58,10,5.56,10,5.56,10,5.56,1.0,1.0
,,31,08:45 - 08:59,Cashier,39.67,8,4.96,8,4.96,8,4.96,1.0,1.0
,,31,09:00 - 09:14,Cashier,25.95,5,5.19,5,5.19,5,5.19,1.0,1.0
,,31,09:15 - 09:29,Cashier,87.03,14,6.22,14,6.22,14,6.22,1.0,1.0
,,31,09:30 - 09:44,Cashier,104.78,16,6.55,16,6.55,16,6.55,1.0,1.0
,,31,09:45 - 09:59,Cashier,92.83,11,8.44,11,8.44,11,8.44,1.0,1.0
,,31,10:00 - 10:14,Cashier,75.65,12,6.3,12,6.3,12,6.3,1.0,1.0
,,31,10:15 - 10:29,Cashier,81.59,13,6.28,13,6.28,13,6.28,1.0,1.0
,,31,10:30 - 10:44,Cashier,79.2,11,7.2,11,7.2,11,7.2,1.0,1.0
,,31,10:45 - 10:59,Cashier,34.89,7,4.98,7,4.98,7,4.98,1.0,1.0
,,31,11:00 - 11:14,Cashier,61.08,9,6.79,9,6.79,9,6.79,1.0,1.0
,,31,11:15 - 11:29,Cashier,117.06,10,11.71,10,11.71,10,11.71,1.0,1.0
,,31,11:30 - 11:44,Cashier,143.17,17,8.42,17,8.42,17,8.42,1.0,1.0
,,31,11:45 - 11:59,Cashier,111.1,14,7.94,14,7.94,14,7.94,1.0,1.0
,,31,12:00 - 12:14,Cashier,91.67,12,7.64,12,7.64,12,7.64,1.0,1.0
,,31,12:15 - 12:29,Cashier,146.36,19,7.7,19,7.7,19,7.7,1.0,1.0
,,31,12:30 - 12:44,Cashier,159.53,20,7.98,20,7.98,20,7.98,1.0,1.0
,,31,12:45 - 12:59,Cashier,192.79,22,8.76,22,8.76,22,8.76,1.0,1.0
,,31,13:00 - 13:14,Cashier,94.55,16,5.91,16,5.91,16,5.91,1.0,1.0
,,31,13:15 - 13:29,Cashier,104.92,17,6.17,17,6.17,17,6.17,1.0,1.0
,,31,13:30 - 13:44,Cashier,95.75,14,6.84,14,6.84,14,6.84,1.0,1.0
,,31,13:45 - 13:59,Cashier,64.44,9,7.16,9,7.16,9,7.16,1.0,1.0
,,31,14:00 - 14:14,Cashier,79.69,15,5.31,15,5.31,15,5.31,1.0,1.0
,,31,14:15 - 14:29,Cashier,107.46,18,5.97,18,5.97,18,5.97,1.0,1.0
,,31,14:30 - 14:44,Cashier,81.12,13,6.24,13,6.24,13,6.24,1.0,1.0
,,31,14:45 - 14:59,Cashier,58.3,13,4.48,13,4.48,13,4.48,1.0,1.0
,,31,15:00 - 15:14,Cashier,33.06,7,4.72,7,4.72,7,4.72,1.0,1.0
,,31,15:15 - 15:29,Cashier,66.52,12,5.54,12,5.54,12,5.54,1.0,1.0
,,31,15:30 - 15:44,Cashier,79.8,14,5.7,14,5.7,14,5.7,1.0,1.0
,,31,15:45 - 15:59,Cashier,42.79,9,4.75,9,4.75,9,4.75,1.0,1.0
,,31,16:00 - 16:14,Cashier,54.96,11,5.0,11,5.0,11,5.0,1.0,1.0
,,31,16:15 - 16:29,Cashier,15.84,3,5.28,3,5.28,3,5.28,1.0,1.0
,,31,16:30 - 16:44,Cashier,7.94,2,3.97,2,3.97,2,3.97,1.0,1.0
,,31,16:45 - 16:59,Cashier,9.75,2,4.88,2,4.88,2,4.88,1.0,1.0
,,31,---,---,2806.73,426,6.59,426,6.59,426,6.59,1.0,1.0
,3,---,---,---,42376.15,6278,6.75,6277,6.75,6278,6.75,1.0,1.0
2022,---,---,---,---,79900.41,12184,6.56,12181,6.56,12184,6.56,1.0,1.0
Grand Total,---,---,---,---,79900.41,12184,6.56,12181,6.56,12184,6.56,1.0,1.0
