Store,Year,Month,Date,Day Part,Table Type,Net Sales,# Trans,Avg / Trans,# Guests,Avg / Guest,# Tables,Avg / Table,# Guest / Trans,# Guest / Table
UW Dining,2022,2,1,07:45 - 07:59,Cashier,5.45,1,5.45,1,5.45,1,5.45,1.0,1.0
,,,1,08:00 - 08:14,Cashier,13.65,2,6.83,2,6.83,2,6.83,1.0,1.0
,,,1,08:15 - 08:29,Cashier,66.18,8,8.27,8,8.27,8,8.27,1.0,1.0
,,,1,08:30 - 08:44,Cashier,34.95,6,5.83,6,5.83,6,5.83,1.0,1.0
,,,1,08:45 - 08:59,Cashier,31.23,6,5.21,6,5.21,6,5.21,1.0,1.0
,,,1,09:00 - 09:14,Cashier,39.38,7,5.63,7,5.63,7,5.63,1.0,1.0
,,,1,09:15 - 09:29,Cashier,43.53,9,4.84,9,4.84,9,4.84,1.0,1.0
,,,1,09:30 - 09:44,Cashier,53.03,9,5.89,9,5.89,9,5.89,1.0,1.0
,,,1,09:45 - 09:59,Cashier,57.4,9,6.38,9,6.38,9,6.38,1.0,1.0
,,,1,10:00 - 10:14,Cashier,21.74,4,5.43,4,5.43,4,5.43,1.0,1.0
,,,1,10:15 - 10:29,Cashier,47.27,7,6.75,7,6.75,7,6.75,1.0,1.0
,,,1,10:30 - 10:44,Cashier,51.1,9,5.68,9,5.68,9,5.68,1.0,1.0
,,,1,10:45 - 10:59,Cashier,56.52,8,7.07,8,7.07,8,7.07,1.0,1.0
,,,1,11:00 - 11:14,Cashier,59.4,10,5.94,10,5.94,10,5.94,1.0,1.0
,,,1,11:15 - 11:29,Cashier,54.92,8,6.87,8,6.87,8,6.87,1.0,1.0
,,,1,11:30 - 11:44,Cashier,71.56,14,5.11,14,5.11,14,5.11,1.0,1.0
,,,1,11:45 - 11:59,Cashier,96.84,15,6.46,15,6.46,15,6.46,1.0,1.0
,,,1,12:00 - 12:14,Cashier,62.67,8,7.83,8,7.83,8,7.83,1.0,1.0
,,,1,12:15 - 12:29,Cashier,76.69,14,5.48,14,5.48,14,5.48,1.0,1.0
,,,1,12:30 - 12:44,Cashier,64.41,9,7.16,9,7.16,9,7.16,1.0,1.0
,,,1,12:45 - 12:59,Cashier,64.67,9,7.19,9,7.19,9,7.19,1.0,1.0
,,,1,13:00 - 13:14,Cashier,72.88,13,5.61,13,5.61,13,5.61,1.0,1.0
,,,1,13:15 - 13:29,Cashier,97.94,15,6.53,15,6.53,15,6.53,1.0,1.0
,,,1,13:30 - 13:44,Cashier,35.13,5,7.03,5,7.03,5,7.03,1.0,1.0
,,,1,13:45 - 13:59,Cashier,39.63,7,5.66,7,5.66,7,5.66,1.0,1.0
,,,1,14:00 - 14:14,Cashier,70.02,11,6.37,11,6.37,11,6.37,1.0,1.0
,,,1,14:15 - 14:29,Cashier,37.8,8,4.72,8,4.72,8,4.72,1.0,1.0
,,,1,14:30 - 14:44,Cashier,57.43,11,5.22,11,5.22,11,5.22,1.0,1.0
,,,1,14:45 - 14:59,Cashier,68.68,11,6.24,11,6.24,11,6.24,1.0,1.0
,,,1,15:00 - 15:14,Cashier,58.48,12,4.87,12,4.87,12,4.87,1.0,1.0
,,,1,15:15 - 15:29,Cashier,34.51,7,4.93,7,4.93,7,4.93,1.0,1.0
,,,1,15:30 - 15:44,Cashier,43.63,8,5.45,8,5.45,8,5.45,1.0,1.0
,,,1,15:45 - 15:59,Cashier,51.39,9,5.71,9,5.71,9,5.71,1.0,1.0
,,,1,16:00 - 16:14,Cashier,32.82,5,6.56,5,6.56,5,6.56,1.0,1.0
,,,1,16:15 - 16:29,Cashier,19.32,4,4.83,4,4.83,4,4.83,1.0,1.0
,,,1,16:30 - 16:44,Cashier,23.89,4,5.97,4,5.97,4,5.97,1.0,1.0
,,,1,16:45 - 16:59,Cashier,20.5,5,4.1,5,4.1,5,4.1,1.0,1.0
,,,1,17:00 - 17:14,Cashier,18.92,2,9.46,2,9.46,2,9.46,1.0,1.0
,,,1,17:30 - 17:44,Cashier,4.95,1,4.95,1,4.95,1,4.95,1.0,1.0
,,,1,---,---,1860.51,310,6.0,310,6.0,310,6.0,1.0,1.0
,,,2,08:00 - 08:14,Cashier,13.44,3,4.48,3,4.48,3,4.48,1.0,1.0
,,,2,08:15 - 08:29,Cashier,15.54,3,5.18,3,5.18,3,5.18,1.0,1.0
,,,2,08:30 - 08:44,Cashier,11.09,3,3.7,3,3.7,3,3.7,1.0,1.0
,,,2,08:45 - 08:59,Cashier,12.85,3,4.28,3,4.28,3,4.28,1.0,1.0
,,,2,09:00 - 09:14,Cashier,67.94,10,6.79,10,6.79,10,6.79,1.0,1.0
,,,2,09:15 - 09:29,Cashier,65.53,11,5.96,11,5.96,11,5.96,1.0,1.0
,,,2,09:30 - 09:44,Cashier,66.41,12,5.53,12,5.53,12,5.53,1.0,1.0
,,,2,09:45 - 09:59,Cashier,49.97,9,5.55,9,5.55,9,5.55,1.0,1.0
,,,2,10:00 - 10:14,Cashier,50.49,9,5.61,9,5.61,9,5.61,1.0,1.0
,,,2,10:15 - 10:29,Cashier,45.89,7,6.56,7,6.56,7,6.56,1.0,1.0
,,,2,10:30 - 10:44,Cashier,90.25,12,7.52,12,7.52,12,7.52,1.0,1.0
,,,2,10:45 - 10:59,Cashier,59.82,10,5.98,10,5.98,10,5.98,1.0,1.0
,,,2,11:00 - 11:14,Cashier,69.75,9,7.75,9,7.75,9,7.75,1.0,1.0
,,,2,11:15 - 11:29,Cashier,70.93,9,7.88,9,7.88,9,7.88,1.0,1.0
,,,2,11:30 - 11:44,Cashier,81.73,13,6.29,13,6.29,13,6.29,1.0,1.0
,,,2,11:45 - 11:59,Cashier,21.75,5,4.35,5,4.35,5,4.35,1.0,1.0
,,,2,12:00 - 12:14,Cashier,73.08,11,6.64,11,6.64,11,6.64,1.0,1.0
,,,2,12:15 - 12:29,Cashier,104.78,12,8.73,12,8.73,12,8.73,1.0,1.0
,,,2,12:30 - 12:44,Cashier,112.8,14,8.06,14,8.06,14,8.06,1.0,1.0
,,,2,12:45 - 12:59,Cashier,108.48,13,8.34,13,8.34,13,8.34,1.0,1.0
,,,2,13:00 - 13:14,Cashier,47.51,10,4.75,10,4.75,10,4.75,1.0,1.0
,,,2,13:15 - 13:29,Cashier,72.25,10,7.22,10,7.22,10,7.22,1.0,1.0
,,,2,13:30 - 13:44,Cashier,99.41,15,6.63,15,6.63,15,6.63,1.0,1.0
,,,2,13:45 - 13:59,Cashier,24.04,6,4.01,6,4.01,6,4.01,1.0,1.0
,,,2,14:00 - 14:14,Cashier,57.36,10,5.74,10,5.74,10,5.74,1.0,1.0
,,,2,14:15 - 14:29,Cashier,101.99,18,5.67,18,5.67,18,5.67,1.0,1.0
,,,2,14:30 - 14:44,Cashier,76.94,14,5.5,14,5.5,14,5.5,1.0,1.0
,,,2,14:45 - 14:59,Cashier,28.15,6,4.69,6,4.69,6,4.69,1.0,1.0
,,,2,15:00 - 15:14,Cashier,19.79,4,4.95,4,4.95,4,4.95,1.0,1.0
,,,2,15:15 - 15:29,Cashier,44.2,5,8.84,5,8.84,5,8.84,1.0,1.0
,,,2,15:30 - 15:44,Cashier,52.44,8,6.55,8,6.55,8,6.55,1.0,1.0
,,,2,15:45 - 15:59,Cashier,36.37,8,4.55,8,4.55,8,4.55,1.0,1.0
,,,2,16:00 - 16:14,Cashier,13.88,3,4.63,3,4.63,3,4.63,1.0,1.0
,,,2,16:15 - 16:29,Cashier,13.93,3,4.64,3,4.64,3,4.64,1.0,1.0
,,,2,16:30 - 16:44,Cashier,17.62,4,4.41,4,4.41,4,4.41,1.0,1.0
,,,2,16:45 - 16:59,Cashier,9.9,2,4.95,2,4.95,2,4.95,1.0,1.0
,,,2,17:00 - 17:14,Cashier,2.65,1,2.65,1,2.65,1,2.65,1.0,1.0
,,,2,---,---,1910.95,305,6.27,305,6.27,305,6.27,1.0,1.0
,,,3,07:30 - 07:44,Cashier,8.3,1,8.3,1,8.3,1,8.3,1.0,1.0
,,,3,07:45 - 07:59,Cashier,4.95,1,4.95,1,4.95,1,4.95,1.0,1.0
,,,3,08:00 - 08:14,Cashier,33.74,5,6.75,5,6.75,5,6.75,1.0,1.0
,,,3,08:15 - 08:29,Cashier,19.15,4,4.79,4,4.79,4,4.79,1.0,1.0
,,,3,08:30 - 08:44,Cashier,4.95,1,4.95,1,4.95,1,4.95,1.0,1.0
,,,3,08:45 - 08:59,Cashier,3.0,1,3.0,1,3.0,1,3.0,1.0,1.0
,,,3,09:00 - 09:14,Cashier,17.39,3,5.8,3,5.8,3,5.8,1.0,1.0
,,,3,09:15 - 09:29,Cashier,33.64,7,4.81,7,4.81,7,4.81,1.0,1.0
,,,3,09:30 - 09:44,Cashier,37.39,5,7.48,5,7.48,5,7.48,1.0,1.0
,,,3,09:45 - 09:59,Cashier,45.73,6,7.62,6,7.62,6,7.62,1.0,1.0
,,,3,10:00 - 10:14,Cashier,44.12,9,4.9,9,4.9,9,4.9,1.0,1.0
,,,3,10:15 - 10:29,Cashier,62.73,11,5.7,11,5.7,11,5.7,1.0,1.0
,,,3,10:30 - 10:44,Cashier,119.7,15,7.98,15,7.98,15,7.98,1.0,1.0
,,,3,10:45 - 10:59,Cashier,59.52,7,8.5,7,8.5,7,8.5,1.0,1.0
,,,3,11:00 - 11:14,Cashier,82.76,12,6.9,12,6.9,12,6.9,1.0,1.0
,,,3,11:15 - 11:29,Cashier,104.55,18,5.81,18,5.81,18,5.81,1.0,1.0
,,,3,11:30 - 11:44,Cashier,128.91,16,8.06,16,8.06,16,8.06,1.0,1.0
,,,3,11:45 - 11:59,Cashier,30.38,5,6.08,5,6.08,5,6.08,1.0,1.0
,,,3,12:00 - 12:14,Cashier,60.16,8,7.52,8,7.52,8,7.52,1.0,1.0
,,,3,12:15 - 12:29,Cashier,81.88,13,6.3,13,6.3,13,6.3,1.0,1.0
,,,3,12:30 - 12:44,Cashier,115.0,15,7.67,15,7.67,15,7.67,1.0,1.0
,,,3,12:45 - 12:59,Cashier,46.09,10,4.61,10,4.61,10,4.61,1.0,1.0
,,,3,13:00 - 13:14,Cashier,87.84,18,4.88,18,4.88,18,4.88,1.0,1.0
,,,3,13:15 - 13:29,Cashier,67.65,11,6.15,11,6.15,11,6.15,1.0,1.0
,,,3,13:30 - 13:44,Cashier,74.71,15,4.98,15,4.98,15,4.98,1.0,1.0
,,,3,13:45 - 13:59,Cashier,57.12,10,5.71,10,5.71,10,5.71,1.0,1.0
,,,3,14:00 - 14:14,Cashier,42.57,7,6.08,7,6.08,7,6.08,1.0,1.0
,,,3,14:15 - 14:29,Cashier,83.67,12,6.97,12,6.97,12,6.97,1.0,1.0
,,,3,14:30 - 14:44,Cashier,104.95,16,6.56,16,6.56,16,6.56,1.0,1.0
,,,3,14:45 - 14:59,Cashier,11.9,2,5.95,2,5.95,2,5.95,1.0,1.0
,,,3,15:00 - 15:14,Cashier,31.47,6,5.25,6,5.25,6,5.25,1.0,1.0
,,,3,15:15 - 15:29,Cashier,35.69,7,5.1,7,5.1,7,5.1,1.0,1.0
,,,3,15:30 - 15:44,Cashier,32.49,6,5.42,6,5.42,6,5.42,1.0,1.0
,,,3,15:45 - 15:59,Cashier,9.71,2,4.86,2,4.86,2,4.86,1.0,1.0
,,,3,16:00 - 16:14,Cashier,27.49,6,4.58,6,4.58,6,4.58,1.0,1.0
,,,3,16:15 - 16:29,Cashier,38.74,7,5.53,7,5.53,7,5.53,1.0,1.0
,,,3,16:30 - 16:44,Cashier,11.25,3,3.75,3,3.75,3,3.75,1.0,1.0
,,,3,16:45 - 16:59,Cashier,2.55,1,2.55,1,2.55,1,2.55,1.0,1.0
,,,3,17:00 - 17:14,Cashier,4.95,1,4.95,1,4.95,1,4.95,1.0,1.0
,,,3,17:15 - 17:29,Cashier,4.45,1,4.45,1,4.45,1,4.45,1.0,1.0
,,,3,---,---,1873.24,304,6.16,304,6.16,304,6.16,1.0,1.0
,,,4,07:30 - 07:44,Cashier,5.55,1,5.55,1,5.55,1,5.55,1.0,1.0
,,,4,08:00 - 08:14,Cashier,12.99,2,6.5,2,6.5,2,6.5,1.0,1.0
,,,4,08:15 - 08:29,Cashier,14.89,2,7.45,2,7.45,2,7.45,1.0,1.0
,,,4,08:30 - 08:44,Cashier,6.3,2,3.15,2,3.15,2,3.15,1.0,1.0
,,,4,08:45 - 08:59,Cashier,20.84,3,6.95,3,6.95,3,6.95,1.0,1.0
,,,4,09:00 - 09:14,Cashier,38.03,6,6.34,6,6.34,6,6.34,1.0,1.0
,,,4,09:15 - 09:29,Cashier,60.34,11,5.49,11,5.49,11,5.49,1.0,1.0
,,,4,09:30 - 09:44,Cashier,57.88,9,6.43,9,6.43,9,6.43,1.0,1.0
,,,4,09:45 - 09:59,Cashier,24.58,4,6.14,4,6.14,4,6.14,1.0,1.0
,,,4,10:00 - 10:14,Cashier,35.88,7,5.13,7,5.13,7,5.13,1.0,1.0
,,,4,10:15 - 10:29,Cashier,54.05,12,4.5,12,4.5,12,4.5,1.0,1.0
,,,4,10:30 - 10:44,Cashier,139.77,18,7.76,18,7.76,18,7.76,1.0,1.0
,,,4,10:45 - 10:59,Cashier,101.17,14,7.23,14,7.23,14,7.23,1.0,1.0
,,,4,11:00 - 11:14,Cashier,33.74,6,5.62,6,5.62,6,5.62,1.0,1.0
,,,4,11:15 - 11:29,Cashier,45.26,8,5.66,8,5.66,8,5.66,1.0,1.0
,,,4,11:30 - 11:44,Cashier,60.52,8,7.57,8,7.57,8,7.57,1.0,1.0
,,,4,11:45 - 11:59,Cashier,101.17,14,7.23,14,7.23,14,7.23,1.0,1.0
,,,4,12:00 - 12:14,Cashier,109.5,16,6.84,16,6.84,16,6.84,1.0,1.0
,,,4,12:15 - 12:29,Cashier,53.36,9,5.93,9,5.93,9,5.93,1.0,1.0
,,,4,12:30 - 12:44,Cashier,78.98,13,6.08,13,6.08,13,6.08,1.0,1.0
,,,4,12:45 - 12:59,Cashier,29.49,5,5.9,5,5.9,5,5.9,1.0,1.0
,,,4,13:00 - 13:14,Cashier,68.86,10,6.89,10,6.89,10,6.89,1.0,1.0
,,,4,13:15 - 13:29,Cashier,28.35,3,9.45,3,9.45,3,9.45,1.0,1.0
,,,4,13:30 - 13:44,Cashier,95.92,14,6.85,14,6.85,14,6.85,1.0,1.0
,,,4,13:45 - 13:59,Cashier,25.79,4,6.45,4,6.45,4,6.45,1.0,1.0
,,,4,14:00 - 14:14,Cashier,10.79,2,5.39,2,5.39,2,5.39,1.0,1.0
,,,4,14:15 - 14:29,Cashier,36.78,6,6.13,6,6.13,6,6.13,1.0,1.0
,,,4,14:30 - 14:44,Cashier,41.51,8,5.19,8,5.19,8,5.19,1.0,1.0
,,,4,14:45 - 14:59,Cashier,19.79,3,6.6,3,6.6,3,6.6,1.0,1.0
,,,4,15:00 - 15:14,Cashier,27.5,4,6.88,4,6.88,4,6.88,1.0,1.0
,,,4,15:15 - 15:29,Cashier,33.12,6,5.52,6,5.52,6,5.52,1.0,1.0
,,,4,15:30 - 15:44,Cashier,14.65,2,7.33,2,7.33,2,7.33,1.0,1.0
,,,4,15:45 - 15:59,Cashier,41.84,5,8.37,5,8.37,5,8.37,1.0,1.0
,,,4,---,---,1529.19,237,6.45,237,6.45,237,6.45,1.0,1.0
,,,7,07:45 - 07:59,Cashier,8.9,2,4.45,2,4.45,2,4.45,1.0,1.0
,,,7,08:00 - 08:14,Cashier,23.09,4,5.77,4,5.77,4,5.77,1.0,1.0
,,,7,08:15 - 08:29,Cashier,29.12,7,4.16,7,4.16,7,4.16,1.0,1.0
,,,7,08:30 - 08:44,Cashier,24.22,4,6.05,4,6.05,4,6.05,1.0,1.0
,,,7,08:45 - 08:59,Cashier,21.22,3,7.07,3,7.07,3,7.07,1.0,1.0
,,,7,09:00 - 09:14,Cashier,9.4,2,4.7,2,4.7,2,4.7,1.0,1.0
,,,7,09:15 - 09:29,Cashier,38.39,7,5.48,7,5.48,7,5.48,1.0,1.0
,,,7,09:30 - 09:44,Cashier,64.74,12,5.39,12,5.39,12,5.39,1.0,1.0
,,,7,09:45 - 09:59,Cashier,61.96,9,6.88,9,6.88,9,6.88,1.0,1.0
,,,7,10:00 - 10:14,Cashier,20.58,6,3.43,6,3.43,6,3.43,1.0,1.0
,,,7,10:15 - 10:29,Cashier,46.11,6,7.68,6,7.68,6,7.68,1.0,1.0
,,,7,10:30 - 10:44,Cashier,113.4,16,7.09,16,7.09,16,7.09,1.0,1.0
,,,7,10:45 - 10:59,Cashier,27.79,6,4.63,6,4.63,6,4.63,1.0,1.0
,,,7,11:00 - 11:14,Cashier,38.88,8,4.86,8,4.86,8,4.86,1.0,1.0
,,,7,11:15 - 11:29,Cashier,97.02,16,6.06,16,6.06,16,6.06,1.0,1.0
,,,7,11:30 - 11:44,Cashier,64.27,10,6.43,10,6.43,10,6.43,1.0,1.0
,,,7,11:45 - 11:59,Cashier,74.12,10,7.41,10,7.41,10,7.41,1.0,1.0
,,,7,12:00 - 12:14,Cashier,35.49,8,4.44,8,4.44,8,4.44,1.0,1.0
,,,7,12:15 - 12:29,Cashier,116.65,17,6.86,17,6.86,17,6.86,1.0,1.0
,,,7,12:30 - 12:44,Cashier,111.66,17,6.57,17,6.57,17,6.57,1.0,1.0
,,,7,12:45 - 12:59,Cashier,82.48,14,5.89,14,5.89,14,5.89,1.0,1.0
,,,7,13:00 - 13:14,Cashier,81.54,11,7.41,11,7.41,11,7.41,1.0,1.0
,,,7,13:15 - 13:29,Cashier,52.74,9,5.86,9,5.86,9,5.86,1.0,1.0
,,,7,13:30 - 13:44,Cashier,44.71,6,7.45,6,7.45,6,7.45,1.0,1.0
,,,7,13:45 - 13:59,Cashier,74.79,12,6.23,12,6.23,12,6.23,1.0,1.0
,,,7,14:00 - 14:14,Cashier,51.31,8,6.41,8,6.41,8,6.41,1.0,1.0
,,,7,14:15 - 14:29,Cashier,58.52,12,4.88,12,4.88,12,4.88,1.0,1.0
,,,7,14:30 - 14:44,Cashier,28.99,7,4.14,7,4.14,7,4.14,1.0,1.0
,,,7,14:45 - 14:59,Cashier,33.73,6,5.62,6,5.62,6,5.62,1.0,1.0
,,,7,15:00 - 15:14,Cashier,24.09,5,4.82,5,4.82,5,4.82,1.0,1.0
,,,7,15:15 - 15:29,Cashier,24.1,4,6.03,4,6.03,4,6.03,1.0,1.0
,,,7,15:30 - 15:44,Cashier,52.09,10,5.21,10,5.21,10,5.21,1.0,1.0
,,,7,15:45 - 15:59,Cashier,46.48,9,5.16,9,5.16,9,5.16,1.0,1.0
,,,7,16:00 - 16:14,Cashier,12.13,3,4.04,3,4.04,3,4.04,1.0,1.0
,,,7,16:15 - 16:29,Cashier,17.35,3,5.78,3,5.78,3,5.78,1.0,1.0
,,,7,16:30 - 16:44,Cashier,13.35,3,4.45,3,4.45,3,4.45,1.0,1.0
,,,7,16:45 - 16:59,Cashier,18.35,2,9.18,2,9.18,2,9.18,1.0,1.0
,,,7,17:00 - 17:14,Cashier,19.1,3,6.37,3,6.37,3,6.37,1.0,1.0
,,,7,---,---,1762.86,297,5.94,297,5.94,297,5.94,1.0,1.0
,,,8,07:45 - 07:59,Cashier,40.27,5,8.05,5,8.05,5,8.05,1.0,1.0
,,,8,08:00 - 08:14,Cashier,36.85,6,6.14,6,6.14,6,6.14,1.0,1.0
,,,8,08:15 - 08:29,Cashier,30.77,4,7.69,4,7.69,4,7.69,1.0,1.0
,,,8,08:30 - 08:44,Cashier,20.04,4,5.01,4,5.01,4,5.01,1.0,1.0
,,,8,08:45 - 08:59,Cashier,22.28,4,5.57,4,5.57,4,5.57,1.0,1.0
,,,8,09:00 - 09:14,Cashier,10.89,2,5.45,2,5.45,2,5.45,1.0,1.0
,,,8,09:15 - 09:29,Cashier,22.64,4,5.66,4,5.66,4,5.66,1.0,1.0
,,,8,09:30 - 09:44,Cashier,62.2,9,6.91,9,6.91,9,6.91,1.0,1.0
,,,8,09:45 - 09:59,Cashier,70.72,11,6.43,11,6.43,11,6.43,1.0,1.0
,,,8,10:00 - 10:14,Cashier,30.43,6,5.07,6,5.07,6,5.07,1.0,1.0
,,,8,10:15 - 10:29,Cashier,73.5,10,7.35,10,7.35,10,7.35,1.0,1.0
,,,8,10:30 - 10:44,Cashier,90.07,14,6.43,14,6.43,14,6.43,1.0,1.0
,,,8,10:45 - 10:59,Cashier,26.8,5,5.36,5,5.36,5,5.36,1.0,1.0
,,,8,11:00 - 11:14,Cashier,68.16,9,7.57,9,7.57,9,7.57,1.0,1.0
,,,8,11:15 - 11:29,Cashier,81.25,14,5.8,14,5.8,14,5.8,1.0,1.0
,,,8,11:30 - 11:44,Cashier,65.57,8,8.2,8,8.2,8,8.2,1.0,1.0
,,,8,11:45 - 11:59,Cashier,62.45,9,6.94,9,6.94,9,6.94,1.0,1.0
,,,8,12:00 - 12:14,Cashier,69.97,12,5.83,12,5.83,12,5.83,1.0,1.0
,,,8,12:15 - 12:29,Cashier,33.24,6,5.54,6,5.54,6,5.54,1.0,1.0
,,,8,12:30 - 12:44,Cashier,89.94,12,7.5,12,7.5,12,7.5,1.0,1.0
,,,8,12:45 - 12:59,Cashier,44.78,8,5.6,8,5.6,8,5.6,1.0,1.0
,,,8,13:00 - 13:14,Cashier,65.79,10,6.58,10,6.58,10,6.58,1.0,1.0
,,,8,13:15 - 13:29,Cashier,66.89,13,5.15,13,5.15,13,5.15,1.0,1.0
,,,8,13:30 - 13:44,Cashier,91.11,18,5.06,18,5.06,18,5.06,1.0,1.0
,,,8,13:45 - 13:59,Cashier,32.5,8,4.06,8,4.06,8,4.06,1.0,1.0
,,,8,14:00 - 14:14,Cashier,88.53,16,5.53,16,5.53,16,5.53,1.0,1.0
,,,8,14:15 - 14:29,Cashier,84.24,13,6.48,13,6.48,13,6.48,1.0,1.0
,,,8,14:30 - 14:44,Cashier,60.98,10,6.1,10,6.1,10,6.1,1.0,1.0
,,,8,14:45 - 14:59,Cashier,25.19,4,6.3,4,6.3,4,6.3,1.0,1.0
,,,8,15:00 - 15:14,Cashier,36.54,8,4.57,8,4.57,8,4.57,1.0,1.0
,,,8,15:15 - 15:29,Cashier,16.9,3,5.63,3,5.63,3,5.63,1.0,1.0
,,,8,15:30 - 15:44,Cashier,38.25,8,4.78,8,4.78,8,4.78,1.0,1.0
,,,8,15:45 - 15:59,Cashier,14.73,3,4.91,3,4.91,3,4.91,1.0,1.0
,,,8,16:00 - 16:14,Cashier,70.11,14,5.01,14,5.01,14,5.01,1.0,1.0
,,,8,16:15 - 16:29,Cashier,32.46,5,6.49,5,6.49,5,6.49,1.0,1.0
,,,8,16:30 - 16:44,Cashier,18.9,3,6.3,3,6.3,3,6.3,1.0,1.0
,,,8,16:45 - 16:59,Cashier,15.39,2,7.7,2,7.7,2,7.7,1.0,1.0
,,,8,17:00 - 17:14,Cashier,3.75,1,3.75,1,3.75,1,3.75,1.0,1.0
,,,8,17:15 - 17:29,Cashier,2.65,1,2.65,1,2.65,1,2.65,1.0,1.0
,,,8,---,---,1817.73,302,6.02,302,6.02,302,6.02,1.0,1.0
,,,9,07:45 - 07:59,Cashier,12.4,2,6.2,2,6.2,2,6.2,1.0,1.0
,,,9,08:00 - 08:14,Cashier,23.88,4,5.97,4,5.97,4,5.97,1.0,1.0
,,,9,08:15 - 08:29,Cashier,53.41,10,5.34,10,5.34,10,5.34,1.0,1.0
,,,9,08:30 - 08:44,Cashier,39.89,7,5.7,7,5.7,7,5.7,1.0,1.0
,,,9,08:45 - 08:59,Cashier,14.98,3,4.99,3,4.99,3,4.99,1.0,1.0
,,,9,09:00 - 09:14,Cashier,31.69,8,3.96,8,3.96,8,3.96,1.0,1.0
,,,9,09:15 - 09:29,Cashier,74.56,12,6.21,12,6.21,12,6.21,1.0,1.0
,,,9,09:30 - 09:44,Cashier,24.94,4,6.24,4,6.24,4,6.24,1.0,1.0
,,,9,09:45 - 09:59,Cashier,37.88,7,5.41,7,5.41,7,5.41,1.0,1.0
,,,9,10:00 - 10:14,Cashier,20.28,5,4.06,5,4.06,5,4.06,1.0,1.0
,,,9,10:15 - 10:29,Cashier,69.97,13,5.38,13,5.38,13,5.38,1.0,1.0
,,,9,10:30 - 10:44,Cashier,60.53,11,5.5,11,5.5,11,5.5,1.0,1.0
,,,9,10:45 - 10:59,Cashier,60.37,12,5.03,12,5.03,12,5.03,1.0,1.0
,,,9,11:00 - 11:14,Cashier,27.86,8,3.48,8,3.48,8,3.48,1.0,1.0
,,,9,11:15 - 11:29,Cashier,65.25,11,5.93,11,5.93,11,5.93,1.0,1.0
,,,9,11:30 - 11:44,Cashier,44.32,6,7.39,6,7.39,6,7.39,1.0,1.0
,,,9,11:45 - 11:59,Cashier,48.28,7,6.9,7,6.9,7,6.9,1.0,1.0
,,,9,12:00 - 12:14,Cashier,66.22,11,6.02,11,6.02,11,6.02,1.0,1.0
,,,9,12:15 - 12:29,Cashier,63.52,10,6.35,10,6.35,10,6.35,1.0,1.0
,,,9,12:30 - 12:44,Cashier,86.17,16,5.39,16,5.39,16,5.39,1.0,1.0
,,,9,12:45 - 12:59,Cashier,74.79,13,5.75,13,5.75,13,5.75,1.0,1.0
,,,9,13:00 - 13:14,Cashier,28.6,6,4.77,6,4.77,6,4.77,1.0,1.0
,,,9,13:15 - 13:29,Cashier,84.48,14,6.03,14,6.03,14,6.03,1.0,1.0
,,,9,13:30 - 13:44,Cashier,95.11,16,5.94,16,5.94,16,5.94,1.0,1.0
,,,9,13:45 - 13:59,Cashier,13.55,3,4.52,3,4.52,3,4.52,1.0,1.0
,,,9,14:00 - 14:14,Cashier,66.21,11,6.02,11,6.02,11,6.02,1.0,1.0
,,,9,14:15 - 14:29,Cashier,73.93,9,8.21,9,8.21,9,8.21,1.0,1.0
,,,9,14:30 - 14:44,Cashier,80.43,13,6.19,13,6.19,13,6.19,1.0,1.0
,,,9,14:45 - 14:59,Cashier,26.7,5,5.34,5,5.34,5,5.34,1.0,1.0
,,,9,15:00 - 15:14,Cashier,47.49,8,5.94,8,5.94,8,5.94,1.0,1.0
,,,9,15:15 - 15:29,Cashier,21.3,6,3.55,6,3.55,6,3.55,1.0,1.0
,,,9,15:30 - 15:44,Cashier,29.93,5,5.99,5,5.99,5,5.99,1.0,1.0
,,,9,15:45 - 15:59,Cashier,32.16,8,4.02,8,4.02,8,4.02,1.0,1.0
,,,9,16:00 - 16:14,Cashier,30.3,6,5.05,6,5.05,6,5.05,1.0,1.0
,,,9,16:15 - 16:29,Cashier,25.33,5,5.07,5,5.07,5,5.07,1.0,1.0
,,,9,16:30 - 16:44,Cashier,37.9,6,6.32,6,6.32,6,6.32,1.0,1.0
,,,9,16:45 - 16:59,Cashier,25.1,3,8.37,3,8.37,3,8.37,1.0,1.0
,,,9,17:00 - 17:14,Cashier,6.15,1,6.15,1,6.15,1,6.15,1.0,1.0
,,,9,17:15 - 17:29,Cashier,4.95,1,4.95,1,4.95,1,4.95,1.0,1.0
,,,9,---,---,1730.81,306,5.66,306,5.66,306,5.66,1.0,1.0
,,,10,07:30 - 07:44,Cashier,7.45,1,7.45,1,7.45,1,7.45,1.0,1.0
,,,10,07:45 - 07:59,Cashier,13.35,3,4.45,3,4.45,3,4.45,1.0,1.0
,,,10,08:00 - 08:14,Cashier,58.56,8,7.32,8,7.32,8,7.32,1.0,1.0
,,,10,08:15 - 08:29,Cashier,29.45,6,4.91,6,4.91,6,4.91,1.0,1.0
,,,10,08:30 - 08:44,Cashier,14.1,3,4.7,3,4.7,3,4.7,1.0,1.0
,,,10,08:45 - 08:59,Cashier,4.95,1,4.95,1,4.95,1,4.95,1.0,1.0
,,,10,09:00 - 09:14,Cashier,15.84,3,5.28,3,5.28,3,5.28,1.0,1.0
,,,10,09:15 - 09:29,Cashier,93.36,10,9.34,10,9.34,10,9.34,1.0,1.0
,,,10,09:30 - 09:44,Cashier,22.77,4,5.69,4,5.69,4,5.69,1.0,1.0
,,,10,09:45 - 09:59,Cashier,18.5,4,4.63,4,4.63,4,4.63,1.0,1.0
,,,10,10:00 - 10:14,Cashier,42.47,7,6.07,7,6.07,7,6.07,1.0,1.0
,,,10,10:15 - 10:29,Cashier,75.47,11,6.86,11,6.86,11,6.86,1.0,1.0
,,,10,10:30 - 10:44,Cashier,110.5,17,6.5,17,6.5,17,6.5,1.0,1.0
,,,10,10:45 - 10:59,Cashier,50.83,7,7.26,7,7.26,7,7.26,1.0,1.0
,,,10,11:00 - 11:14,Cashier,44.28,9,4.92,9,4.92,9,4.92,1.0,1.0
,,,10,11:15 - 11:29,Cashier,167.45,20,8.37,20,8.37,20,8.37,1.0,1.0
,,,10,11:30 - 11:44,Cashier,44.79,10,4.48,10,4.48,10,4.48,1.0,1.0
,,,10,11:45 - 11:59,Cashier,77.05,10,7.71,10,7.71,10,7.71,1.0,1.0
,,,10,12:00 - 12:14,Cashier,60.32,11,5.48,11,5.48,11,5.48,1.0,1.0
,,,10,12:15 - 12:29,Cashier,37.99,7,5.43,7,5.43,7,5.43,1.0,1.0
,,,10,12:30 - 12:44,Cashier,72.46,13,5.57,13,5.57,13,5.57,1.0,1.0
,,,10,12:45 - 12:59,Cashier,55.58,8,6.95,8,6.95,8,6.95,1.0,1.0
,,,10,13:00 - 13:14,Cashier,41.53,8,5.19,8,5.19,8,5.19,1.0,1.0
,,,10,13:15 - 13:29,Cashier,76.57,13,5.89,13,5.89,13,5.89,1.0,1.0
,,,10,13:30 - 13:44,Cashier,69.0,12,5.75,12,5.75,12,5.75,1.0,1.0
,,,10,13:45 - 13:59,Cashier,91.08,14,6.51,14,6.51,14,6.51,1.0,1.0
,,,10,14:00 - 14:14,Cashier,27.83,5,5.57,5,5.57,5,5.57,1.0,1.0
,,,10,14:15 - 14:29,Cashier,64.74,16,4.05,16,4.05,16,4.05,1.0,1.0
,,,10,14:30 - 14:44,Cashier,76.94,12,6.41,12,6.41,12,6.41,1.0,1.0
,,,10,14:45 - 14:59,Cashier,34.39,7,4.91,7,4.91,7,4.91,1.0,1.0
,,,10,15:00 - 15:14,Cashier,27.0,4,6.75,4,6.75,4,6.75,1.0,1.0
,,,10,15:15 - 15:29,Cashier,33.69,6,5.62,6,5.62,6,5.62,1.0,1.0
,,,10,15:30 - 15:44,Cashier,85.66,13,6.59,13,6.59,13,6.59,1.0,1.0
,,,10,15:45 - 15:59,Cashier,19.3,5,3.86,5,3.86,5,3.86,1.0,1.0
,,,10,16:15 - 16:29,Cashier,40.71,8,5.09,8,5.09,8,5.09,1.0,1.0
,,,10,16:30 - 16:44,Cashier,16.89,4,4.22,4,4.22,4,4.22,1.0,1.0
,,,10,16:45 - 16:59,Cashier,10.99,3,3.66,3,3.66,3,3.66,1.0,1.0
,,,10,17:15 - 17:29,Cashier,10.29,2,5.14,2,5.14,2,5.14,1.0,1.0
,,,10,17:30 - 17:44,Cashier,5.25,1,5.25,1,5.25,1,5.25,1.0,1.0
,,,10,---,---,1849.38,306,6.04,306,6.04,306,6.04,1.0,1.0
,,,11,07:30 - 07:44,Cashier,4.95,1,4.95,1,4.95,1,4.95,1.0,1.0
,,,11,07:45 - 07:59,Cashier,9.7,1,9.7,1,9.7,1,9.7,1.0,1.0
,,,11,08:00 - 08:14,Cashier,20.5,3,6.83,3,6.83,3,6.83,1.0,1.0
,,,11,08:30 - 08:44,Cashier,16.68,4,4.17,4,4.17,4,4.17,1.0,1.0
,,,11,08:45 - 08:59,Cashier,29.68,4,7.42,4,7.42,4,7.42,1.0,1.0
,,,11,09:00 - 09:14,Cashier,46.93,8,5.87,8,5.87,8,5.87,1.0,1.0
,,,11,09:15 - 09:29,Cashier,61.27,9,6.81,9,6.81,9,6.81,1.0,1.0
,,,11,09:30 - 09:44,Cashier,50.04,10,5.0,10,5.0,10,5.0,1.0,1.0
,,,11,09:45 - 09:59,Cashier,40.39,8,5.05,8,5.05,8,5.05,1.0,1.0
,,,11,10:00 - 10:14,Cashier,44.39,6,7.4,6,7.4,6,7.4,1.0,1.0
,,,11,10:15 - 10:29,Cashier,58.73,10,5.87,10,5.87,10,5.87,1.0,1.0
,,,11,10:30 - 10:44,Cashier,102.4,17,6.02,17,6.02,17,6.02,1.0,1.0
,,,11,10:45 - 10:59,Cashier,86.45,10,8.64,10,8.64,10,8.64,1.0,1.0
,,,11,11:00 - 11:14,Cashier,67.04,9,7.45,9,7.45,9,7.45,1.0,1.0
,,,11,11:15 - 11:29,Cashier,33.33,5,6.67,5,6.67,5,6.67,1.0,1.0
,,,11,11:30 - 11:44,Cashier,39.95,8,4.99,8,4.99,8,4.99,1.0,1.0
,,,11,11:45 - 11:59,Cashier,38.98,6,6.5,6,6.5,6,6.5,1.0,1.0
,,,11,12:00 - 12:14,Cashier,72.36,13,5.57,13,5.57,13,5.57,1.0,1.0
,,,11,12:15 - 12:29,Cashier,55.09,10,5.51,10,5.51,10,5.51,1.0,1.0
,,,11,12:30 - 12:44,Cashier,55.78,9,6.2,9,6.2,9,6.2,1.0,1.0
,,,11,12:45 - 12:59,Cashier,68.98,10,6.9,10,6.9,10,6.9,1.0,1.0
,,,11,13:00 - 13:14,Cashier,52.58,8,6.57,8,6.57,8,6.57,1.0,1.0
,,,11,13:15 - 13:29,Cashier,39.64,6,6.61,6,6.61,6,6.61,1.0,1.0
,,,11,13:30 - 13:44,Cashier,46.86,6,7.81,6,7.81,6,7.81,1.0,1.0
,,,11,13:45 - 13:59,Cashier,35.97,6,6.0,6,6.0,6,6.0,1.0,1.0
,,,11,14:00 - 14:14,Cashier,46.03,5,9.21,5,9.21,5,9.21,1.0,1.0
,,,11,14:15 - 14:29,Cashier,12.54,4,3.13,4,3.13,4,3.13,1.0,1.0
,,,11,14:30 - 14:44,Cashier,20.27,4,5.07,4,5.07,4,5.07,1.0,1.0
,,,11,14:45 - 14:59,Cashier,16.8,4,4.2,4,4.2,4,4.2,1.0,1.0
,,,11,15:00 - 15:14,Cashier,28.29,4,7.07,4,7.07,4,7.07,1.0,1.0
,,,11,15:15 - 15:29,Cashier,41.5,5,8.3,5,8.3,5,8.3,1.0,1.0
,,,11,15:30 - 15:44,Cashier,9.59,3,3.2,3,3.2,3,3.2,1.0,1.0
,,,11,15:45 - 15:59,Cashier,24.25,4,6.06,4,6.06,4,6.06,1.0,1.0
,,,11,---,---,1377.94,220,6.26,220,6.26,220,6.26,1.0,1.0
,,,14,08:00 - 08:14,Cashier,14.75,3,4.92,3,4.92,3,4.92,1.0,1.0
,,,14,08:15 - 08:29,Cashier,13.69,2,6.84,2,6.84,2,6.84,1.0,1.0
,,,14,08:30 - 08:44,Cashier,18.21,4,4.55,4,4.55,4,4.55,1.0,1.0
,,,14,08:45 - 08:59,Cashier,5.75,1,5.75,1,5.75,1,5.75,1.0,1.0
,,,14,09:00 - 09:14,Cashier,10.65,2,5.33,2,5.33,2,5.33,1.0,1.0
,,,14,09:15 - 09:29,Cashier,26.74,6,4.46,6,4.46,6,4.46,1.0,1.0
,,,14,09:30 - 09:44,Cashier,24.17,5,4.83,5,4.83,5,4.83,1.0,1.0
,,,14,09:45 - 09:59,Cashier,31.96,7,4.57,7,4.57,7,4.57,1.0,1.0
,,,14,10:00 - 10:14,Cashier,74.76,11,6.8,11,6.8,11,6.8,1.0,1.0
,,,14,10:15 - 10:29,Cashier,80.17,12,6.68,12,6.68,12,6.68,1.0,1.0
,,,14,10:30 - 10:44,Cashier,76.31,10,7.63,10,7.63,10,7.63,1.0,1.0
,,,14,10:45 - 10:59,Cashier,81.87,9,9.1,9,9.1,9,9.1,1.0,1.0
,,,14,11:00 - 11:14,Cashier,80.93,10,8.09,10,8.09,10,8.09,1.0,1.0
,,,14,11:15 - 11:29,Cashier,68.71,10,6.87,10,6.87,10,6.87,1.0,1.0
,,,14,11:30 - 11:44,Cashier,105.62,13,8.12,13,8.12,13,8.12,1.0,1.0
,,,14,11:45 - 11:59,Cashier,38.34,7,5.48,7,5.48,7,5.48,1.0,1.0
,,,14,12:00 - 12:14,Cashier,7.34,2,3.67,2,3.67,2,3.67,1.0,1.0
,,,14,12:15 - 12:29,Cashier,99.4,13,7.65,13,7.65,13,7.65,1.0,1.0
,,,14,12:30 - 12:44,Cashier,61.95,10,6.2,10,6.2,10,6.2,1.0,1.0
,,,14,12:45 - 12:59,Cashier,91.29,17,5.37,17,5.37,17,5.37,1.0,1.0
,,,14,13:00 - 13:14,Cashier,59.48,11,5.41,11,5.41,11,5.41,1.0,1.0
,,,14,13:15 - 13:29,Cashier,58.89,9,6.54,9,6.54,9,6.54,1.0,1.0
,,,14,13:30 - 13:44,Cashier,34.08,8,4.26,8,4.26,8,4.26,1.0,1.0
,,,14,13:45 - 13:59,Cashier,36.74,7,5.25,7,5.25,7,5.25,1.0,1.0
,,,14,14:00 - 14:14,Cashier,65.08,11,5.92,11,5.92,11,5.92,1.0,1.0
,,,14,14:15 - 14:29,Cashier,109.79,18,6.1,18,6.1,18,6.1,1.0,1.0
,,,14,14:30 - 14:44,Cashier,57.18,11,5.2,11,5.2,11,5.2,1.0,1.0
,,,14,14:45 - 14:59,Cashier,37.84,8,4.73,8,4.73,8,4.73,1.0,1.0
,,,14,15:00 - 15:14,Cashier,65.42,12,5.45,12,5.45,12,5.45,1.0,1.0
,,,14,15:15 - 15:29,Cashier,28.89,6,4.82,6,4.82,6,4.82,1.0,1.0
,,,14,15:30 - 15:44,Cashier,35.83,6,5.97,6,5.97,6,5.97,1.0,1.0
,,,14,15:45 - 15:59,Cashier,16.93,4,4.23,4,4.23,4,4.23,1.0,1.0
,,,14,16:00 - 16:14,Cashier,32.64,5,6.53,5,6.53,5,6.53,1.0,1.0
,,,14,16:15 - 16:29,Cashier,15.65,3,5.22,3,5.22,3,5.22,1.0,1.0
,,,14,16:30 - 16:44,Cashier,18.14,3,6.05,3,6.05,3,6.05,1.0,1.0
,,,14,16:45 - 16:59,Cashier,11.91,2,5.96,2,5.96,2,5.96,1.0,1.0
,,,14,17:00 - 17:14,Cashier,34.78,6,5.8,6,5.8,6,5.8,1.0,1.0
,,,14,17:15 - 17:29,Cashier,3.39,1,3.39,1,3.39,1,3.39,1.0,1.0
,,,14,---,---,1735.27,285,6.09,285,6.09,285,6.09,1.0,1.0
,,,15,07:45 - 07:59,Cashier,14.15,2,7.08,2,7.08,2,7.08,1.0,1.0
,,,15,08:00 - 08:14,Cashier,18.55,3,6.18,3,6.18,3,6.18,1.0,1.0
,,,15,08:15 - 08:29,Cashier,4.95,1,4.95,1,4.95,1,4.95,1.0,1.0
,,,15,08:30 - 08:44,Cashier,7.3,2,3.65,2,3.65,2,3.65,1.0,1.0
,,,15,08:45 - 08:59,Cashier,3.35,1,3.35,1,3.35,1,3.35,1.0,1.0
,,,15,09:00 - 09:14,Cashier,27.43,5,5.49,5,5.49,5,5.49,1.0,1.0
,,,15,09:15 - 09:29,Cashier,49.51,7,7.07,7,7.07,7,7.07,1.0,1.0
,,,15,09:30 - 09:44,Cashier,60.8,8,7.6,8,7.6,8,7.6,1.0,1.0
,,,15,09:45 - 09:59,Cashier,53.38,8,6.67,8,6.67,8,6.67,1.0,1.0
,,,15,10:00 - 10:14,Cashier,55.05,7,7.86,7,7.86,7,7.86,1.0,1.0
,,,15,10:15 - 10:29,Cashier,26.5,5,5.3,5,5.3,5,5.3,1.0,1.0
,,,15,10:30 - 10:44,Cashier,72.14,10,7.21,10,7.21,10,7.21,1.0,1.0
,,,15,10:45 - 10:59,Cashier,51.41,7,7.34,7,7.34,7,7.34,1.0,1.0
,,,15,11:00 - 11:14,Cashier,47.78,4,11.95,4,11.95,4,11.95,1.0,1.0
,,,15,11:15 - 11:29,Cashier,107.29,16,6.71,16,6.71,16,6.71,1.0,1.0
,,,15,11:30 - 11:44,Cashier,68.84,13,5.3,13,5.3,13,5.3,1.0,1.0
,,,15,11:45 - 11:59,Cashier,39.96,8,5.0,8,5.0,8,5.0,1.0,1.0
,,,15,12:00 - 12:14,Cashier,56.59,6,9.43,6,9.43,6,9.43,1.0,1.0
,,,15,12:15 - 12:29,Cashier,43.78,6,7.3,6,7.3,6,7.3,1.0,1.0
,,,15,12:30 - 12:44,Cashier,99.12,13,7.62,13,7.62,13,7.62,1.0,1.0
,,,15,12:45 - 12:59,Cashier,83.5,10,8.35,10,8.35,10,8.35,1.0,1.0
,,,15,13:00 - 13:14,Cashier,39.9,7,5.7,7,5.7,7,5.7,1.0,1.0
,,,15,13:15 - 13:29,Cashier,45.74,9,5.08,9,5.08,9,5.08,1.0,1.0
,,,15,13:30 - 13:44,Cashier,83.09,12,6.92,12,6.92,12,6.92,1.0,1.0
,,,15,13:45 - 13:59,Cashier,87.46,15,5.83,15,5.83,15,5.83,1.0,1.0
,,,15,14:00 - 14:14,Cashier,58.68,10,5.87,10,5.87,10,5.87,1.0,1.0
,,,15,14:15 - 14:29,Cashier,60.25,11,5.48,11,5.48,11,5.48,1.0,1.0
,,,15,14:30 - 14:44,Cashier,38.44,7,5.49,7,5.49,7,5.49,1.0,1.0
,,,15,14:45 - 14:59,Cashier,12.05,2,6.03,2,6.03,2,6.03,1.0,1.0
,,,15,15:00 - 15:14,Cashier,65.95,11,6.0,11,6.0,11,6.0,1.0,1.0
,,,15,15:15 - 15:29,Cashier,28.83,5,5.77,5,5.77,5,5.77,1.0,1.0
,,,15,15:30 - 15:44,Cashier,34.1,4,8.53,4,8.53,4,8.53,1.0,1.0
,,,15,15:45 - 15:59,Cashier,40.04,9,4.45,9,4.45,9,4.45,1.0,1.0
,,,15,16:00 - 16:14,Cashier,28.93,5,5.79,5,5.79,5,5.79,1.0,1.0
,,,15,16:15 - 16:29,Cashier,43.5,9,4.83,9,4.83,9,4.83,1.0,1.0
,,,15,16:30 - 16:44,Cashier,32.72,5,6.54,5,6.54,5,6.54,1.0,1.0
,,,15,16:45 - 16:59,Cashier,20.06,7,2.87,7,2.87,7,2.87,1.0,1.0
,,,15,17:00 - 17:14,Cashier,21.04,4,5.26,4,5.26,4,5.26,1.0,1.0
,,,15,17:15 - 17:29,Cashier,2.99,1,2.99,1,2.99,1,2.99,1.0,1.0
,,,15,---,---,1735.15,275,6.31,275,6.31,275,6.31,1.0,1.0
,,,16,07:30 - 07:44,Cashier,8.2,1,8.2,1,8.2,1,8.2,1.0,1.0
,,,16,07:45 - 07:59,Cashier,3.95,1,3.95,1,3.95,1,3.95,1.0,1.0
,,,16,08:00 - 08:14,Cashier,20.74,5,4.15,5,4.15,5,4.15,1.0,1.0
,,,16,08:15 - 08:29,Cashier,38.34,8,4.79,8,4.79,8,4.79,1.0,1.0
,,,16,08:30 - 08:44,Cashier,11.75,2,5.88,2,5.88,2,5.88,1.0,1.0
,,,16,08:45 - 08:59,Cashier,41.94,7,5.99,7,5.99,7,5.99,1.0,1.0
,,,16,09:00 - 09:14,Cashier,61.93,9,6.88,9,6.88,9,6.88,1.0,1.0
,,,16,09:15 - 09:29,Cashier,78.95,13,6.07,13,6.07,13,6.07,1.0,1.0
,,,16,09:30 - 09:44,Cashier,43.41,7,6.2,7,6.2,7,6.2,1.0,1.0
,,,16,09:45 - 09:59,Cashier,51.78,7,7.4,7,7.4,7,7.4,1.0,1.0
,,,16,10:00 - 10:14,Cashier,39.03,6,6.5,6,6.5,6,6.5,1.0,1.0
,,,16,10:15 - 10:29,Cashier,74.08,13,5.7,13,5.7,13,5.7,1.0,1.0
,,,16,10:30 - 10:44,Cashier,97.16,14,6.94,14,6.94,14,6.94,1.0,1.0
,,,16,10:45 - 10:59,Cashier,25.15,4,6.29,4,6.29,4,6.29,1.0,1.0
,,,16,11:00 - 11:14,Cashier,38.15,8,4.77,8,4.77,8,4.77,1.0,1.0
,,,16,11:15 - 11:29,Cashier,70.44,13,5.42,13,5.42,13,5.42,1.0,1.0
,,,16,11:30 - 11:44,Cashier,83.04,12,6.92,12,6.92,12,6.92,1.0,1.0
,,,16,11:45 - 11:59,Cashier,61.39,12,5.12,12,5.12,12,5.12,1.0,1.0
,,,16,12:00 - 12:14,Cashier,81.21,13,6.25,13,6.25,13,6.25,1.0,1.0
,,,16,12:15 - 12:29,Cashier,106.62,17,6.27,17,6.27,17,6.27,1.0,1.0
,,,16,12:30 - 12:44,Cashier,100.13,14,7.15,14,7.15,14,7.15,1.0,1.0
,,,16,12:45 - 12:59,Cashier,53.52,10,5.35,10,5.35,10,5.35,1.0,1.0
,,,16,13:00 - 13:14,Cashier,78.49,15,5.23,15,5.23,15,5.23,1.0,1.0
,,,16,13:15 - 13:29,Cashier,79.04,11,7.19,11,7.19,11,7.19,1.0,1.0
,,,16,13:30 - 13:44,Cashier,73.86,13,5.68,13,5.68,13,5.68,1.0,1.0
,,,16,13:45 - 13:59,Cashier,45.44,7,6.49,7,6.49,7,6.49,1.0,1.0
,,,16,14:00 - 14:14,Cashier,84.23,14,6.02,14,6.02,14,6.02,1.0,1.0
,,,16,14:15 - 14:29,Cashier,82.72,16,5.17,16,5.17,16,5.17,1.0,1.0
,,,16,14:30 - 14:44,Cashier,75.67,14,5.41,14,5.41,14,5.41,1.0,1.0
,,,16,14:45 - 14:59,Cashier,42.48,7,6.07,7,6.07,7,6.07,1.0,1.0
,,,16,15:00 - 15:14,Cashier,36.84,7,5.26,7,5.26,7,5.26,1.0,1.0
,,,16,15:15 - 15:29,Cashier,56.27,7,8.04,7,8.04,7,8.04,1.0,1.0
,,,16,15:30 - 15:44,Cashier,57.97,10,5.8,10,5.8,10,5.8,1.0,1.0
,,,16,15:45 - 15:59,Cashier,40.24,8,5.03,7,5.75,8,5.03,0.88,0.88
,,,16,16:00 - 16:14,Cashier,37.18,7,5.31,7,5.31,7,5.31,1.0,1.0
,,,16,16:15 - 16:29,Cashier,73.02,12,6.08,12,6.08,12,6.08,1.0,1.0
,,,16,16:30 - 16:44,Cashier,4.95,1,4.95,1,4.95,1,4.95,1.0,1.0
,,,16,17:00 - 17:14,Cashier,4.95,1,4.95,1,4.95,1,4.95,1.0,1.0
,,,16,17:15 - 17:29,Cashier,19.64,3,6.55,3,6.55,3,6.55,1.0,1.0
,,,16,---,---,2083.9,349,5.97,348,5.99,349,5.97,1.0,1.0
,,,17,07:45 - 07:59,Cashier,8.34,2,4.17,2,4.17,2,4.17,1.0,1.0
,,,17,08:00 - 08:14,Cashier,31.04,5,6.21,5,6.21,5,6.21,1.0,1.0
,,,17,08:15 - 08:29,Cashier,19.98,4,5.0,4,5.0,4,5.0,1.0,1.0
,,,17,08:30 - 08:44,Cashier,22.31,4,5.58,4,5.58,4,5.58,1.0,1.0
,,,17,08:45 - 08:59,Cashier,10.94,2,5.47,2,5.47,2,5.47,1.0,1.0
,,,17,09:00 - 09:14,Cashier,43.86,7,6.27,7,6.27,7,6.27,1.0,1.0
,,,17,09:15 - 09:29,Cashier,40.7,8,5.09,8,5.09,8,5.09,1.0,1.0
,,,17,09:30 - 09:44,Cashier,14.9,2,7.45,2,7.45,2,7.45,1.0,1.0
,,,17,09:45 - 09:59,Cashier,60.29,9,6.7,9,6.7,9,6.7,1.0,1.0
,,,17,10:00 - 10:14,Cashier,56.69,9,6.3,9,6.3,9,6.3,1.0,1.0
,,,17,10:15 - 10:29,Cashier,76.5,12,6.38,12,6.38,12,6.38,1.0,1.0
,,,17,10:30 - 10:44,Cashier,75.33,12,6.28,12,6.28,12,6.28,1.0,1.0
,,,17,10:45 - 10:59,Cashier,44.33,5,8.87,5,8.87,5,8.87,1.0,1.0
,,,17,11:00 - 11:14,Cashier,23.63,4,5.91,4,5.91,4,5.91,1.0,1.0
,,,17,11:15 - 11:29,Cashier,127.94,17,7.53,17,7.53,17,7.53,1.0,1.0
,,,17,11:30 - 11:44,Cashier,75.34,11,6.85,11,6.85,11,6.85,1.0,1.0
,,,17,11:45 - 11:59,Cashier,42.03,6,7.0,6,7.0,6,7.0,1.0,1.0
,,,17,12:00 - 12:14,Cashier,30.99,7,4.43,7,4.43,7,4.43,1.0,1.0
,,,17,12:15 - 12:29,Cashier,70.77,10,7.08,10,7.08,10,7.08,1.0,1.0
,,,17,12:30 - 12:44,Cashier,78.14,11,7.1,11,7.1,11,7.1,1.0,1.0
,,,17,12:45 - 12:59,Cashier,37.28,8,4.66,8,4.66,8,4.66,1.0,1.0
,,,17,13:00 - 13:14,Cashier,60.52,10,6.05,10,6.05,10,6.05,1.0,1.0
,,,17,13:15 - 13:29,Cashier,62.28,12,5.19,12,5.19,12,5.19,1.0,1.0
,,,17,13:30 - 13:44,Cashier,36.03,7,5.15,7,5.15,7,5.15,1.0,1.0
,,,17,13:45 - 13:59,Cashier,97.18,16,6.07,16,6.07,16,6.07,1.0,1.0
,,,17,14:00 - 14:14,Cashier,77.72,13,5.98,13,5.98,13,5.98,1.0,1.0
,,,17,14:15 - 14:29,Cashier,116.64,21,5.55,21,5.55,21,5.55,1.0,1.0
,,,17,14:30 - 14:44,Cashier,52.34,11,4.76,11,4.76,11,4.76,1.0,1.0
,,,17,14:45 - 14:59,Cashier,24.35,4,6.09,4,6.09,4,6.09,1.0,1.0
,,,17,15:00 - 15:14,Cashier,36.29,6,6.05,6,6.05,6,6.05,1.0,1.0
,,,17,15:15 - 15:29,Cashier,73.44,11,6.68,11,6.68,11,6.68,1.0,1.0
,,,17,15:30 - 15:44,Cashier,48.77,10,4.88,10,4.88,10,4.88,1.0,1.0
,,,17,15:45 - 15:59,Cashier,37.54,7,5.36,7,5.36,7,5.36,1.0,1.0
,,,17,16:00 - 16:14,Cashier,32.69,8,4.09,8,4.09,8,4.09,1.0,1.0
,,,17,16:15 - 16:29,Cashier,40.75,7,5.82,7,5.82,7,5.82,1.0,1.0
,,,17,16:30 - 16:44,Cashier,44.98,8,5.62,8,5.62,8,5.62,1.0,1.0
,,,17,16:45 - 16:59,Cashier,17.24,3,5.75,3,5.75,3,5.75,1.0,1.0
,,,17,17:00 - 17:14,Cashier,4.95,1,4.95,1,4.95,1,4.95,1.0,1.0
,,,17,17:15 - 17:29,Cashier,8.5,2,4.25,2,4.25,2,4.25,1.0,1.0
,,,17,17:30 - 17:44,Cashier,4.95,1,4.95,1,4.95,1,4.95,1.0,1.0
,,,17,---,---,1868.49,313,5.97,313,5.97,313,5.97,1.0,1.0
,,,18,07:30 - 07:44,Cashier,4.35,1,4.35,1,4.35,1,4.35,1.0,1.0
,,,18,08:00 - 08:14,Cashier,10.9,2,5.45,2,5.45,2,5.45,1.0,1.0
,,,18,08:15 - 08:29,Cashier,6.85,2,3.42,2,3.42,2,3.42,1.0,1.0
,,,18,08:30 - 08:44,Cashier,21.09,4,5.27,4,5.27,4,5.27,1.0,1.0
,,,18,08:45 - 08:59,Cashier,13.23,3,4.41,3,4.41,3,4.41,1.0,1.0
,,,18,09:00 - 09:14,Cashier,5.94,1,5.94,1,5.94,1,5.94,1.0,1.0
,,,18,09:15 - 09:29,Cashier,39.85,5,7.97,5,7.97,5,7.97,1.0,1.0
,,,18,09:30 - 09:44,Cashier,24.86,3,8.29,3,8.29,3,8.29,1.0,1.0
,,,18,09:45 - 09:59,Cashier,24.04,4,6.01,4,6.01,4,6.01,1.0,1.0
,,,18,10:00 - 10:14,Cashier,19.39,4,4.85,4,4.85,4,4.85,1.0,1.0
,,,18,10:15 - 10:29,Cashier,70.98,10,7.1,10,7.1,10,7.1,1.0,1.0
,,,18,10:30 - 10:44,Cashier,105.98,16,6.62,16,6.62,16,6.62,1.0,1.0
,,,18,10:45 - 10:59,Cashier,115.45,13,8.88,13,8.88,13,8.88,1.0,1.0
,,,18,11:00 - 11:14,Cashier,71.12,11,6.47,11,6.47,11,6.47,1.0,1.0
,,,18,11:15 - 11:29,Cashier,79.18,10,7.92,10,7.92,10,7.92,1.0,1.0
,,,18,11:30 - 11:44,Cashier,30.28,5,6.06,5,6.06,5,6.06,1.0,1.0
,,,18,11:45 - 11:59,Cashier,47.65,9,5.29,9,5.29,9,5.29,1.0,1.0
,,,18,12:00 - 12:14,Cashier,76.46,9,8.5,9,8.5,9,8.5,1.0,1.0
,,,18,12:15 - 12:29,Cashier,32.84,3,10.95,3,10.95,3,10.95,1.0,1.0
,,,18,12:30 - 12:44,Cashier,43.83,5,8.77,5,8.77,5,8.77,1.0,1.0
,,,18,12:45 - 12:59,Cashier,60.91,10,6.09,10,6.09,10,6.09,1.0,1.0
,,,18,13:00 - 13:14,Cashier,39.37,6,6.56,6,6.56,6,6.56,1.0,1.0
,,,18,13:15 - 13:29,Cashier,37.04,5,7.41,5,7.41,5,7.41,1.0,1.0
,,,18,13:30 - 13:44,Cashier,68.37,10,6.84,10,6.84,10,6.84,1.0,1.0
,,,18,13:45 - 13:59,Cashier,27.03,4,6.76,4,6.76,4,6.76,1.0,1.0
,,,18,14:00 - 14:14,Cashier,39.83,7,5.69,7,5.69,7,5.69,1.0,1.0
,,,18,14:15 - 14:29,Cashier,34.93,3,11.64,3,11.64,3,11.64,1.0,1.0
,,,18,14:30 - 14:44,Cashier,59.1,9,6.57,9,6.57,9,6.57,1.0,1.0
,,,18,14:45 - 14:59,Cashier,43.57,6,7.26,6,7.26,6,7.26,1.0,1.0
,,,18,15:00 - 15:14,Cashier,15.65,2,7.83,2,7.83,2,7.83,1.0,1.0
,,,18,15:15 - 15:29,Cashier,47.24,3,15.75,3,15.75,3,15.75,1.0,1.0
,,,18,15:30 - 15:44,Cashier,14.95,2,7.47,2,7.47,2,7.47,1.0,1.0
,,,18,15:45 - 15:59,Cashier,37.35,5,7.47,5,7.47,5,7.47,1.0,1.0
,,,18,---,---,1369.61,192,7.13,192,7.13,192,7.13,1.0,1.0
,,,22,07:30 - 07:44,Cashier,16.9,2,8.45,2,8.45,2,8.45,1.0,1.0
,,,22,07:45 - 07:59,Cashier,15.69,2,7.84,2,7.84,2,7.84,1.0,1.0
,,,22,08:00 - 08:14,Cashier,42.19,7,6.03,7,6.03,7,6.03,1.0,1.0
,,,22,08:15 - 08:29,Cashier,31.25,5,6.25,5,6.25,5,6.25,1.0,1.0
,,,22,08:30 - 08:44,Cashier,23.26,4,5.82,4,5.82,4,5.82,1.0,1.0
,,,22,08:45 - 08:59,Cashier,23.99,4,6.0,4,6.0,4,6.0,1.0,1.0
,,,22,09:00 - 09:14,Cashier,29.73,6,4.96,6,4.96,6,4.96,1.0,1.0
,,,22,09:15 - 09:29,Cashier,80.36,12,6.7,12,6.7,12,6.7,1.0,1.0
,,,22,09:30 - 09:44,Cashier,16.3,3,5.43,3,5.43,3,5.43,1.0,1.0
,,,22,09:45 - 09:59,Cashier,10.94,2,5.47,2,5.47,2,5.47,1.0,1.0
,,,22,10:00 - 10:14,Cashier,26.53,5,5.31,5,5.31,5,5.31,1.0,1.0
,,,22,10:15 - 10:29,Cashier,42.17,10,4.22,10,4.22,10,4.22,1.0,1.0
,,,22,10:30 - 10:44,Cashier,83.85,13,6.45,13,6.45,13,6.45,1.0,1.0
,,,22,10:45 - 10:59,Cashier,111.51,14,7.96,14,7.96,14,7.96,1.0,1.0
,,,22,11:00 - 11:14,Cashier,42.73,9,4.75,9,4.75,9,4.75,1.0,1.0
,,,22,11:15 - 11:29,Cashier,71.82,12,5.99,12,5.99,12,5.99,1.0,1.0
,,,22,11:30 - 11:44,Cashier,93.11,12,7.76,12,7.76,12,7.76,1.0,1.0
,,,22,11:45 - 11:59,Cashier,48.74,8,6.09,8,6.09,8,6.09,1.0,1.0
,,,22,12:00 - 12:14,Cashier,18.88,4,4.72,4,4.72,4,4.72,1.0,1.0
,,,22,12:15 - 12:29,Cashier,44.67,7,6.38,7,6.38,7,6.38,1.0,1.0
,,,22,12:30 - 12:44,Cashier,100.3,14,7.16,14,7.16,14,7.16,1.0,1.0
,,,22,12:45 - 12:59,Cashier,55.68,8,6.96,8,6.96,8,6.96,1.0,1.0
,,,22,13:00 - 13:14,Cashier,56.41,8,7.05,8,7.05,8,7.05,1.0,1.0
,,,22,13:15 - 13:29,Cashier,41.45,11,3.77,11,3.77,11,3.77,1.0,1.0
,,,22,13:30 - 13:44,Cashier,69.42,13,5.34,13,5.34,13,5.34,1.0,1.0
,,,22,13:45 - 13:59,Cashier,48.36,12,4.03,12,4.03,12,4.03,1.0,1.0
,,,22,14:00 - 14:14,Cashier,68.17,14,4.87,14,4.87,14,4.87,1.0,1.0
,,,22,14:15 - 14:29,Cashier,49.7,10,4.97,10,4.97,10,4.97,1.0,1.0
,,,22,14:30 - 14:44,Cashier,65.99,12,5.5,12,5.5,12,5.5,1.0,1.0
,,,22,14:45 - 14:59,Cashier,42.43,7,6.06,7,6.06,7,6.06,1.0,1.0
,,,22,15:00 - 15:14,Cashier,39.45,8,4.93,8,4.93,8,4.93,1.0,1.0
,,,22,15:15 - 15:29,Cashier,43.65,8,5.46,8,5.46,8,5.46,1.0,1.0
,,,22,15:30 - 15:44,Cashier,33.48,6,5.58,6,5.58,6,5.58,1.0,1.0
,,,22,15:45 - 15:59,Cashier,13.14,4,3.29,4,3.29,4,3.29,1.0,1.0
,,,22,16:00 - 16:14,Cashier,30.9,5,6.18,5,6.18,5,6.18,1.0,1.0
,,,22,16:15 - 16:29,Cashier,40.59,7,5.8,7,5.8,7,5.8,1.0,1.0
,,,22,16:30 - 16:44,Cashier,35.12,7,5.02,7,5.02,7,5.02,1.0,1.0
,,,22,16:45 - 16:59,Cashier,11.39,2,5.7,2,5.7,2,5.7,1.0,1.0
,,,22,17:00 - 17:14,Cashier,4.45,1,4.45,1,4.45,1,4.45,1.0,1.0
,,,22,17:15 - 17:29,Cashier,4.45,1,4.45,1,4.45,1,4.45,1.0,1.0
,,,22,---,---,1729.15,299,5.78,299,5.78,299,5.78,1.0,1.0
,,,23,07:45 - 07:59,Cashier,8.04,1,8.04,1,8.04,1,8.04,1.0,1.0
,,,23,08:00 - 08:14,Cashier,29.64,4,7.41,4,7.41,4,7.41,1.0,1.0
,,,23,08:15 - 08:29,Cashier,49.71,8,6.21,8,6.21,8,6.21,1.0,1.0
,,,23,08:30 - 08:44,Cashier,17.74,3,5.91,3,5.91,3,5.91,1.0,1.0
,,,23,08:45 - 08:59,Cashier,32.75,5,6.55,5,6.55,5,6.55,1.0,1.0
,,,23,09:00 - 09:14,Cashier,42.85,6,7.14,6,7.14,6,7.14,1.0,1.0
,,,23,09:15 - 09:29,Cashier,70.61,12,5.88,12,5.88,12,5.88,1.0,1.0
,,,23,09:30 - 09:44,Cashier,76.22,10,7.62,10,7.62,10,7.62,1.0,1.0
,,,23,09:45 - 09:59,Cashier,38.12,5,7.62,5,7.62,5,7.62,1.0,1.0
,,,23,10:00 - 10:14,Cashier,25.88,5,5.18,5,5.18,5,5.18,1.0,1.0
,,,23,10:15 - 10:29,Cashier,80.0,12,6.67,12,6.67,12,6.67,1.0,1.0
,,,23,10:30 - 10:44,Cashier,117.14,17,6.89,17,6.89,17,6.89,1.0,1.0
,,,23,10:45 - 10:59,Cashier,16.9,4,4.22,4,4.22,4,4.22,1.0,1.0
,,,23,11:00 - 11:14,Cashier,47.6,8,5.95,8,5.95,8,5.95,1.0,1.0
,,,23,11:15 - 11:29,Cashier,107.0,14,7.64,14,7.64,14,7.64,1.0,1.0
,,,23,11:30 - 11:44,Cashier,130.15,17,7.66,17,7.66,17,7.66,1.0,1.0
,,,23,11:45 - 11:59,Cashier,23.94,4,5.99,4,5.99,4,5.99,1.0,1.0
,,,23,12:00 - 12:14,Cashier,28.74,6,4.79,6,4.79,6,4.79,1.0,1.0
,,,23,12:15 - 12:29,Cashier,72.82,10,7.28,10,7.28,10,7.28,1.0,1.0
,,,23,12:30 - 12:44,Cashier,86.48,13,6.65,13,6.65,13,6.65,1.0,1.0
,,,23,12:45 - 12:59,Cashier,45.57,10,4.56,10,4.56,10,4.56,1.0,1.0
,,,23,13:00 - 13:14,Cashier,71.08,8,8.88,8,8.88,8,8.88,1.0,1.0
,,,23,13:15 - 13:29,Cashier,77.07,13,5.93,13,5.93,13,5.93,1.0,1.0
,,,23,13:30 - 13:44,Cashier,94.21,13,7.25,13,7.25,13,7.25,1.0,1.0
,,,23,13:45 - 13:59,Cashier,15.34,3,5.11,3,5.11,3,5.11,1.0,1.0
,,,23,14:00 - 14:14,Cashier,17.83,4,4.46,4,4.46,4,4.46,1.0,1.0
,,,23,14:15 - 14:29,Cashier,69.0,12,5.75,12,5.75,12,5.75,1.0,1.0
,,,23,14:30 - 14:44,Cashier,99.81,18,5.54,18,5.54,18,5.54,1.0,1.0
,,,23,14:45 - 14:59,Cashier,33.69,6,5.62,6,5.62,6,5.62,1.0,1.0
,,,23,15:00 - 15:14,Cashier,36.08,9,4.01,9,4.01,9,4.01,1.0,1.0
,,,23,15:15 - 15:29,Cashier,17.89,3,5.96,3,5.96,3,5.96,1.0,1.0
,,,23,15:30 - 15:44,Cashier,33.17,8,4.15,8,4.15,8,4.15,1.0,1.0
,,,23,15:45 - 15:59,Cashier,20.64,4,5.16,4,5.16,4,5.16,1.0,1.0
,,,23,16:00 - 16:14,Cashier,24.28,5,4.86,5,4.86,5,4.86,1.0,1.0
,,,23,16:15 - 16:29,Cashier,35.1,7,5.01,7,5.01,7,5.01,1.0,1.0
,,,23,16:30 - 16:44,Cashier,10.7,2,5.35,2,5.35,2,5.35,1.0,1.0
,,,23,16:45 - 16:59,Cashier,31.93,5,6.39,5,6.39,5,6.39,1.0,1.0
,,,23,17:00 - 17:14,Cashier,11.2,2,5.6,2,5.6,2,5.6,1.0,1.0
,,,23,17:15 - 17:29,Cashier,15.87,3,5.29,3,5.29,3,5.29,1.0,1.0
,,,23,---,---,1862.79,299,6.23,299,6.23,299,6.23,1.0,1.0
,,,24,07:45 - 07:59,Cashier,10.44,2,5.22,2,5.22,2,5.22,1.0,1.0
,,,24,08:00 - 08:14,Cashier,21.95,3,7.32,3,7.32,3,7.32,1.0,1.0
,,,24,08:15 - 08:29,Cashier,41.92,5,8.38,5,8.38,5,8.38,1.0,1.0
,,,24,08:30 - 08:44,Cashier,69.52,9,7.72,9,7.72,9,7.72,1.0,1.0
,,,24,08:45 - 08:59,Cashier,18.35,5,3.67,5,3.67,5,3.67,1.0,1.0
,,,24,09:00 - 09:14,Cashier,66.89,10,6.69,10,6.69,10,6.69,1.0,1.0
,,,24,09:15 - 09:29,Cashier,44.34,9,4.93,9,4.93,9,4.93,1.0,1.0
,,,24,09:30 - 09:44,Cashier,62.95,10,6.29,10,6.29,10,6.29,1.0,1.0
,,,24,09:45 - 09:59,Cashier,66.09,11,6.01,11,6.01,11,6.01,1.0,1.0
,,,24,10:00 - 10:14,Cashier,28.55,6,4.76,6,4.76,6,4.76,1.0,1.0
,,,24,10:15 - 10:29,Cashier,114.87,18,6.38,18,6.38,18,6.38,1.0,1.0
,,,24,10:30 - 10:44,Cashier,47.55,11,4.32,11,4.32,11,4.32,1.0,1.0
,,,24,10:45 - 10:59,Cashier,21.09,5,4.22,5,4.22,5,4.22,1.0,1.0
,,,24,11:00 - 11:14,Cashier,62.92,9,6.99,9,6.99,9,6.99,1.0,1.0
,,,24,11:15 - 11:29,Cashier,76.4,12,6.37,12,6.37,12,6.37,1.0,1.0
,,,24,11:30 - 11:44,Cashier,78.0,15,5.2,15,5.2,15,5.2,1.0,1.0
,,,24,11:45 - 11:59,Cashier,40.32,7,5.76,7,5.76,7,5.76,1.0,1.0
,,,24,12:00 - 12:14,Cashier,38.78,7,5.54,7,5.54,7,5.54,1.0,1.0
,,,24,12:15 - 12:29,Cashier,44.71,7,6.39,7,6.39,7,6.39,1.0,1.0
,,,24,12:30 - 12:44,Cashier,84.29,17,4.96,17,4.96,17,4.96,1.0,1.0
,,,24,12:45 - 12:59,Cashier,65.53,12,5.46,12,5.46,12,5.46,1.0,1.0
,,,24,13:00 - 13:14,Cashier,49.54,11,4.5,11,4.5,11,4.5,1.0,1.0
,,,24,13:15 - 13:29,Cashier,93.18,13,7.17,13,7.17,13,7.17,1.0,1.0
,,,24,13:30 - 13:44,Cashier,63.31,10,6.33,10,6.33,10,6.33,1.0,1.0
,,,24,13:45 - 13:59,Cashier,28.63,6,4.77,6,4.77,6,4.77,1.0,1.0
,,,24,14:00 - 14:14,Cashier,51.12,7,7.3,7,7.3,7,7.3,1.0,1.0
,,,24,14:15 - 14:29,Cashier,58.78,10,5.88,10,5.88,10,5.88,1.0,1.0
,,,24,14:30 - 14:44,Cashier,42.42,8,5.3,8,5.3,8,5.3,1.0,1.0
,,,24,14:45 - 14:59,Cashier,29.79,5,5.96,5,5.96,5,5.96,1.0,1.0
,,,24,15:00 - 15:14,Cashier,42.13,5,8.43,5,8.43,5,8.43,1.0,1.0
,,,24,15:15 - 15:29,Cashier,32.49,8,4.06,8,4.06,8,4.06,1.0,1.0
,,,24,15:30 - 15:44,Cashier,18.53,4,4.63,4,4.63,4,4.63,1.0,1.0
,,,24,15:45 - 15:59,Cashier,50.45,9,5.61,9,5.61,9,5.61,1.0,1.0
,,,24,16:00 - 16:14,Cashier,16.94,4,4.24,4,4.24,4,4.24,1.0,1.0
,,,24,16:15 - 16:29,Cashier,22.74,4,5.68,4,5.68,4,5.68,1.0,1.0
,,,24,16:30 - 16:44,Cashier,28.2,6,4.7,6,4.7,6,4.7,1.0,1.0
,,,24,16:45 - 16:59,Cashier,20.92,5,4.18,5,4.18,5,4.18,1.0,1.0
,,,24,---,---,1754.63,305,5.75,305,5.75,305,5.75,1.0,1.0
,,,25,07:45 - 07:59,Cashier,20.19,2,10.1,2,10.1,2,10.1,1.0,1.0
,,,25,08:00 - 08:14,Cashier,16.34,3,5.45,3,5.45,3,5.45,1.0,1.0
,,,25,08:15 - 08:29,Cashier,36.38,5,7.28,5,7.28,5,7.28,1.0,1.0
,,,25,08:30 - 08:44,Cashier,67.84,11,6.17,11,6.17,11,6.17,1.0,1.0
,,,25,08:45 - 08:59,Cashier,30.07,7,4.3,7,4.3,7,4.3,1.0,1.0
,,,25,09:00 - 09:14,Cashier,15.94,3,5.31,3,5.31,3,5.31,1.0,1.0
,,,25,09:15 - 09:29,Cashier,27.77,6,4.63,6,4.63,6,4.63,1.0,1.0
,,,25,09:45 - 09:59,Cashier,7.69,2,3.85,2,3.85,2,3.85,1.0,1.0
,,,25,10:00 - 10:14,Cashier,23.57,5,4.71,5,4.71,5,4.71,1.0,1.0
,,,25,10:15 - 10:29,Cashier,68.77,12,5.73,12,5.73,12,5.73,1.0,1.0
,,,25,10:30 - 10:44,Cashier,108.67,17,6.39,17,6.39,17,6.39,1.0,1.0
,,,25,10:45 - 10:59,Cashier,52.37,9,5.82,8,6.55,9,5.82,0.89,0.89
,,,25,11:00 - 11:14,Cashier,28.03,5,5.61,5,5.61,5,5.61,1.0,1.0
,,,25,11:15 - 11:29,Cashier,35.49,6,5.92,6,5.92,6,5.92,1.0,1.0
,,,25,11:30 - 11:44,Cashier,63.92,10,6.39,10,6.39,10,6.39,1.0,1.0
,,,25,11:45 - 11:59,Cashier,13.85,3,4.62,3,4.62,3,4.62,1.0,1.0
,,,25,12:00 - 12:14,Cashier,93.27,14,6.66,14,6.66,14,6.66,1.0,1.0
,,,25,12:15 - 12:29,Cashier,21.49,4,5.37,4,5.37,4,5.37,1.0,1.0
,,,25,12:30 - 12:44,Cashier,71.71,8,8.96,8,8.96,8,8.96,1.0,1.0
,,,25,12:45 - 12:59,Cashier,22.85,5,4.57,5,4.57,5,4.57,1.0,1.0
,,,25,13:00 - 13:14,Cashier,17.94,4,4.49,4,4.49,4,4.49,1.0,1.0
,,,25,13:15 - 13:29,Cashier,43.72,9,4.86,9,4.86,9,4.86,1.0,1.0
,,,25,13:30 - 13:44,Cashier,84.09,14,6.01,14,6.01,14,6.01,1.0,1.0
,,,25,13:45 - 13:59,Cashier,8.45,2,4.22,2,4.22,2,4.22,1.0,1.0
,,,25,14:00 - 14:14,Cashier,39.5,8,4.94,8,4.94,8,4.94,1.0,1.0
,,,25,14:15 - 14:29,Cashier,30.95,5,6.19,5,6.19,5,6.19,1.0,1.0
,,,25,14:30 - 14:44,Cashier,30.47,7,4.35,7,4.35,7,4.35,1.0,1.0
,,,25,15:00 - 15:14,Cashier,23.94,3,7.98,3,7.98,3,7.98,1.0,1.0
,,,25,15:15 - 15:29,Cashier,22.68,4,5.67,4,5.67,4,5.67,1.0,1.0
,,,25,15:30 - 15:44,Cashier,23.03,3,7.68,3,7.68,3,7.68,1.0,1.0
,,,25,---,---,1150.98,196,5.87,195,5.9,196,5.87,0.99,0.99
,,,28,07:45 - 07:59,Cashier,4.2,1,4.2,1,4.2,1,4.2,1.0,1.0
,,,28,08:00 - 08:14,Cashier,21.0,4,5.25,4,5.25,4,5.25,1.0,1.0
,,,28,08:15 - 08:29,Cashier,12.9,2,6.45,2,6.45,2,6.45,1.0,1.0
,,,28,08:30 - 08:44,Cashier,19.98,3,6.66,3,6.66,3,6.66,1.0,1.0
,,,28,08:45 - 08:59,Cashier,49.12,7,7.02,7,7.02,7,7.02,1.0,1.0
,,,28,09:00 - 09:14,Cashier,19.56,3,6.52,3,6.52,3,6.52,1.0,1.0
,,,28,09:15 - 09:29,Cashier,69.71,9,7.75,9,7.75,9,7.75,1.0,1.0
,,,28,09:30 - 09:44,Cashier,47.51,8,5.94,8,5.94,8,5.94,1.0,1.0
,,,28,09:45 - 09:59,Cashier,86.83,11,7.89,11,7.89,11,7.89,1.0,1.0
,,,28,10:00 - 10:14,Cashier,70.43,14,5.03,14,5.03,14,5.03,1.0,1.0
,,,28,10:15 - 10:29,Cashier,94.79,13,7.29,13,7.29,13,7.29,1.0,1.0
,,,28,10:30 - 10:44,Cashier,88.08,12,7.34,12,7.34,12,7.34,1.0,1.0
,,,28,10:45 - 10:59,Cashier,64.98,8,8.12,8,8.12,8,8.12,1.0,1.0
,,,28,11:00 - 11:14,Cashier,60.22,11,5.47,11,5.47,11,5.47,1.0,1.0
,,,28,11:15 - 11:29,Cashier,79.23,13,6.09,13,6.09,13,6.09,1.0,1.0
,,,28,11:30 - 11:44,Cashier,60.78,10,6.08,10,6.08,10,6.08,1.0,1.0
,,,28,11:45 - 11:59,Cashier,61.49,7,8.78,7,8.78,7,8.78,1.0,1.0
,,,28,12:00 - 12:14,Cashier,60.63,11,5.51,11,5.51,11,5.51,1.0,1.0
,,,28,12:15 - 12:29,Cashier,56.17,8,7.02,8,7.02,8,7.02,1.0,1.0
,,,28,12:30 - 12:44,Cashier,119.64,17,7.04,17,7.04,17,7.04,1.0,1.0
,,,28,12:45 - 12:59,Cashier,42.26,6,7.04,6,7.04,6,7.04,1.0,1.0
,,,28,13:00 - 13:14,Cashier,78.82,13,6.06,13,6.06,13,6.06,1.0,1.0
,,,28,13:15 - 13:29,Cashier,62.74,9,6.97,9,6.97,9,6.97,1.0,1.0
,,,28,13:30 - 13:44,Cashier,67.71,10,6.77,10,6.77,10,6.77,1.0,1.0
,,,28,13:45 - 13:59,Cashier,63.01,10,6.3,10,6.3,10,6.3,1.0,1.0
,,,28,14:00 - 14:14,Cashier,26.81,7,3.83,7,3.83,7,3.83,1.0,1.0
,,,28,14:15 - 14:29,Cashier,84.21,16,5.26,16,5.26,16,5.26,1.0,1.0
,,,28,14:30 - 14:44,Cashier,58.29,8,7.29,8,7.29,8,7.29,1.0,1.0
,,,28,14:45 - 14:59,Cashier,54.33,8,6.79,8,6.79,8,6.79,1.0,1.0
,,,28,15:00 - 15:14,Cashier,22.74,5,4.55,5,4.55,5,4.55,1.0,1.0
,,,28,15:15 - 15:29,Cashier,30.49,7,4.36,7,4.36,7,4.36,1.0,1.0
,,,28,15:30 - 15:44,Cashier,12.79,3,4.26,3,4.26,3,4.26,1.0,1.0
,,,28,15:45 - 15:59,Cashier,1.19,1,1.19,1,1.19,1,1.19,1.0,1.0
,,,28,16:00 - 16:14,Cashier,9.4,2,4.7,2,4.7,2,4.7,1.0,1.0
,,,28,16:15 - 16:29,Cashier,6.0,2,3.0,2,3.0,2,3.0,1.0,1.0
,,,28,16:30 - 16:44,Cashier,6.15,1,6.15,1,6.15,1,6.15,1.0,1.0
,,,28,16:45 - 16:59,Cashier,9.4,2,4.7,2,4.7,2,4.7,1.0,1.0
,,,28,17:00 - 17:14,Cashier,28.5,6,4.75,6,4.75,6,4.75,1.0,1.0
,,,28,17:15 - 17:29,Cashier,22.62,4,5.66,4,5.66,4,5.66,1.0,1.0
,,,28,17:30 - 17:44,Cashier,4.84,1,4.84,1,4.84,1,4.84,1.0,1.0
,,,28,---,---,1839.55,293,6.28,293,6.28,293,6.28,1.0,1.0
,,2,---,---,---,32842.13,5393,6.09,5391,6.09,5393,6.09,1.0,1.0
,,3,1,07:45 - 07:59,Cashier,5.95,1,5.95,1,5.95,1,5.95,1.0,1.0
,,,1,08:00 - 08:14,Cashier,25.58,4,6.39,4,6.39,4,6.39,1.0,1.0
,,,1,08:15 - 08:29,Cashier,29.21,6,4.87,6,4.87,6,4.87,1.0,1.0
,,,1,08:30 - 08:44,Cashier,10.74,2,5.37,2,5.37,2,5.37,1.0,1.0
,,,1,08:45 - 08:59,Cashier,22.5,4,5.63,4,5.63,4,5.63,1.0,1.0
,,,1,09:00 - 09:14,Cashier,37.61,4,9.4,4,9.4,4,9.4,1.0,1.0
,,,1,09:15 - 09:29,Cashier,37.06,6,6.18,6,6.18,6,6.18,1.0,1.0
,,,1,09:30 - 09:44,Cashier,82.87,10,8.29,10,8.29,10,8.29,1.0,1.0
,,,1,09:45 - 09:59,Cashier,3.29,1,3.29,1,3.29,1,3.29,1.0,1.0
,,,1,10:00 - 10:14,Cashier,67.27,8,8.41,8,8.41,8,8.41,1.0,1.0
,,,1,10:15 - 10:29,Cashier,62.27,8,7.78,8,7.78,8,7.78,1.0,1.0
,,,1,10:30 - 10:44,Cashier,82.29,15,5.49,15,5.49,15,5.49,1.0,1.0
,,,1,10:45 - 10:59,Cashier,41.76,8,5.22,8,5.22,8,5.22,1.0,1.0
,,,1,11:00 - 11:14,Cashier,45.93,8,5.74,8,5.74,8,5.74,1.0,1.0
,,,1,11:15 - 11:29,Cashier,80.18,11,7.29,11,7.29,11,7.29,1.0,1.0
,,,1,11:30 - 11:44,Cashier,74.74,14,5.34,14,5.34,14,5.34,1.0,1.0
,,,1,11:45 - 11:59,Cashier,36.42,6,6.07,6,6.07,6,6.07,1.0,1.0
,,,1,12:00 - 12:14,Cashier,34.09,7,4.87,7,4.87,7,4.87,1.0,1.0
,,,1,12:15 - 12:29,Cashier,85.47,15,5.7,15,5.7,15,5.7,1.0,1.0
,,,1,12:30 - 12:44,Cashier,68.89,9,7.65,9,7.65,9,7.65,1.0,1.0
,,,1,12:45 - 12:59,Cashier,52.04,7,7.43,7,7.43,7,7.43,1.0,1.0
,,,1,13:00 - 13:14,Cashier,52.78,9,5.86,9,5.86,9,5.86,1.0,1.0
,,,1,13:15 - 13:29,Cashier,83.75,14,5.98,14,5.98,14,5.98,1.0,1.0
,,,1,13:30 - 13:44,Cashier,107.09,17,6.3,17,6.3,17,6.3,1.0,1.0
,,,1,13:45 - 13:59,Cashier,23.14,6,3.86,6,3.86,6,3.86,1.0,1.0
,,,1,14:00 - 14:14,Cashier,30.93,7,4.42,7,4.42,7,4.42,1.0,1.0
,,,1,14:15 - 14:29,Cashier,57.16,11,5.2,11,5.2,11,5.2,1.0,1.0
,,,1,14:30 - 14:44,Cashier,57.72,10,5.77,10,5.77,10,5.77,1.0,1.0
,,,1,14:45 - 14:59,Cashier,6.44,2,3.22,2,3.22,2,3.22,1.0,1.0
,,,1,15:00 - 15:14,Cashier,54.83,8,6.85,8,6.85,8,6.85,1.0,1.0
,,,1,15:15 - 15:29,Cashier,63.13,11,5.74,11,5.74,11,5.74,1.0,1.0
,,,1,15:30 - 15:44,Cashier,15.8,3,5.27,3,5.27,3,5.27,1.0,1.0
,,,1,15:45 - 15:59,Cashier,14.35,3,4.78,3,4.78,3,4.78,1.0,1.0
,,,1,16:00 - 16:14,Cashier,23.27,4,5.82,4,5.82,4,5.82,1.0,1.0
,,,1,16:15 - 16:29,Cashier,32.84,7,4.69,7,4.69,7,4.69,1.0,1.0
,,,1,16:30 - 16:44,Cashier,12.1,3,4.03,3,4.03,3,4.03,1.0,1.0
,,,1,16:45 - 16:59,Cashier,10.13,3,3.38,3,3.38,3,3.38,1.0,1.0
,,,1,17:00 - 17:14,Cashier,2.92,1,2.92,1,2.92,1,2.92,1.0,1.0
,,,1,17:15 - 17:29,Cashier,12.34,1,12.34,1,12.34,1,12.34,1.0,1.0
,,,1,---,---,1646.88,274,6.01,274,6.01,274,6.01,1.0,1.0
,,,2,07:45 - 07:59,Cashier,18.5,3,6.17,3,6.17,3,6.17,1.0,1.0
,,,2,08:00 - 08:14,Cashier,14.08,3,4.69,3,4.69,3,4.69,1.0,1.0
,,,2,08:15 - 08:29,Cashier,68.12,13,5.24,13,5.24,13,5.24,1.0,1.0
,,,2,08:30 - 08:44,Cashier,19.55,4,4.89,4,4.89,4,4.89,1.0,1.0
,,,2,08:45 - 08:59,Cashier,45.67,7,6.52,7,6.52,7,6.52,1.0,1.0
,,,2,09:00 - 09:14,Cashier,39.36,6,6.56,6,6.56,6,6.56,1.0,1.0
,,,2,09:15 - 09:29,Cashier,51.8,9,5.76,9,5.76,9,5.76,1.0,1.0
,,,2,09:30 - 09:44,Cashier,81.72,13,6.29,13,6.29,13,6.29,1.0,1.0
,,,2,09:45 - 09:59,Cashier,41.68,5,8.34,5,8.34,5,8.34,1.0,1.0
,,,2,10:00 - 10:14,Cashier,50.68,9,5.63,9,5.63,9,5.63,1.0,1.0
,,,2,10:15 - 10:29,Cashier,49.3,10,4.93,10,4.93,10,4.93,1.0,1.0
,,,2,10:30 - 10:44,Cashier,86.32,13,6.64,13,6.64,13,6.64,1.0,1.0
,,,2,10:45 - 10:59,Cashier,78.56,12,6.55,12,6.55,12,6.55,1.0,1.0
,,,2,11:00 - 11:14,Cashier,80.45,11,7.31,11,7.31,11,7.31,1.0,1.0
,,,2,11:15 - 11:29,Cashier,63.53,12,5.29,12,5.29,12,5.29,1.0,1.0
,,,2,11:30 - 11:44,Cashier,75.48,11,6.86,11,6.86,11,6.86,1.0,1.0
,,,2,11:45 - 11:59,Cashier,59.18,9,6.58,9,6.58,9,6.58,1.0,1.0
,,,2,12:00 - 12:14,Cashier,62.62,8,7.83,8,7.83,8,7.83,1.0,1.0
,,,2,12:15 - 12:29,Cashier,69.29,12,5.77,12,5.77,12,5.77,1.0,1.0
,,,2,12:30 - 12:44,Cashier,110.05,18,6.11,18,6.11,18,6.11,1.0,1.0
,,,2,12:45 - 12:59,Cashier,55.54,10,5.55,10,5.55,10,5.55,1.0,1.0
,,,2,13:00 - 13:14,Cashier,41.44,7,5.92,7,5.92,7,5.92,1.0,1.0
,,,2,13:15 - 13:29,Cashier,48.88,8,6.11,8,6.11,8,6.11,1.0,1.0
,,,2,13:30 - 13:44,Cashier,92.5,12,7.71,12,7.71,12,7.71,1.0,1.0
,,,2,13:45 - 13:59,Cashier,55.78,10,5.58,10,5.58,10,5.58,1.0,1.0
,,,2,14:00 - 14:14,Cashier,36.54,9,4.06,9,4.06,9,4.06,1.0,1.0
,,,2,14:15 - 14:29,Cashier,82.03,14,5.86,14,5.86,14,5.86,1.0,1.0
,,,2,14:30 - 14:44,Cashier,68.44,9,7.6,9,7.6,9,7.6,1.0,1.0
,,,2,14:45 - 14:59,Cashier,78.67,13,6.05,13,6.05,13,6.05,1.0,1.0
,,,2,15:00 - 15:14,Cashier,32.7,5,6.54,5,6.54,5,6.54,1.0,1.0
,,,2,15:15 - 15:29,Cashier,57.34,10,5.73,10,5.73,10,5.73,1.0,1.0
,,,2,15:30 - 15:44,Cashier,28.49,6,4.75,6,4.75,6,4.75,1.0,1.0
,,,2,15:45 - 15:59,Cashier,22.21,4,5.55,4,5.55,4,5.55,1.0,1.0
,,,2,16:00 - 16:14,Cashier,14.74,3,4.91,3,4.91,3,4.91,1.0,1.0
,,,2,16:15 - 16:29,Cashier,18.4,5,3.68,5,3.68,5,3.68,1.0,1.0
,,,2,16:30 - 16:44,Cashier,18.9,4,4.72,4,4.72,4,4.72,1.0,1.0
,,,2,16:45 - 16:59,Cashier,8.94,2,4.47,2,4.47,2,4.47,1.0,1.0
,,,2,17:00 - 17:14,Cashier,12.05,2,6.03,2,6.03,2,6.03,1.0,1.0
,,,2,17:15 - 17:29,Cashier,13.25,3,4.42,3,4.42,3,4.42,1.0,1.0
,,,2,---,---,1952.78,324,6.03,324,6.03,324,6.03,1.0,1.0
,,,3,07:45 - 07:59,Cashier,10.99,2,5.5,2,5.5,2,5.5,1.0,1.0
,,,3,08:00 - 08:14,Cashier,52.3,10,5.23,10,5.23,10,5.23,1.0,1.0
,,,3,08:15 - 08:29,Cashier,17.12,4,4.28,4,4.28,4,4.28,1.0,1.0
,,,3,08:30 - 08:44,Cashier,5.48,1,5.48,1,5.48,1,5.48,1.0,1.0
,,,3,08:45 - 08:59,Cashier,36.3,5,7.26,5,7.26,5,7.26,1.0,1.0
,,,3,09:00 - 09:14,Cashier,37.78,5,7.56,5,7.56,5,7.56,1.0,1.0
,,,3,09:15 - 09:29,Cashier,53.85,7,7.69,7,7.69,7,7.69,1.0,1.0
,,,3,09:30 - 09:44,Cashier,53.21,8,6.65,8,6.65,8,6.65,1.0,1.0
,,,3,09:45 - 09:59,Cashier,45.85,7,6.55,7,6.55,7,6.55,1.0,1.0
,,,3,10:00 - 10:14,Cashier,31.29,6,5.21,6,5.21,6,5.21,1.0,1.0
,,,3,10:15 - 10:29,Cashier,77.18,10,7.72,10,7.72,10,7.72,1.0,1.0
,,,3,10:30 - 10:44,Cashier,67.82,10,6.78,10,6.78,10,6.78,1.0,1.0
,,,3,10:45 - 10:59,Cashier,37.89,5,7.58,5,7.58,5,7.58,1.0,1.0
,,,3,11:00 - 11:14,Cashier,47.8,7,6.83,7,6.83,7,6.83,1.0,1.0
,,,3,11:15 - 11:29,Cashier,86.17,13,6.63,13,6.63,13,6.63,1.0,1.0
,,,3,11:30 - 11:44,Cashier,67.65,9,7.52,9,7.52,9,7.52,1.0,1.0
,,,3,11:45 - 11:59,Cashier,68.02,9,7.56,9,7.56,9,7.56,1.0,1.0
,,,3,12:00 - 12:14,Cashier,71.81,12,5.98,12,5.98,12,5.98,1.0,1.0
,,,3,12:15 - 12:29,Cashier,77.51,12,6.46,12,6.46,12,6.46,1.0,1.0
,,,3,12:30 - 12:44,Cashier,63.71,12,5.31,12,5.31,12,5.31,1.0,1.0
,,,3,12:45 - 12:59,Cashier,81.1,13,6.24,13,6.24,13,6.24,1.0,1.0
,,,3,13:00 - 13:14,Cashier,63.6,9,7.07,9,7.07,9,7.07,1.0,1.0
,,,3,13:15 - 13:29,Cashier,69.89,11,6.35,11,6.35,11,6.35,1.0,1.0
,,,3,13:30 - 13:44,Cashier,58.41,12,4.87,12,4.87,12,4.87,1.0,1.0
,,,3,13:45 - 13:59,Cashier,68.88,15,4.59,15,4.59,15,4.59,1.0,1.0
,,,3,14:00 - 14:14,Cashier,68.04,13,5.23,13,5.23,13,5.23,1.0,1.0
,,,3,14:15 - 14:29,Cashier,81.48,15,5.43,15,5.43,15,5.43,1.0,1.0
,,,3,14:30 - 14:44,Cashier,60.89,10,6.09,10,6.09,10,6.09,1.0,1.0
,,,3,14:45 - 14:59,Cashier,22.75,4,5.69,4,5.69,4,5.69,1.0,1.0
,,,3,15:00 - 15:14,Cashier,23.75,4,5.94,4,5.94,4,5.94,1.0,1.0
,,,3,15:15 - 15:29,Cashier,46.21,13,3.55,13,3.55,13,3.55,1.0,1.0
,,,3,15:30 - 15:44,Cashier,19.1,4,4.78,4,4.78,4,4.78,1.0,1.0
,,,3,15:45 - 15:59,Cashier,34.03,4,8.51,4,8.51,4,8.51,1.0,1.0
,,,3,16:00 - 16:14,Cashier,20.43,5,4.09,5,4.09,5,4.09,1.0,1.0
,,,3,16:15 - 16:29,Cashier,26.28,4,6.57,4,6.57,4,6.57,1.0,1.0
,,,3,16:30 - 16:44,Cashier,36.84,7,5.26,7,5.26,7,5.26,1.0,1.0
,,,3,16:45 - 16:59,Cashier,11.09,2,5.54,2,5.54,2,5.54,1.0,1.0
,,,3,17:00 - 17:14,Cashier,15.89,2,7.95,2,7.95,2,7.95,1.0,1.0
,,,3,17:15 - 17:29,Cashier,16.38,2,8.19,2,8.19,2,8.19,1.0,1.0
,,,3,---,---,1834.77,303,6.06,303,6.06,303,6.06,1.0,1.0
,,,4,07:45 - 07:59,Cashier,5.0,1,5.0,1,5.0,1,5.0,1.0,1.0
,,,4,08:00 - 08:14,Cashier,29.33,4,7.33,4,7.33,4,7.33,1.0,1.0
,,,4,08:15 - 08:29,Cashier,28.73,4,7.18,4,7.18,4,7.18,1.0,1.0
,,,4,08:30 - 08:44,Cashier,39.98,5,8.0,5,8.0,5,8.0,1.0,1.0
,,,4,08:45 - 08:59,Cashier,51.17,9,5.69,9,5.69,9,5.69,1.0,1.0
,,,4,09:00 - 09:14,Cashier,41.1,7,5.87,7,5.87,7,5.87,1.0,1.0
,,,4,09:15 - 09:29,Cashier,58.02,11,5.27,11,5.27,11,5.27,1.0,1.0
,,,4,09:30 - 09:44,Cashier,44.18,8,5.52,8,5.52,8,5.52,1.0,1.0
,,,4,09:45 - 09:59,Cashier,11.9,3,3.97,3,3.97,3,3.97,1.0,1.0
,,,4,10:00 - 10:14,Cashier,19.71,4,4.93,4,4.93,4,4.93,1.0,1.0
,,,4,10:15 - 10:29,Cashier,54.87,9,6.1,9,6.1,9,6.1,1.0,1.0
,,,4,10:30 - 10:44,Cashier,122.41,16,7.65,16,7.65,16,7.65,1.0,1.0
,,,4,10:45 - 10:59,Cashier,50.16,8,6.27,8,6.27,8,6.27,1.0,1.0
,,,4,11:00 - 11:14,Cashier,58.31,11,5.3,11,5.3,11,5.3,1.0,1.0
,,,4,11:15 - 11:29,Cashier,105.14,19,5.53,19,5.53,19,5.53,1.0,1.0
,,,4,11:30 - 11:44,Cashier,70.5,10,7.05,10,7.05,10,7.05,1.0,1.0
,,,4,11:45 - 11:59,Cashier,67.22,10,6.72,10,6.72,10,6.72,1.0,1.0
,,,4,12:00 - 12:14,Cashier,85.83,12,7.15,12,7.15,12,7.15,1.0,1.0
,,,4,12:15 - 12:29,Cashier,25.88,6,4.31,6,4.31,6,4.31,1.0,1.0
,,,4,12:30 - 12:44,Cashier,62.53,11,5.68,11,5.68,11,5.68,1.0,1.0
,,,4,12:45 - 12:59,Cashier,27.02,4,6.75,4,6.75,4,6.75,1.0,1.0
,,,4,13:00 - 13:14,Cashier,17.06,2,8.53,2,8.53,2,8.53,1.0,1.0
,,,4,13:15 - 13:29,Cashier,21.0,4,5.25,4,5.25,4,5.25,1.0,1.0
,,,4,13:30 - 13:44,Cashier,53.83,8,6.73,8,6.73,8,6.73,1.0,1.0
,,,4,13:45 - 13:59,Cashier,52.37,9,5.82,9,5.82,9,5.82,1.0,1.0
,,,4,14:00 - 14:14,Cashier,25.78,5,5.16,5,5.16,5,5.16,1.0,1.0
,,,4,14:15 - 14:29,Cashier,21.9,4,5.47,4,5.47,4,5.47,1.0,1.0
,,,4,14:30 - 14:44,Cashier,16.0,4,4.0,4,4.0,4,4.0,1.0,1.0
,,,4,14:45 - 14:59,Cashier,25.25,5,5.05,5,5.05,5,5.05,1.0,1.0
,,,4,15:00 - 15:14,Cashier,8.74,1,8.74,1,8.74,1,8.74,1.0,1.0
,,,4,15:15 - 15:29,Cashier,4.95,1,4.95,1,4.95,1,4.95,1.0,1.0
,,,4,15:30 - 15:44,Cashier,18.0,3,6.0,3,6.0,3,6.0,1.0,1.0
,,,4,15:45 - 15:59,Cashier,21.02,5,4.2,5,4.2,5,4.2,1.0,1.0
,,,4,---,---,1344.89,223,6.03,223,6.03,223,6.03,1.0,1.0
,,,7,07:30 - 07:44,Cashier,5.95,1,5.95,1,5.95,1,5.95,1.0,1.0
,,,7,07:45 - 07:59,Cashier,8.45,1,8.45,1,8.45,1,8.45,1.0,1.0
,,,7,08:00 - 08:14,Cashier,16.6,3,5.53,3,5.53,3,5.53,1.0,1.0
,,,7,08:15 - 08:29,Cashier,14.4,3,4.8,3,4.8,3,4.8,1.0,1.0
,,,7,08:30 - 08:44,Cashier,21.05,4,5.26,4,5.26,4,5.26,1.0,1.0
,,,7,08:45 - 08:59,Cashier,43.14,7,6.16,7,6.16,7,6.16,1.0,1.0
,,,7,09:00 - 09:14,Cashier,37.19,6,6.2,6,6.2,6,6.2,1.0,1.0
,,,7,09:15 - 09:29,Cashier,35.61,6,5.93,6,5.93,6,5.93,1.0,1.0
,,,7,09:30 - 09:44,Cashier,34.74,5,6.95,5,6.95,5,6.95,1.0,1.0
,,,7,09:45 - 09:59,Cashier,9.3,2,4.65,2,4.65,2,4.65,1.0,1.0
,,,7,10:00 - 10:14,Cashier,74.62,11,6.78,11,6.78,11,6.78,1.0,1.0
,,,7,10:15 - 10:29,Cashier,34.22,5,6.84,5,6.84,5,6.84,1.0,1.0
,,,7,10:30 - 10:44,Cashier,46.46,9,5.16,9,5.16,9,5.16,1.0,1.0
,,,7,10:45 - 10:59,Cashier,52.43,7,7.49,7,7.49,7,7.49,1.0,1.0
,,,7,11:00 - 11:14,Cashier,5.25,1,5.25,1,5.25,1,5.25,1.0,1.0
,,,7,11:15 - 11:29,Cashier,75.44,13,5.8,13,5.8,13,5.8,1.0,1.0
,,,7,11:30 - 11:44,Cashier,94.07,16,5.88,16,5.88,16,5.88,1.0,1.0
,,,7,11:45 - 11:59,Cashier,81.02,12,6.75,12,6.75,12,6.75,1.0,1.0
,,,7,12:00 - 12:14,Cashier,20.8,4,5.2,4,5.2,4,5.2,1.0,1.0
,,,7,12:15 - 12:29,Cashier,65.43,10,6.54,10,6.54,10,6.54,1.0,1.0
,,,7,12:30 - 12:44,Cashier,98.99,11,9.0,11,9.0,11,9.0,1.0,1.0
,,,7,12:45 - 12:59,Cashier,68.65,11,6.24,11,6.24,11,6.24,1.0,1.0
,,,7,13:00 - 13:14,Cashier,70.02,10,7.0,10,7.0,10,7.0,1.0,1.0
,,,7,13:15 - 13:29,Cashier,57.43,13,4.42,13,4.42,13,4.42,1.0,1.0
,,,7,13:30 - 13:44,Cashier,91.07,19,4.79,19,4.79,19,4.79,1.0,1.0
,,,7,13:45 - 13:59,Cashier,42.33,7,6.05,7,6.05,7,6.05,1.0,1.0
,,,7,14:00 - 14:14,Cashier,53.76,8,6.72,8,6.72,8,6.72,1.0,1.0
,,,7,14:15 - 14:29,Cashier,63.52,12,5.29,12,5.29,12,5.29,1.0,1.0
,,,7,14:30 - 14:44,Cashier,78.43,14,5.6,13,6.03,14,5.6,0.93,0.93
,,,7,14:45 - 14:59,Cashier,37.24,8,4.66,8,4.66,8,4.66,1.0,1.0
,,,7,15:00 - 15:14,Cashier,19.58,3,6.53,3,6.53,3,6.53,1.0,1.0
,,,7,15:15 - 15:29,Cashier,7.8,2,3.9,2,3.9,2,3.9,1.0,1.0
,,,7,15:30 - 15:44,Cashier,74.5,12,6.21,12,6.21,12,6.21,1.0,1.0
,,,7,15:45 - 15:59,Cashier,25.9,6,4.32,6,4.32,6,4.32,1.0,1.0
,,,7,16:00 - 16:14,Cashier,40.88,9,4.54,9,4.54,9,4.54,1.0,1.0
,,,7,16:15 - 16:29,Cashier,28.99,7,4.14,7,4.14,7,4.14,1.0,1.0
,,,7,16:30 - 16:44,Cashier,42.64,6,7.11,6,7.11,6,7.11,1.0,1.0
,,,7,17:00 - 17:14,Cashier,4.95,1,4.95,1,4.95,1,4.95,1.0,1.0
,,,7,---,---,1682.85,285,5.9,284,5.93,285,5.9,1.0,1.0
,,,8,07:30 - 07:44,Cashier,5.95,1,5.95,1,5.95,1,5.95,1.0,1.0
,,,8,07:45 - 07:59,Cashier,17.2,4,4.3,4,4.3,4,4.3,1.0,1.0
,,,8,08:00 - 08:14,Cashier,21.48,3,7.16,3,7.16,3,7.16,1.0,1.0
,,,8,08:15 - 08:29,Cashier,14.84,4,3.71,4,3.71,4,3.71,1.0,1.0
,,,8,08:30 - 08:44,Cashier,26.4,3,8.8,3,8.8,3,8.8,1.0,1.0
,,,8,08:45 - 08:59,Cashier,34.1,6,5.68,6,5.68,6,5.68,1.0,1.0
,,,8,09:00 - 09:14,Cashier,23.68,4,5.92,4,5.92,4,5.92,1.0,1.0
,,,8,09:15 - 09:29,Cashier,41.08,8,5.13,8,5.13,8,5.13,1.0,1.0
,,,8,09:30 - 09:44,Cashier,41.45,7,5.92,7,5.92,7,5.92,1.0,1.0
,,,8,09:45 - 09:59,Cashier,95.99,12,8.0,12,8.0,12,8.0,1.0,1.0
,,,8,10:00 - 10:14,Cashier,41.32,7,5.9,7,5.9,7,5.9,1.0,1.0
,,,8,10:15 - 10:29,Cashier,40.78,6,6.8,6,6.8,6,6.8,1.0,1.0
,,,8,10:30 - 10:44,Cashier,52.31,8,6.54,8,6.54,8,6.54,1.0,1.0
,,,8,10:45 - 10:59,Cashier,34.28,7,4.9,7,4.9,7,4.9,1.0,1.0
,,,8,11:00 - 11:14,Cashier,57.04,10,5.7,10,5.7,10,5.7,1.0,1.0
,,,8,11:15 - 11:29,Cashier,89.16,13,6.86,13,6.86,13,6.86,1.0,1.0
,,,8,11:30 - 11:44,Cashier,95.35,17,5.61,17,5.61,17,5.61,1.0,1.0
,,,8,11:45 - 11:59,Cashier,52.16,9,5.8,9,5.8,9,5.8,1.0,1.0
,,,8,12:00 - 12:14,Cashier,42.13,8,5.27,8,5.27,8,5.27,1.0,1.0
,,,8,12:15 - 12:29,Cashier,94.85,12,7.9,12,7.9,12,7.9,1.0,1.0
,,,8,12:30 - 12:44,Cashier,105.44,16,6.59,16,6.59,16,6.59,1.0,1.0
,,,8,12:45 - 12:59,Cashier,115.0,15,7.67,15,7.67,15,7.67,1.0,1.0
,,,8,13:00 - 13:14,Cashier,64.64,10,6.46,10,6.46,10,6.46,1.0,1.0
,,,8,13:15 - 13:29,Cashier,94.38,18,5.24,18,5.24,18,5.24,1.0,1.0
,,,8,13:30 - 13:44,Cashier,100.85,16,6.3,16,6.3,16,6.3,1.0,1.0
,,,8,13:45 - 13:59,Cashier,47.73,9,5.3,9,5.3,9,5.3,1.0,1.0
,,,8,14:00 - 14:14,Cashier,53.3,10,5.33,10,5.33,10,5.33,1.0,1.0
,,,8,14:15 - 14:29,Cashier,52.27,10,5.23,10,5.23,10,5.23,1.0,1.0
,,,8,14:30 - 14:44,Cashier,55.98,11,5.09,11,5.09,11,5.09,1.0,1.0
,,,8,14:45 - 14:59,Cashier,100.74,13,7.75,13,7.75,13,7.75,1.0,1.0
,,,8,15:00 - 15:14,Cashier,65.53,12,5.46,12,5.46,12,5.46,1.0,1.0
,,,8,15:15 - 15:29,Cashier,27.28,6,4.55,6,4.55,6,4.55,1.0,1.0
,,,8,15:30 - 15:44,Cashier,31.1,6,5.18,6,5.18,6,5.18,1.0,1.0
,,,8,15:45 - 15:59,Cashier,45.33,10,4.53,10,4.53,10,4.53,1.0,1.0
,,,8,16:00 - 16:14,Cashier,44.51,7,6.36,7,6.36,7,6.36,1.0,1.0
,,,8,16:15 - 16:29,Cashier,62.11,14,4.44,14,4.44,14,4.44,1.0,1.0
,,,8,16:30 - 16:44,Cashier,19.89,4,4.97,4,4.97,4,4.97,1.0,1.0
,,,8,16:45 - 16:59,Cashier,4.95,1,4.95,1,4.95,1,4.95,1.0,1.0
,,,8,17:00 - 17:14,Cashier,9.35,2,4.67,2,4.67,2,4.67,1.0,1.0
,,,8,17:15 - 17:29,Cashier,8.3,2,4.15,2,4.15,2,4.15,1.0,1.0
,,,8,---,---,2030.23,341,5.95,341,5.95,341,5.95,1.0,1.0
,,,9,07:30 - 07:44,Cashier,13.27,2,6.63,2,6.63,2,6.63,1.0,1.0
,,,9,07:45 - 07:59,Cashier,9.4,2,4.7,2,4.7,2,4.7,1.0,1.0
,,,9,08:00 - 08:14,Cashier,18.59,4,4.65,4,4.65,4,4.65,1.0,1.0
,,,9,08:15 - 08:29,Cashier,23.13,4,5.78,4,5.78,4,5.78,1.0,1.0
,,,9,08:30 - 08:44,Cashier,71.41,8,8.93,8,8.93,8,8.93,1.0,1.0
,,,9,08:45 - 08:59,Cashier,43.74,6,7.29,6,7.29,6,7.29,1.0,1.0
,,,9,09:00 - 09:14,Cashier,33.77,6,5.63,6,5.63,6,5.63,1.0,1.0
,,,9,09:15 - 09:29,Cashier,46.51,7,6.64,7,6.64,7,6.64,1.0,1.0
,,,9,09:30 - 09:44,Cashier,18.38,4,4.59,4,4.59,4,4.59,1.0,1.0
,,,9,09:45 - 09:59,Cashier,63.94,10,6.39,10,6.39,10,6.39,1.0,1.0
,,,9,10:00 - 10:14,Cashier,82.16,12,6.85,12,6.85,12,6.85,1.0,1.0
,,,9,10:15 - 10:29,Cashier,122.52,19,6.45,19,6.45,19,6.45,1.0,1.0
,,,9,10:30 - 10:44,Cashier,52.11,11,4.74,11,4.74,11,4.74,1.0,1.0
,,,9,10:45 - 10:59,Cashier,50.67,9,5.63,9,5.63,9,5.63,1.0,1.0
,,,9,11:00 - 11:14,Cashier,81.67,12,6.81,12,6.81,12,6.81,1.0,1.0
,,,9,11:15 - 11:29,Cashier,134.06,19,7.06,19,7.06,19,7.06,1.0,1.0
,,,9,11:30 - 11:44,Cashier,73.22,11,6.66,11,6.66,11,6.66,1.0,1.0
,,,9,11:45 - 11:59,Cashier,45.39,8,5.67,8,5.67,8,5.67,1.0,1.0
,,,9,12:00 - 12:14,Cashier,28.2,5,5.64,5,5.64,5,5.64,1.0,1.0
,,,9,12:15 - 12:29,Cashier,45.7,10,4.57,10,4.57,10,4.57,1.0,1.0
,,,9,12:30 - 12:44,Cashier,84.99,14,6.07,14,6.07,14,6.07,1.0,1.0
,,,9,12:45 - 12:59,Cashier,85.58,13,6.58,13,6.58,13,6.58,1.0,1.0
,,,9,13:00 - 13:14,Cashier,57.63,7,8.23,7,8.23,7,8.23,1.0,1.0
,,,9,13:15 - 13:29,Cashier,92.85,14,6.63,14,6.63,14,6.63,1.0,1.0
,,,9,13:30 - 13:44,Cashier,79.16,13,6.09,13,6.09,13,6.09,1.0,1.0
,,,9,13:45 - 13:59,Cashier,46.79,9,5.2,9,5.2,9,5.2,1.0,1.0
,,,9,14:00 - 14:14,Cashier,62.02,12,5.17,12,5.17,12,5.17,1.0,1.0
,,,9,14:15 - 14:29,Cashier,135.3,18,7.52,18,7.52,18,7.52,1.0,1.0
,,,9,14:30 - 14:44,Cashier,85.69,13,6.59,13,6.59,13,6.59,1.0,1.0
,,,9,14:45 - 14:59,Cashier,15.04,3,5.01,3,5.01,3,5.01,1.0,1.0
,,,9,15:00 - 15:14,Cashier,53.3,10,5.33,10,5.33,10,5.33,1.0,1.0
,,,9,15:15 - 15:29,Cashier,4.95,1,4.95,1,4.95,1,4.95,1.0,1.0
,,,9,15:30 - 15:44,Cashier,74.58,14,5.33,14,5.33,14,5.33,1.0,1.0
,,,9,15:45 - 15:59,Cashier,8.3,2,4.15,2,4.15,2,4.15,1.0,1.0
,,,9,16:00 - 16:14,Cashier,44.5,9,4.94,9,4.94,9,4.94,1.0,1.0
,,,9,16:15 - 16:29,Cashier,29.0,5,5.8,5,5.8,5,5.8,1.0,1.0
,,,9,16:30 - 16:44,Cashier,21.49,5,4.3,5,4.3,5,4.3,1.0,1.0
,,,9,16:45 - 16:59,Cashier,11.89,2,5.95,2,5.95,2,5.95,1.0,1.0
,,,9,17:00 - 17:14,Cashier,13.15,3,4.38,3,4.38,3,4.38,1.0,1.0
,,,9,17:15 - 17:29,Cashier,2.99,1,2.99,1,2.99,1,2.99,1.0,1.0
,,,9,---,---,2067.04,337,6.13,337,6.13,337,6.13,1.0,1.0
,,,10,08:30 - 08:44,Cashier,25.49,4,6.37,4,6.37,4,6.37,1.0,1.0
,,,10,08:45 - 08:59,Cashier,53.43,7,7.63,7,7.63,7,7.63,1.0,1.0
,,,10,09:00 - 09:14,Cashier,28.62,5,5.72,5,5.72,5,5.72,1.0,1.0
,,,10,09:15 - 09:29,Cashier,42.66,6,7.11,6,7.11,6,7.11,1.0,1.0
,,,10,09:30 - 09:44,Cashier,85.23,12,7.1,12,7.1,12,7.1,1.0,1.0
,,,10,09:45 - 09:59,Cashier,58.58,10,5.86,10,5.86,10,5.86,1.0,1.0
,,,10,10:00 - 10:14,Cashier,65.08,11,5.92,11,5.92,11,5.92,1.0,1.0
,,,10,10:15 - 10:29,Cashier,26.84,5,5.37,5,5.37,5,5.37,1.0,1.0
,,,10,10:30 - 10:44,Cashier,70.46,13,5.42,13,5.42,13,5.42,1.0,1.0
,,,10,10:45 - 10:59,Cashier,57.31,13,4.41,13,4.41,13,4.41,1.0,1.0
,,,10,11:00 - 11:14,Cashier,62.61,11,5.69,11,5.69,11,5.69,1.0,1.0
,,,10,11:15 - 11:29,Cashier,97.8,18,5.43,18,5.43,18,5.43,1.0,1.0
,,,10,11:30 - 11:44,Cashier,76.26,10,7.63,10,7.63,10,7.63,1.0,1.0
,,,10,11:45 - 11:59,Cashier,35.76,6,5.96,6,5.96,6,5.96,1.0,1.0
,,,10,12:00 - 12:14,Cashier,55.77,10,5.58,10,5.58,10,5.58,1.0,1.0
,,,10,12:15 - 12:29,Cashier,60.91,12,5.08,12,5.08,12,5.08,1.0,1.0
,,,10,12:30 - 12:44,Cashier,130.53,17,7.68,17,7.68,17,7.68,1.0,1.0
,,,10,12:45 - 12:59,Cashier,96.57,17,5.68,17,5.68,17,5.68,1.0,1.0
,,,10,13:00 - 13:14,Cashier,45.29,8,5.66,8,5.66,8,5.66,1.0,1.0
,,,10,13:15 - 13:29,Cashier,80.8,12,6.73,12,6.73,12,6.73,1.0,1.0
,,,10,13:30 - 13:44,Cashier,53.87,8,6.73,8,6.73,8,6.73,1.0,1.0
,,,10,13:45 - 13:59,Cashier,43.63,10,4.36,10,4.36,10,4.36,1.0,1.0
,,,10,14:00 - 14:14,Cashier,53.86,11,4.9,11,4.9,11,4.9,1.0,1.0
,,,10,14:15 - 14:29,Cashier,109.23,18,6.07,18,6.07,18,6.07,1.0,1.0
,,,10,14:30 - 14:44,Cashier,94.44,14,6.75,14,6.75,14,6.75,1.0,1.0
,,,10,14:45 - 14:59,Cashier,42.64,7,6.09,7,6.09,7,6.09,1.0,1.0
,,,10,15:00 - 15:14,Cashier,24.61,6,4.1,6,4.1,6,4.1,1.0,1.0
,,,10,15:15 - 15:29,Cashier,13.4,3,4.47,3,4.47,3,4.47,1.0,1.0
,,,10,15:30 - 15:44,Cashier,13.09,2,6.54,2,6.54,2,6.54,1.0,1.0
,,,10,15:45 - 15:59,Cashier,20.76,5,4.15,5,4.15,5,4.15,1.0,1.0
,,,10,16:00 - 16:14,Cashier,25.34,6,4.22,6,4.22,6,4.22,1.0,1.0
,,,10,16:15 - 16:29,Cashier,13.38,3,4.46,3,4.46,3,4.46,1.0,1.0
,,,10,16:30 - 16:44,Cashier,40.54,7,5.79,7,5.79,7,5.79,1.0,1.0
,,,10,16:45 - 16:59,Cashier,5.55,1,5.55,1,5.55,1,5.55,1.0,1.0
,,,10,17:00 - 17:14,Cashier,22.89,3,7.63,3,7.63,3,7.63,1.0,1.0
,,,10,17:15 - 17:29,Cashier,7.4,1,7.4,1,7.4,1,7.4,1.0,1.0
,,,10,17:30 - 17:44,Cashier,4.45,1,4.45,1,4.45,1,4.45,1.0,1.0
,,,10,---,---,1845.08,313,5.89,313,5.89,313,5.89,1.0,1.0
,,,11,07:30 - 07:44,Cashier,6.54,2,3.27,2,3.27,2,3.27,1.0,1.0
,,,11,08:00 - 08:14,Cashier,22.62,5,4.52,5,4.52,5,4.52,1.0,1.0
,,,11,08:15 - 08:29,Cashier,32.8,4,8.2,4,8.2,4,8.2,1.0,1.0
,,,11,08:30 - 08:44,Cashier,16.82,5,3.36,5,3.36,5,3.36,1.0,1.0
,,,11,08:45 - 08:59,Cashier,22.41,2,11.21,2,11.21,2,11.21,1.0,1.0
,,,11,09:00 - 09:14,Cashier,28.77,6,4.79,6,4.79,6,4.79,1.0,1.0
,,,11,09:15 - 09:29,Cashier,47.33,8,5.92,8,5.92,8,5.92,1.0,1.0
,,,11,09:30 - 09:44,Cashier,70.73,11,6.43,11,6.43,11,6.43,1.0,1.0
,,,11,09:45 - 09:59,Cashier,9.35,2,4.67,2,4.67,2,4.67,1.0,1.0
,,,11,10:00 - 10:14,Cashier,34.44,5,6.89,5,6.89,5,6.89,1.0,1.0
,,,11,10:15 - 10:29,Cashier,83.56,13,6.43,13,6.43,13,6.43,1.0,1.0
,,,11,10:30 - 10:44,Cashier,111.89,14,7.99,14,7.99,14,7.99,1.0,1.0
,,,11,10:45 - 10:59,Cashier,67.31,11,6.12,11,6.12,11,6.12,1.0,1.0
,,,11,11:00 - 11:14,Cashier,69.21,12,5.77,12,5.77,12,5.77,1.0,1.0
,,,11,11:15 - 11:29,Cashier,69.8,10,6.98,10,6.98,10,6.98,1.0,1.0
,,,11,11:30 - 11:44,Cashier,63.92,11,5.81,11,5.81,11,5.81,1.0,1.0
,,,11,11:45 - 11:59,Cashier,36.03,6,6.0,6,6.0,6,6.0,1.0,1.0
,,,11,12:00 - 12:14,Cashier,55.06,9,6.12,9,6.12,9,6.12,1.0,1.0
,,,11,12:15 - 12:29,Cashier,138.27,17,8.13,17,8.13,17,8.13,1.0,1.0
,,,11,12:30 - 12:44,Cashier,50.57,10,5.06,10,5.06,10,5.06,1.0,1.0
,,,11,12:45 - 12:59,Cashier,25.17,5,5.03,5,5.03,5,5.03,1.0,1.0
,,,11,13:00 - 13:14,Cashier,13.39,2,6.7,2,6.7,2,6.7,1.0,1.0
,,,11,13:15 - 13:29,Cashier,71.39,13,5.49,13,5.49,13,5.49,1.0,1.0
,,,11,13:30 - 13:44,Cashier,73.12,12,6.09,12,6.09,12,6.09,1.0,1.0
,,,11,13:45 - 13:59,Cashier,31.05,5,6.21,5,6.21,5,6.21,1.0,1.0
,,,11,14:00 - 14:14,Cashier,22.04,4,5.51,4,5.51,4,5.51,1.0,1.0
,,,11,14:15 - 14:29,Cashier,45.85,7,6.55,7,6.55,7,6.55,1.0,1.0
,,,11,14:30 - 14:44,Cashier,51.58,9,5.73,9,5.73,9,5.73,1.0,1.0
,,,11,14:45 - 14:59,Cashier,9.6,2,4.8,2,4.8,2,4.8,1.0,1.0
,,,11,15:15 - 15:29,Cashier,23.3,4,5.83,4,5.83,4,5.83,1.0,1.0
,,,11,15:30 - 15:44,Cashier,8.7,2,4.35,2,4.35,2,4.35,1.0,1.0
,,,11,15:45 - 15:59,Cashier,16.33,5,3.27,5,3.27,5,3.27,1.0,1.0
,,,11,---,---,1428.95,233,6.13,233,6.13,233,6.13,1.0,1.0
,,,14,07:30 - 07:44,Cashier,2.95,1,2.95,1,2.95,1,2.95,1.0,1.0
,,,14,08:00 - 08:14,Cashier,2.95,1,2.95,1,2.95,1,2.95,1.0,1.0
,,,14,09:15 - 09:29,Cashier,13.34,2,6.67,2,6.67,2,6.67,1.0,1.0
,,,14,09:30 - 09:44,Cashier,71.16,11,6.47,11,6.47,11,6.47,1.0,1.0
,,,14,09:45 - 09:59,Cashier,7.9,2,3.95,2,3.95,2,3.95,1.0,1.0
,,,14,10:00 - 10:14,Cashier,39.78,4,9.95,4,9.95,4,9.95,1.0,1.0
,,,14,10:15 - 10:29,Cashier,25.14,5,5.03,5,5.03,5,5.03,1.0,1.0
,,,14,10:30 - 10:44,Cashier,26.18,6,4.36,6,4.36,6,4.36,1.0,1.0
,,,14,10:45 - 10:59,Cashier,16.19,4,4.05,4,4.05,4,4.05,1.0,1.0
,,,14,11:00 - 11:14,Cashier,10.05,2,5.03,2,5.03,2,5.03,1.0,1.0
,,,14,11:15 - 11:29,Cashier,30.81,6,5.13,6,5.13,6,5.13,1.0,1.0
,,,14,11:30 - 11:44,Cashier,43.09,5,8.62,5,8.62,5,8.62,1.0,1.0
,,,14,11:45 - 11:59,Cashier,30.77,5,6.15,5,6.15,5,6.15,1.0,1.0
,,,14,12:00 - 12:14,Cashier,34.56,4,8.64,4,8.64,4,8.64,1.0,1.0
,,,14,12:15 - 12:29,Cashier,15.89,2,7.95,2,7.95,2,7.95,1.0,1.0
,,,14,12:30 - 12:44,Cashier,24.9,3,8.3,3,8.3,3,8.3,1.0,1.0
,,,14,13:00 - 13:14,Cashier,23.68,6,3.95,6,3.95,6,3.95,1.0,1.0
,,,14,13:15 - 13:29,Cashier,67.7,10,6.77,10,6.77,10,6.77,1.0,1.0
,,,14,13:30 - 13:44,Cashier,34.11,7,4.87,7,4.87,7,4.87,1.0,1.0
,,,14,13:45 - 13:59,Cashier,19.39,4,4.85,4,4.85,4,4.85,1.0,1.0
,,,14,14:00 - 14:14,Cashier,18.57,3,6.19,3,6.19,3,6.19,1.0,1.0
,,,14,14:15 - 14:29,Cashier,11.2,3,3.73,3,3.73,3,3.73,1.0,1.0
,,,14,14:30 - 14:44,Cashier,16.8,3,5.6,3,5.6,3,5.6,1.0,1.0
,,,14,14:45 - 14:59,Cashier,50.88,7,7.27,7,7.27,7,7.27,1.0,1.0
,,,14,15:00 - 15:14,Cashier,8.79,2,4.39,2,4.39,2,4.39,1.0,1.0
,,,14,15:15 - 15:29,Cashier,8.34,1,8.34,1,8.34,1,8.34,1.0,1.0
,,,14,15:30 - 15:44,Cashier,10.85,2,5.42,2,5.42,2,5.42,1.0,1.0
,,,14,15:45 - 15:59,Cashier,40.56,8,5.07,8,5.07,8,5.07,1.0,1.0
,,,14,16:00 - 16:14,Cashier,23.68,3,7.89,3,7.89,3,7.89,1.0,1.0
,,,14,16:15 - 16:29,Cashier,27.85,4,6.96,4,6.96,4,6.96,1.0,1.0
,,,14,16:30 - 16:44,Cashier,12.39,3,4.13,3,4.13,3,4.13,1.0,1.0
,,,14,16:45 - 16:59,Cashier,28.79,5,5.76,5,5.76,5,5.76,1.0,1.0
,,,14,17:15 - 17:29,Cashier,16.6,2,8.3,2,8.3,2,8.3,1.0,1.0
,,,14,---,---,815.84,136,6.0,136,6.0,136,6.0,1.0,1.0
,,,15,07:45 - 07:59,Cashier,10.14,1,10.14,1,10.14,1,10.14,1.0,1.0
,,,15,08:30 - 08:44,Cashier,4.38,1,4.38,1,4.38,1,4.38,1.0,1.0
,,,15,08:45 - 08:59,Cashier,31.29,4,7.82,4,7.82,4,7.82,1.0,1.0
,,,15,09:00 - 09:14,Cashier,2.49,1,2.49,1,2.49,1,2.49,1.0,1.0
,,,15,09:15 - 09:29,Cashier,24.09,4,6.02,4,6.02,4,6.02,1.0,1.0
,,,15,09:30 - 09:44,Cashier,12.3,2,6.15,2,6.15,2,6.15,1.0,1.0
,,,15,09:45 - 09:59,Cashier,49.05,7,7.01,7,7.01,7,7.01,1.0,1.0
,,,15,10:00 - 10:14,Cashier,32.77,5,6.55,5,6.55,5,6.55,1.0,1.0
,,,15,10:15 - 10:29,Cashier,42.88,7,6.13,7,6.13,7,6.13,1.0,1.0
,,,15,10:30 - 10:44,Cashier,18.88,3,6.29,3,6.29,3,6.29,1.0,1.0
,,,15,10:45 - 10:59,Cashier,5.25,1,5.25,1,5.25,1,5.25,1.0,1.0
,,,15,11:00 - 11:14,Cashier,23.12,3,7.71,3,7.71,3,7.71,1.0,1.0
,,,15,11:15 - 11:29,Cashier,43.28,7,6.18,7,6.18,7,6.18,1.0,1.0
,,,15,11:30 - 11:44,Cashier,28.85,4,7.21,4,7.21,4,7.21,1.0,1.0
,,,15,11:45 - 11:59,Cashier,14.75,3,4.92,3,4.92,3,4.92,1.0,1.0
,,,15,12:00 - 12:14,Cashier,18.9,3,6.3,3,6.3,3,6.3,1.0,1.0
,,,15,12:15 - 12:29,Cashier,48.18,6,8.03,6,8.03,6,8.03,1.0,1.0
,,,15,12:30 - 12:44,Cashier,21.17,6,3.53,6,3.53,6,3.53,1.0,1.0
,,,15,12:45 - 12:59,Cashier,25.07,3,8.36,3,8.36,3,8.36,1.0,1.0
,,,15,13:00 - 13:14,Cashier,28.89,7,4.13,7,4.13,7,4.13,1.0,1.0
,,,15,13:15 - 13:29,Cashier,47.91,6,7.99,6,7.99,6,7.99,1.0,1.0
,,,15,13:30 - 13:44,Cashier,49.51,6,8.25,6,8.25,6,8.25,1.0,1.0
,,,15,13:45 - 13:59,Cashier,47.04,8,5.88,8,5.88,8,5.88,1.0,1.0
,,,15,14:00 - 14:14,Cashier,48.08,7,6.87,7,6.87,7,6.87,1.0,1.0
,,,15,14:15 - 14:29,Cashier,48.31,6,8.05,6,8.05,6,8.05,1.0,1.0
,,,15,14:30 - 14:44,Cashier,37.16,6,6.19,6,6.19,6,6.19,1.0,1.0
,,,15,14:45 - 14:59,Cashier,48.4,9,5.38,9,5.38,9,5.38,1.0,1.0
,,,15,15:00 - 15:14,Cashier,17.69,4,4.42,4,4.42,4,4.42,1.0,1.0
,,,15,15:15 - 15:29,Cashier,22.55,3,7.52,3,7.52,3,7.52,1.0,1.0
,,,15,15:30 - 15:44,Cashier,65.07,8,8.13,8,8.13,8,8.13,1.0,1.0
,,,15,15:45 - 15:59,Cashier,4.45,1,4.45,1,4.45,1,4.45,1.0,1.0
,,,15,16:00 - 16:14,Cashier,41.99,5,8.4,5,8.4,5,8.4,1.0,1.0
,,,15,16:15 - 16:29,Cashier,22.94,5,4.59,5,4.59,5,4.59,1.0,1.0
,,,15,16:30 - 16:44,Cashier,27.5,2,13.75,2,13.75,2,13.75,1.0,1.0
,,,15,16:45 - 16:59,Cashier,11.15,3,3.72,3,3.72,3,3.72,1.0,1.0
,,,15,17:00 - 17:14,Cashier,9.8,2,4.9,2,4.9,2,4.9,1.0,1.0
,,,15,17:15 - 17:29,Cashier,10.75,2,5.38,2,5.38,2,5.38,1.0,1.0
,,,15,---,---,1046.03,161,6.5,161,6.5,161,6.5,1.0,1.0
,,,16,08:00 - 08:14,Cashier,4.35,1,4.35,1,4.35,1,4.35,1.0,1.0
,,,16,08:15 - 08:29,Cashier,8.9,2,4.45,2,4.45,2,4.45,1.0,1.0
,,,16,08:30 - 08:44,Cashier,13.89,1,13.89,1,13.89,1,13.89,1.0,1.0
,,,16,08:45 - 08:59,Cashier,4.45,1,4.45,1,4.45,1,4.45,1.0,1.0
,,,16,09:00 - 09:14,Cashier,14.88,2,7.44,2,7.44,2,7.44,1.0,1.0
,,,16,09:15 - 09:29,Cashier,10.95,1,10.95,1,10.95,1,10.95,1.0,1.0
,,,16,09:30 - 09:44,Cashier,15.25,3,5.08,3,5.08,3,5.08,1.0,1.0
,,,16,09:45 - 09:59,Cashier,20.62,5,4.12,5,4.12,5,4.12,1.0,1.0
,,,16,10:00 - 10:14,Cashier,41.02,7,5.86,7,5.86,7,5.86,1.0,1.0
,,,16,10:15 - 10:29,Cashier,22.19,5,4.44,5,4.44,5,4.44,1.0,1.0
,,,16,10:30 - 10:44,Cashier,18.35,4,4.59,4,4.59,4,4.59,1.0,1.0
,,,16,10:45 - 10:59,Cashier,3.29,1,3.29,1,3.29,1,3.29,1.0,1.0
,,,16,11:00 - 11:14,Cashier,28.1,3,9.37,3,9.37,3,9.37,1.0,1.0
,,,16,11:15 - 11:29,Cashier,27.5,4,6.88,4,6.88,4,6.88,1.0,1.0
,,,16,11:30 - 11:44,Cashier,20.84,3,6.95,3,6.95,3,6.95,1.0,1.0
,,,16,11:45 - 11:59,Cashier,27.72,6,4.62,6,4.62,6,4.62,1.0,1.0
,,,16,12:00 - 12:14,Cashier,20.42,5,4.08,5,4.08,5,4.08,1.0,1.0
,,,16,12:15 - 12:29,Cashier,23.73,4,5.93,4,5.93,4,5.93,1.0,1.0
,,,16,12:30 - 12:44,Cashier,11.2,2,5.6,2,5.6,2,5.6,1.0,1.0
,,,16,12:45 - 12:59,Cashier,24.54,3,8.18,3,8.18,3,8.18,1.0,1.0
,,,16,13:00 - 13:14,Cashier,10.0,2,5.0,2,5.0,2,5.0,1.0,1.0
,,,16,13:15 - 13:29,Cashier,49.24,8,6.16,8,6.16,8,6.16,1.0,1.0
,,,16,13:30 - 13:44,Cashier,52.19,10,5.22,10,5.22,10,5.22,1.0,1.0
,,,16,13:45 - 13:59,Cashier,13.39,2,6.7,2,6.7,2,6.7,1.0,1.0
,,,16,14:00 - 14:14,Cashier,40.14,5,8.03,5,8.03,5,8.03,1.0,1.0
,,,16,14:15 - 14:29,Cashier,42.7,7,6.1,7,6.1,7,6.1,1.0,1.0
,,,16,14:30 - 14:44,Cashier,6.34,2,3.17,2,3.17,2,3.17,1.0,1.0
,,,16,14:45 - 14:59,Cashier,20.45,4,5.11,4,5.11,4,5.11,1.0,1.0
,,,16,15:15 - 15:29,Cashier,21.29,5,4.26,5,4.26,5,4.26,1.0,1.0
,,,16,15:30 - 15:44,Cashier,29.55,4,7.39,4,7.39,4,7.39,1.0,1.0
,,,16,15:45 - 15:59,Cashier,26.95,6,4.49,6,4.49,6,4.49,1.0,1.0
,,,16,16:00 - 16:14,Cashier,13.25,2,6.63,2,6.63,2,6.63,1.0,1.0
,,,16,16:15 - 16:29,Cashier,4.99,1,4.99,1,4.99,1,4.99,1.0,1.0
,,,16,16:30 - 16:44,Cashier,19.39,4,4.85,4,4.85,4,4.85,1.0,1.0
,,,16,16:45 - 16:59,Cashier,15.3,3,5.1,3,5.1,3,5.1,1.0,1.0
,,,16,17:15 - 17:29,Cashier,14.69,2,7.34,2,7.34,2,7.34,1.0,1.0
,,,16,17:30 - 17:44,Cashier,7.38,1,7.38,1,7.38,1,7.38,1.0,1.0
,,,16,---,---,749.43,131,5.72,131,5.72,131,5.72,1.0,1.0
,,,28,07:45 - 07:59,Cashier,31.93,6,5.32,6,5.32,6,5.32,1.0,1.0
,,,28,08:00 - 08:14,Cashier,16.15,2,8.07,2,8.07,2,8.07,1.0,1.0
,,,28,08:15 - 08:29,Cashier,36.77,6,6.13,6,6.13,6,6.13,1.0,1.0
,,,28,08:30 - 08:44,Cashier,13.7,2,6.85,2,6.85,2,6.85,1.0,1.0
,,,28,08:45 - 08:59,Cashier,13.24,2,6.62,2,6.62,2,6.62,1.0,1.0
,,,28,09:00 - 09:14,Cashier,36.46,4,9.12,4,9.12,4,9.12,1.0,1.0
,,,28,09:15 - 09:29,Cashier,78.98,11,7.18,11,7.18,11,7.18,1.0,1.0
,,,28,09:30 - 09:44,Cashier,116.07,18,6.45,18,6.45,18,6.45,1.0,1.0
,,,28,09:45 - 09:59,Cashier,104.67,16,6.54,16,6.54,16,6.54,1.0,1.0
,,,28,10:00 - 10:14,Cashier,73.3,13,5.64,13,5.64,13,5.64,1.0,1.0
,,,28,10:15 - 10:29,Cashier,86.72,15,5.78,15,5.78,15,5.78,1.0,1.0
,,,28,10:30 - 10:44,Cashier,107.54,21,5.12,21,5.12,21,5.12,1.0,1.0
,,,28,10:45 - 10:59,Cashier,94.57,15,6.3,15,6.3,15,6.3,1.0,1.0
,,,28,11:00 - 11:14,Cashier,71.18,13,5.48,13,5.48,13,5.48,1.0,1.0
,,,28,11:15 - 11:29,Cashier,108.04,17,6.36,17,6.36,17,6.36,1.0,1.0
,,,28,11:30 - 11:44,Cashier,129.03,19,6.79,19,6.79,19,6.79,1.0,1.0
,,,28,11:45 - 11:59,Cashier,63.35,11,5.76,11,5.76,11,5.76,1.0,1.0
,,,28,12:00 - 12:14,Cashier,90.83,14,6.49,14,6.49,14,6.49,1.0,1.0
,,,28,12:15 - 12:29,Cashier,72.28,12,6.02,12,6.02,12,6.02,1.0,1.0
,,,28,12:30 - 12:44,Cashier,76.06,13,5.85,13,5.85,13,5.85,1.0,1.0
,,,28,12:45 - 12:59,Cashier,118.59,23,5.16,23,5.16,23,5.16,1.0,1.0
,,,28,13:00 - 13:14,Cashier,61.87,13,4.76,13,4.76,13,4.76,1.0,1.0
,,,28,13:15 - 13:29,Cashier,93.65,15,6.24,15,6.24,15,6.24,1.0,1.0
,,,28,13:30 - 13:44,Cashier,76.05,16,4.75,16,4.75,16,4.75,1.0,1.0
,,,28,13:45 - 13:59,Cashier,44.0,8,5.5,8,5.5,8,5.5,1.0,1.0
,,,28,14:00 - 14:14,Cashier,40.35,9,4.48,9,4.48,9,4.48,1.0,1.0
,,,28,14:15 - 14:29,Cashier,87.62,16,5.48,16,5.48,16,5.48,1.0,1.0
,,,28,14:30 - 14:44,Cashier,79.39,11,7.22,11,7.22,11,7.22,1.0,1.0
,,,28,14:45 - 14:59,Cashier,70.27,14,5.02,14,5.02,14,5.02,1.0,1.0
,,,28,15:00 - 15:14,Cashier,33.74,6,5.62,6,5.62,6,5.62,1.0,1.0
,,,28,15:15 - 15:29,Cashier,29.05,5,5.81,5,5.81,5,5.81,1.0,1.0
,,,28,15:30 - 15:44,Cashier,56.55,8,7.07,8,7.07,8,7.07,1.0,1.0
,,,28,15:45 - 15:59,Cashier,20.03,4,5.01,4,5.01,4,5.01,1.0,1.0
,,,28,16:00 - 16:14,Cashier,14.75,3,4.92,2,7.38,3,4.92,0.67,0.67
,,,28,16:30 - 16:44,Cashier,33.7,8,4.21,8,4.21,8,4.21,1.0,1.0
,,,28,16:45 - 16:59,Cashier,10.2,2,5.1,2,5.1,2,5.1,1.0,1.0
,,,28,17:00 - 17:14,Cashier,3.25,1,3.25,1,3.25,1,3.25,1.0,1.0
,,,28,---,---,2293.93,392,5.85,391,5.87,392,5.85,1.0,1.0
,,,29,07:45 - 07:59,Cashier,28.39,5,5.68,5,5.68,5,5.68,1.0,1.0
,,,29,08:00 - 08:14,Cashier,22.44,6,3.74,6,3.74,6,3.74,1.0,1.0
,,,29,08:15 - 08:29,Cashier,24.74,5,4.95,5,4.95,5,4.95,1.0,1.0
,,,29,08:30 - 08:44,Cashier,31.57,6,5.26,6,5.26,6,5.26,1.0,1.0
,,,29,08:45 - 08:59,Cashier,19.68,5,3.94,5,3.94,5,3.94,1.0,1.0
,,,29,09:00 - 09:14,Cashier,27.1,5,5.42,5,5.42,5,5.42,1.0,1.0
,,,29,09:15 - 09:29,Cashier,66.31,12,5.53,12,5.53,12,5.53,1.0,1.0
,,,29,09:30 - 09:44,Cashier,46.18,10,4.62,10,4.62,10,4.62,1.0,1.0
,,,29,09:45 - 09:59,Cashier,64.69,13,4.98,13,4.98,13,4.98,1.0,1.0
,,,29,10:00 - 10:14,Cashier,99.91,16,6.24,16,6.24,16,6.24,1.0,1.0
,,,29,10:15 - 10:29,Cashier,95.36,16,5.96,16,5.96,16,5.96,1.0,1.0
,,,29,10:30 - 10:44,Cashier,110.65,14,7.9,14,7.9,14,7.9,1.0,1.0
,,,29,10:45 - 10:59,Cashier,62.83,12,5.24,12,5.24,12,5.24,1.0,1.0
,,,29,11:00 - 11:14,Cashier,107.57,17,6.33,17,6.33,17,6.33,1.0,1.0
,,,29,11:15 - 11:29,Cashier,130.01,17,7.65,17,7.65,17,7.65,1.0,1.0
,,,29,11:30 - 11:44,Cashier,81.84,11,7.44,11,7.44,11,7.44,1.0,1.0
,,,29,11:45 - 11:59,Cashier,64.3,10,6.43,10,6.43,10,6.43,1.0,1.0
,,,29,12:00 - 12:14,Cashier,84.52,11,7.68,11,7.68,11,7.68,1.0,1.0
,,,29,12:15 - 12:29,Cashier,96.9,16,6.06,16,6.06,16,6.06,1.0,1.0
,,,29,12:30 - 12:44,Cashier,33.78,7,4.83,7,4.83,7,4.83,1.0,1.0
,,,29,12:45 - 12:59,Cashier,61.1,10,6.11,10,6.11,10,6.11,1.0,1.0
,,,29,13:00 - 13:14,Cashier,90.21,13,6.94,13,6.94,13,6.94,1.0,1.0
,,,29,13:15 - 13:29,Cashier,74.32,12,6.19,12,6.19,12,6.19,1.0,1.0
,,,29,13:30 - 13:44,Cashier,122.37,23,5.32,23,5.32,23,5.32,1.0,1.0
,,,29,13:45 - 13:59,Cashier,45.08,9,5.01,9,5.01,9,5.01,1.0,1.0
,,,29,14:00 - 14:14,Cashier,65.26,10,6.53,10,6.53,10,6.53,1.0,1.0
,,,29,14:15 - 14:29,Cashier,99.79,17,5.87,17,5.87,17,5.87,1.0,1.0
,,,29,14:30 - 14:44,Cashier,21.39,4,5.35,4,5.35,4,5.35,1.0,1.0
,,,29,14:45 - 14:59,Cashier,35.4,6,5.9,6,5.9,6,5.9,1.0,1.0
,,,29,15:00 - 15:14,Cashier,27.63,6,4.61,6,4.61,6,4.61,1.0,1.0
,,,29,15:15 - 15:29,Cashier,33.83,7,4.83,7,4.83,7,4.83,1.0,1.0
,,,29,15:30 - 15:44,Cashier,32.99,8,4.12,8,4.12,8,4.12,1.0,1.0
,,,29,15:45 - 15:59,Cashier,49.56,10,4.96,10,4.96,10,4.96,1.0,1.0
,,,29,16:00 - 16:14,Cashier,22.45,5,4.49,5,4.49,5,4.49,1.0,1.0
,,,29,16:15 - 16:29,Cashier,4.45,1,4.45,1,4.45,1,4.45,1.0,1.0
,,,29,16:30 - 16:44,Cashier,34.68,7,4.95,7,4.95,7,4.95,1.0,1.0
,,,29,16:45 - 16:59,Cashier,4.95,1,4.95,1,4.95,1,4.95,1.0,1.0
,,,29,17:00 - 17:14,Cashier,19.64,3,6.55,3,6.55,3,6.55,1.0,1.0
,,,29,17:15 - 17:29,Cashier,11.4,1,11.4,1,11.4,1,11.4,1.0,1.0
,,,29,---,---,2155.27,367,5.87,367,5.87,367,5.87,1.0,1.0
,,,30,07:45 - 07:59,Cashier,11.6,2,5.8,2,5.8,2,5.8,1.0,1.0
,,,30,08:00 - 08:14,Cashier,37.09,7,5.3,7,5.3,7,5.3,1.0,1.0
,,,30,08:15 - 08:29,Cashier,42.73,9,4.75,9,4.75,9,4.75,1.0,1.0
,,,30,08:30 - 08:44,Cashier,26.35,3,8.78,3,8.78,3,8.78,1.0,1.0
,,,30,08:45 - 08:59,Cashier,26.13,4,6.53,4,6.53,4,6.53,1.0,1.0
,,,30,09:00 - 09:14,Cashier,28.82,4,7.21,4,7.21,4,7.21,1.0,1.0
,,,30,09:15 - 09:29,Cashier,90.03,15,6.0,15,6.0,15,6.0,1.0,1.0
,,,30,09:30 - 09:44,Cashier,76.73,12,6.39,12,6.39,12,6.39,1.0,1.0
,,,30,09:45 - 09:59,Cashier,93.73,18,5.21,18,5.21,18,5.21,1.0,1.0
,,,30,10:00 - 10:14,Cashier,49.63,11,4.51,11,4.51,11,4.51,1.0,1.0
,,,30,10:15 - 10:29,Cashier,100.5,13,7.73,13,7.73,13,7.73,1.0,1.0
,,,30,10:30 - 10:44,Cashier,155.18,18,8.62,18,8.62,18,8.62,1.0,1.0
,,,30,10:45 - 10:59,Cashier,97.34,14,6.95,14,6.95,14,6.95,1.0,1.0
,,,30,11:00 - 11:14,Cashier,79.02,14,5.64,14,5.64,14,5.64,1.0,1.0
,,,30,11:15 - 11:29,Cashier,126.35,23,5.49,23,5.49,23,5.49,1.0,1.0
,,,30,11:30 - 11:44,Cashier,120.85,19,6.36,19,6.36,19,6.36,1.0,1.0
,,,30,11:45 - 11:59,Cashier,48.41,10,4.84,10,4.84,10,4.84,1.0,1.0
,,,30,12:00 - 12:14,Cashier,66.22,12,5.52,12,5.52,12,5.52,1.0,1.0
,,,30,12:15 - 12:29,Cashier,112.53,18,6.25,18,6.25,18,6.25,1.0,1.0
,,,30,12:30 - 12:44,Cashier,97.3,14,6.95,14,6.95,14,6.95,1.0,1.0
,,,30,12:45 - 12:59,Cashier,80.72,17,4.75,17,4.75,17,4.75,1.0,1.0
,,,30,13:00 - 13:14,Cashier,85.66,14,6.12,14,6.12,14,6.12,1.0,1.0
,,,30,13:15 - 13:29,Cashier,88.42,19,4.65,19,4.65,19,4.65,1.0,1.0
,,,30,13:30 - 13:44,Cashier,94.79,15,6.32,15,6.32,15,6.32,1.0,1.0
,,,30,13:45 - 13:59,Cashier,40.54,9,4.5,9,4.5,9,4.5,1.0,1.0
,,,30,14:00 - 14:14,Cashier,81.24,14,5.8,14,5.8,14,5.8,1.0,1.0
,,,30,14:15 - 14:29,Cashier,93.97,14,6.71,14,6.71,14,6.71,1.0,1.0
,,,30,14:30 - 14:44,Cashier,73.32,14,5.24,14,5.24,14,5.24,1.0,1.0
,,,30,14:45 - 14:59,Cashier,42.84,8,5.36,8,5.36,8,5.36,1.0,1.0
,,,30,15:00 - 15:14,Cashier,27.24,6,4.54,6,4.54,6,4.54,1.0,1.0
,,,30,15:15 - 15:29,Cashier,30.04,6,5.01,6,5.01,6,5.01,1.0,1.0
,,,30,15:30 - 15:44,Cashier,38.02,8,4.75,8,4.75,8,4.75,1.0,1.0
,,,30,15:45 - 15:59,Cashier,33.54,6,5.59,6,5.59,6,5.59,1.0,1.0
,,,30,16:00 - 16:14,Cashier,43.49,12,3.62,12,3.62,12,3.62,1.0,1.0
,,,30,16:30 - 16:44,Cashier,11.02,3,3.67,3,3.67,3,3.67,1.0,1.0
,,,30,16:45 - 16:59,Cashier,12.79,2,6.39,2,6.39,2,6.39,1.0,1.0
,,,30,17:00 - 17:14,Cashier,8.6,2,4.3,2,4.3,2,4.3,1.0,1.0
,,,30,---,---,2372.78,409,5.8,409,5.8,409,5.8,1.0,1.0
,,,31,07:30 - 07:44,Cashier,7.45,1,7.45,1,7.45,1,7.45,1.0,1.0
,,,31,07:45 - 07:59,Cashier,7.74,2,3.87,2,3.87,2,3.87,1.0,1.0
,,,31,08:00 - 08:14,Cashier,10.79,3,3.6,3,3.6,3,3.6,1.0,1.0
,,,31,08:15 - 08:29,Cashier,47.52,10,4.75,10,4.75,10,4.75,1.0,1.0
,,,31,08:30 - 08:44,Cashier,25.98,5,5.2,5,5.2,5,5.2,1.0,1.0
,,,31,08:45 - 08:59,Cashier,19.09,3,6.36,3,6.36,3,6.36,1.0,1.0
,,,31,09:00 - 09:14,Cashier,67.23,14,4.8,14,4.8,14,4.8,1.0,1.0
,,,31,09:15 - 09:29,Cashier,112.48,21,5.36,21,5.36,21,5.36,1.0,1.0
,,,31,09:30 - 09:44,Cashier,61.0,9,6.78,9,6.78,9,6.78,1.0,1.0
,,,31,09:45 - 09:59,Cashier,29.98,6,5.0,6,5.0,6,5.0,1.0,1.0
,,,31,10:00 - 10:14,Cashier,83.06,13,6.39,13,6.39,13,6.39,1.0,1.0
,,,31,10:15 - 10:29,Cashier,91.19,13,7.01,13,7.01,13,7.01,1.0,1.0
,,,31,10:30 - 10:44,Cashier,132.05,19,6.95,19,6.95,19,6.95,1.0,1.0
,,,31,10:45 - 10:59,Cashier,71.9,9,7.99,9,7.99,9,7.99,1.0,1.0
,,,31,11:00 - 11:14,Cashier,56.94,9,6.33,9,6.33,9,6.33,1.0,1.0
,,,31,11:15 - 11:29,Cashier,113.7,16,7.11,16,7.11,16,7.11,1.0,1.0
,,,31,11:30 - 11:44,Cashier,120.97,17,7.12,17,7.12,17,7.12,1.0,1.0
,,,31,11:45 - 11:59,Cashier,50.73,8,6.34,8,6.34,8,6.34,1.0,1.0
,,,31,12:00 - 12:14,Cashier,75.93,12,6.33,12,6.33,12,6.33,1.0,1.0
,,,31,12:15 - 12:29,Cashier,121.77,20,6.09,20,6.09,20,6.09,1.0,1.0
,,,31,12:30 - 12:44,Cashier,64.52,13,4.96,13,4.96,13,4.96,1.0,1.0
,,,31,12:45 - 12:59,Cashier,83.52,17,4.91,17,4.91,17,4.91,1.0,1.0
,,,31,13:00 - 13:14,Cashier,94.32,19,4.96,19,4.96,19,4.96,1.0,1.0
,,,31,13:15 - 13:29,Cashier,53.88,9,5.99,9,5.99,9,5.99,1.0,1.0
,,,31,13:30 - 13:44,Cashier,19.78,5,3.96,5,3.96,5,3.96,1.0,1.0
,,,31,13:45 - 13:59,Cashier,21.58,5,4.32,5,4.32,5,4.32,1.0,1.0
,,,31,14:00 - 14:14,Cashier,44.98,7,6.43,7,6.43,7,6.43,1.0,1.0
,,,31,14:15 - 14:29,Cashier,59.87,14,4.28,14,4.28,14,4.28,1.0,1.0
,,,31,14:30 - 14:44,Cashier,66.63,12,5.55,12,5.55,12,5.55,1.0,1.0
,,,31,14:45 - 14:59,Cashier,19.74,5,3.95,5,3.95,5,3.95,1.0,1.0
,,,31,15:00 - 15:14,Cashier,51.84,10,5.18,10,5.18,10,5.18,1.0,1.0
,,,31,15:15 - 15:29,Cashier,31.64,7,4.52,7,4.52,7,4.52,1.0,1.0
,,,31,15:30 - 15:44,Cashier,42.24,10,4.22,10,4.22,10,4.22,1.0,1.0
,,,31,15:45 - 15:59,Cashier,14.44,3,4.81,3,4.81,3,4.81,1.0,1.0
,,,31,16:00 - 16:14,Cashier,37.93,9,4.21,9,4.21,9,4.21,1.0,1.0
,,,31,16:15 - 16:29,Cashier,59.83,12,4.99,12,4.99,12,4.99,1.0,1.0
,,,31,16:30 - 16:44,Cashier,26.09,5,5.22,5,5.22,5,5.22,1.0,1.0
,,,31,16:45 - 16:59,Cashier,44.03,7,6.29,7,6.29,7,6.29,1.0,1.0
,,,31,17:00 - 17:14,Cashier,23.25,5,4.65,5,4.65,5,4.65,1.0,1.0
,,,31,17:15 - 17:29,Cashier,10.35,2,5.17,2,5.17,2,5.17,1.0,1.0
,,,31,---,---,2177.96,386,5.64,386,5.64,386,5.64,1.0,1.0
,,3,---,---,---,27444.71,4615,5.95,4613,5.95,4615,5.95,1.0,1.0
,2022,---,---,---,---,60286.84,10008,6.02,10004,6.03,10008,6.02,1.0,1.0
UW Dining,---,---,---,---,---,60286.84,10008,6.02,10004,6.03,10008,6.02,1.0,1.0
Grand Total,---,---,---,---,---,60286.84,10008,6.02,10004,6.03,10008,6.02,1.0,1.0
